parent_code,product_id,product_tmpl_id,product_name,status,active_bom_count,all_bom_count,bom_detail
SO-PSS-UP-01001,8184,8184,น้ำยา PS Inhaler,BOM_EXISTS,1,1,BOM 2970 | code= | template | type=normal | qty=1.00 | lines=4 | operations=0 | active=true
SO-PSS-LO-01001,8185,8185,น้ำยา PS Solution,BOM_EXISTS,1,1,BOM 2971 | code= | template | type=normal | qty=1.00 | lines=4 | operations=0 | active=true
FG-PSS-TH-01001,8223,8223,ยาดมโป๊ยเซียน (1x6) แผง,BOM_EXISTS,1,1,BOM 2980 | code= | template | type=normal | qty=200.000000 | lines=3 | operations=1 | active=true
FG-PSS-TH-01002,8215,8215,Poy-Sian Brand Mark II Inhaler  (Thai Label) 10*6 (5dz)( Each carton contains 20 units ),BOM_EXISTS,1,1,BOM 2981 | code=BOM-024 | template | type=normal | qty=1.00 | lines=3 | operations=1 | active=true
FG-PSS-TH-01003,8216,8216,ยาดมโป๊ยเซียน (2x6) 70โหล ลังยาว,BOM_EXISTS,1,1,BOM 2991 | code= | template | type=normal | qty=1.00 | lines=3 | operations=1 | active=true
FG-PSS-TH-01004,8217,8217,ยาดมโป๊ยเซียน (4x6) 100โหล 7-11,BOM_EXISTS,1,1,BOM 2989 | code=BOM-028 | template | type=normal | qty=1.00 | lines=3 | operations=1 | active=true
FG-PSS-TH-01005,8224,8224,"Poy-Sian Brand Mark II Inhaler  (Thai Label) 10*6 (5dz)
( Each carton contains 16 units )",BOM_EXISTS,1,1,BOM 2982 | code= | template | type=normal | qty=1.00 | lines=3 | operations=1 | active=true
FG-PSS-TH-01006,8230,8230,ยาดมโป๊ยเซียน (4x6) 100โหล KP,BOM_EXISTS,1,1,BOM 2990 | code= | template | type=normal | qty=1.00 | lines=3 | operations=1 | active=true
FG-PSS-TH-01006,8379,8379,ยาดมโป๊ยเซียน (1*1) หลอดเดี่ยว,BOM_EXISTS,1,1,BOM 4066 | code= | template | type=normal | qty=6.000000 | lines=1 | operations=0 | active=true
FG-PSS-TH-01007,8214,8214,ยาดมโป๊ยเซียน (10x6) 50+20โหล,BOM_EXISTS,1,1,BOM 2983 | code=BOM-025 | template | type=normal | qty=1.00 | lines=3 | operations=1 | active=true
FG-PSS-TH-01008,8213,8213,ยาดมโป๊ยเซียน (10x6) 14กล่อง,BOM_EXISTS,1,1,BOM 2985 | code=BOM-026 | template | type=normal | qty=1.00 | lines=3 | operations=1 | active=true
FG-PSS-TH-01009,,,,PRODUCT_NOT_FOUND,0,0,
FG-PSS-TH-01010,,,,PRODUCT_NOT_FOUND,0,0,
FG-PSS-TH-02001,8591,8591,ยาดมโป๊ยเซียนกล่อง 5 โหล ,BOM_EXISTS,1,1,BOM 2979 | code= | template | type=normal | qty=1.00 | lines=3 | operations=2 | active=true
FG-PSS-TH-02002,8592,8592,ยาดมโป๊ยเซียนกล่อง 2 โหล ไม่หุ้ม,BOM_EXISTS,1,1,BOM 2986 | code=BOM-027 | template | type=normal | qty=1.00 | lines=2 | operations=2 | active=true
FG-PSS-TH-02003,8593,8593,ยาดมโป๊ยเซียนกล่อง 2 โหล หุ้ม,BOM_EXISTS,1,1,BOM 2987 | code= | template | type=normal | qty=1.00 | lines=3 | operations=2 | active=true
FG-PSS-TH-02004,8594,8594,ยาดมโป๊ยเซียนถุงโหล,BOM_EXISTS,1,1,BOM 2988 | code= | template | type=normal | qty=1.00 | lines=2 | operations=1 | active=true
FG-PSS-TH-03001,8556,8556,ยาดมโป๊ยเซียนแผง,BOM_EXISTS,1,1,BOM 2978 | code=BOM-023 | template | type=normal | qty=1.00 | lines=8 | operations=2 | active=true
FG-PSS-TH-04001,8557,8557,ยาดมโป๊ยเซียนชมพูสะท้อนแสง,BOM_EXISTS,1,1,BOM 2972 | code=BOM-017 | template | type=normal | qty=1.00 | lines=5 | operations=1 | active=true
FG-PSS-TH-04002,8558,8558,ยาดมโป๊ยเซียนม่วง,BOM_EXISTS,1,1,BOM 2973 | code=BOM-018 | template | type=normal | qty=1.00 | lines=5 | operations=1 | active=true
FG-PSS-TH-04003,8559,8559,ยาดมโป๊ยเซียนชมพู,BOM_EXISTS,1,1,BOM 2974 | code=BOM-019 | template | type=normal | qty=1.00 | lines=5 | operations=1 | active=true
FG-PSS-TH-04004,8560,8560,ยาดมโป๊ยเซียนฟ้า,BOM_EXISTS,1,1,BOM 2975 | code=BOM-020 | template | type=normal | qty=1.00 | lines=5 | operations=1 | active=true
FG-PSS-TH-04005,8561,8561,ยาดมโป๊ยเซียนเหลือง,BOM_EXISTS,1,1,BOM 2976 | code=BOM-021 | template | type=normal | qty=1.00 | lines=5 | operations=1 | active=true
FG-PSS-TH-04006,8562,8562,ยาดมโป๊ยเซียนเขียว,BOM_EXISTS,1,1,BOM 2977 | code=BOM-022 | template | type=normal | qty=1.00 | lines=5 | operations=1 | active=true
RM-FIL-PS-01001,8084,8084,ก้นกรองมัดสำเร็จ,NO_BOM,0,0,
RM-FIL-PS-02002,,,,PRODUCT_NOT_FOUND,0,0,
SM-PSS-TH-02001,8308,8308,ชิ้นส่วนยาดม PS ตัวบน+ตัวกลาง,BOM_EXISTS,1,1,BOM 2966 | code=BOM-014 | template | type=normal | qty=1.00 | lines=2 | operations=1 | active=true
SM-PSS-TH-02002,8306,8306,ชิ้นส่วนยาดม PS ตัวล่าง+หลอดน้ำ,BOM_EXISTS,1,1,BOM 2967 | code=BOM-015 | template | type=normal | qty=1.00 | lines=3 | operations=1 | active=true
SM-PSS-TH-03001,8307,8307,ชิ้นส่วนยาดม PS ตัวบน,BOM_EXISTS,1,1,BOM 2964 | code=BOM-012 | template | type=normal | qty=1.00 | lines=2 | operations=1 | active=true
SM-PSS-TH-03002,8305,8305,ชิ้นส่วนยาดม PS ตัวล่าง,BOM_EXISTS,1,1,BOM 2965 | code=BOM-013 | template | type=normal | qty=1.00 | lines=2 | operations=1 | active=true
SM-PLS-UP-02001,8032,8032,ชิ้นส่วนยาดมตัวบน W02,BOM_EXISTS,1,1,BOM 2942 | code=BOM-001-64 | template | type=normal | qty=6800.00 | lines=2 | operations=1 | active=true
SM-PLS-MI-02001,8320,8320,ชิ้นส่วนยาดมตัวกลางW02,BOM_EXISTS,1,1,BOM 2944 | code=BOM-002-64 | template | type=normal | qty=8000.00 | lines=2 | operations=1 | active=true
SM-PLS-LO-02001,8026,8026,ชิ้นส่วนยาดมตัวล่างW02,BOM_EXISTS,1,1,BOM 2946 | code=BOM-003-64 | template | type=normal | qty=7000.00 | lines=2 | operations=1 | active=true
SM-PLS-TU-02001,8030,8030,ชิ้นส่วนยาดมหลอดน้ำW02,BOM_EXISTS,1,1,BOM 2960 | code=BOM-010-64 | template | type=normal | qty=15000.00 | lines=1 | operations=1 | active=true
SM-PLS-PU-02001,8028,8028,ชิ้นส่วนยาดมตัวอุดหลอดน้ำW02,BOM_EXISTS,1,1,BOM 2962 | code=BOM-011-64 | template | type=normal | qty=87000.00 | lines=1 | operations=1 | active=true
SM-JOI-PK-02002,8299,8299,ตัวต่อสี W02 ชมพูสะท้อนแสง,BOM_EXISTS,1,1,BOM 2948 | code=BOM-004-64 | template | type=normal | qty=10000.00 | lines=2 | operations=1 | active=true
SM-JOI-PP-02001,8301,8301,ตัวต่อสี W02 ม่วง,BOM_EXISTS,1,1,BOM 2950 | code=BOM-005-64 | template | type=normal | qty=10000.00 | lines=2 | operations=1 | active=true
SM-JOI-PK-02001,8298,8298,ตัวต่อสี W02 ชมพู,BOM_EXISTS,1,1,BOM 2952 | code=BOM-006-64 | template | type=normal | qty=10000.00 | lines=2 | operations=1 | active=true
SM-JOI-BU-02001,8300,8300,ตัวต่อสี W02 ฟ้า,BOM_EXISTS,1,1,BOM 2954 | code=BOM-007-64 | template | type=normal | qty=10000.00 | lines=2 | operations=1 | active=true
SM-JOI-YW-02001,8303,8303,ตัวต่อสี W02 เหลือง,BOM_EXISTS,1,1,BOM 2956 | code=BOM-008-64 | template | type=normal | qty=10000.00 | lines=2 | operations=1 | active=true
SM-JOI-GN-01001,8302,8302,ตัวต่อสี W02 เขียว,BOM_EXISTS,1,1,BOM 2958 | code=BOM-009-64 | template | type=normal | qty=10000.00 | lines=2 | operations=1 | active=true
FG-PSK-TH-01001,8206,8206,ยาดมโป๊ยเซียนพวงกุญแจ (1x1),BOM_EXISTS,1,1,BOM 4063 | code= | template | type=normal | qty=1.000000 | lines=0 | operations=0 | active=true
FG-PSK-TH-01002,8205,8205,"Poy-Sian Inhaler with keyholder (Nigeria) 10*6 (5dz)
( Each carton contains 14 units ) ",BOM_EXISTS,1,1,BOM 3104 | code= | template | type=normal | qty=1.00 | lines=3 | operations=1 | active=true
FG-PSK-TH-02001,8580,8580,ยาดมโป๊ยเซียนพวงกุญแจ กล่อง 5โหล,BOM_EXISTS,1,1,BOM 3103 | code= | template | type=normal | qty=1.00 | lines=3 | operations=2 | active=true
FG-PSK-TH-03001,8581,8581,ยาดมโป๊ยเซียนพวงกุญแจ สีชมพูสะท้อนแสง,BOM_EXISTS,1,1,BOM 3096 | code= | template | type=normal | qty=1.00 | lines=6 | operations=1 | active=true
FG-PSK-TH-04001,,,,PRODUCT_NOT_FOUND,0,0,
FG-PSK-TH-04002,,,,PRODUCT_NOT_FOUND,0,0,
FG-PSK-TH-04003,,,,PRODUCT_NOT_FOUND,0,0,
FG-PSK-TH-04004,,,,PRODUCT_NOT_FOUND,0,0,
FG-PSK-TH-04005,,,,PRODUCT_NOT_FOUND,0,0,
FG-PSK-TH-04006,,,,PRODUCT_NOT_FOUND,0,0,
SM-PSK-TH-01001,,,,PRODUCT_NOT_FOUND,0,0,
SM-PSK-TH-01002,,,,PRODUCT_NOT_FOUND,0,0,
SM-PSK-TH-02001,8291,8291,ชิ้นส่วนยาดม PS Key ตัวบน+ตัวกลาง,BOM_EXISTS,1,1,BOM 3094 | code= | template | type=normal | qty=1.00 | lines=2 | operations=1 | active=true
SM-PSK-TH-02002,8289,8289,ชิ้นส่วนยาดม PS Key ตัวล่าง+หลอดน้ำ,BOM_EXISTS,1,1,BOM 3095 | code= | template | type=normal | qty=1.00 | lines=3 | operations=1 | active=true
SM-PLK-UP-00001,8023,8023,ชิ้นส่วนยาดมตัวบนพวงกุญแจ,BOM_EXISTS,1,1,BOM 3221 | code= | template | type=normal | qty=6800.00 | lines=2 | operations=1 | active=true
FG-MTK-IL-01001,7967,7967,"Classification No.: 90.18 Dragon Inhaler Mark II with keyholder
(Nasal Inhaler 24 Units in display+shrink)",BOM_EXISTS,1,1,BOM 3229 | code= | template | type=normal | qty=1.00 | lines=2 | operations=1 | active=true
FG-MTK-IL-02001,8507,8507,ยาดม Mark II อิสราเอล 1 กล่อง,BOM_EXISTS,1,1,BOM 3228 | code= | template | type=normal | qty=1.00 | lines=3 | operations=1 | active=true
FG-MTK-IL-03001,8508,8508,ยาดม Mark II อิสราเอล + พวงกุญแจ,BOM_EXISTS,1,1,BOM 3227 | code= | template | type=normal | qty=1.00 | lines=3 | operations=1 | active=true
SM-PSK-IS-01001,,,,PRODUCT_NOT_FOUND,0,0,
SM-PSK-IS-01002,,,,PRODUCT_NOT_FOUND,0,0,
SM-PSK-IS-02001,8256,8256,ชิ้นส่วนยาดม MarkII Isarel ตัวบน+ตัวกลาง,BOM_EXISTS,1,1,BOM 3224 | code= | template | type=normal | qty=1.00 | lines=2 | operations=1 | active=true
SM-PSK-IS-02002,8254,8254,ชิ้นส่วนยาดม MarkII Isarel ตัวล่าง+หลอดน้ำ,BOM_EXISTS,1,1,BOM 3225 | code= | template | type=normal | qty=1.00 | lines=3 | operations=1 | active=true
