id,product_id,company_id,location_id,storage_category_id,lot_id,package_id,owner_id,user_id,create_uid,write_uid,inventory_date,quantity,reserved_quantity,inventory_quantity,inventory_diff_quantity,inventory_quantity_set,in_date,create_date,write_date,accounting_date,expiration_date,removal_date,location_name,location_usage,default_code,product_name
8990,8035,1,199,,,,,2,2,2,2026-12-31,0.000000,1680.000000,0.000000,0.000000,t,2026-01-14 10:34:23,2026-01-14 10:33:52.82193,2026-04-28 03:58:50.298089,,,,GMP/Stock/RM/PL04/None,internal,FG-PSS-PB-01001,"{""en_US"": ""Piggy Bank - Poysian"", ""th_TH"": ""กระปุกออมสินโป๊ยเซียน (1x1)""}"
11636,8215,1,37,,7234,,,2,2,1,2026-12-31,0.000000,0.000000,0.000000,0.000000,t,2026-04-28 04:04:44,2026-02-11 04:09:46.239194,2026-04-28 04:04:44.149581,,2029-02-02 07:21:40.100074,2026-02-02 07:21:40.100074,M-WH/Stock/CARSALEU2,internal,FG-PSS-TH-01002,"{""en_US"": ""Poy-Sian Brand Mark II Inhaler  (Thai Label) 10*6 (5dz)( Each carton contains 20 units )"", ""th_TH"": ""ยาดมโป๊ยเซียน (10x6) 5โหล""}"
11876,8215,1,36,,7242,,,2,2,1,2026-12-31,0.000000,0.000000,0.000000,0.000000,t,2026-04-28 04:04:44,2026-02-24 09:58:02.43316,2026-04-28 04:04:44.149581,,2029-02-09 09:19:51.527692,2026-02-09 09:19:51.527692,M-WH/Stock/CARSALEU1,internal,FG-PSS-TH-01002,"{""en_US"": ""Poy-Sian Brand Mark II Inhaler  (Thai Label) 10*6 (5dz)( Each carton contains 20 units )"", ""th_TH"": ""ยาดมโป๊ยเซียน (10x6) 5โหล""}"
11903,8223,1,41,,7241,,,2,2,1,2026-12-31,0.000000,0.000000,0.000000,0.000000,t,2026-04-28 04:04:44,2026-02-25 03:28:34.922286,2026-04-28 04:04:44.149581,,2029-02-09 09:19:51.341018,2026-02-09 09:19:51.341018,M-WH/Stock/CARSALEU6,internal,FG-PSS-TH-01001,"{""en_US"": ""ยาดมโป๊ยเซียน (1x6) แผง"", ""th_TH"": ""ยาดมโป๊ยเซียน (1x6) แผง""}"
13503,8036,1,9,,7529,,,2,1,1,2026-12-31,10000.000000,0.000000,0.000000,-10000.000000,t,2026-04-21 14:35:36,2026-04-21 14:35:34.77721,2026-04-28 04:04:44.149581,,2029-04-21 14:35:36.723604,2026-04-21 14:35:36.723604,GMP/HOLD-V,internal,PK-CAR-PS-01016,"{""en_US"": ""ลังยาดม PS 100โหล 31x39x58""}"
13505,8036,1,9,,7530,,,2,1,1,2026-12-31,10000.000000,0.000000,0.000000,-10000.000000,t,2026-04-21 14:36:39,2026-04-21 14:36:36.921191,2026-04-28 04:04:44.149581,,2029-04-21 14:36:39.308562,2026-04-21 14:36:39.308562,GMP/HOLD-V,internal,PK-CAR-PS-01016,"{""en_US"": ""ลังยาดม PS 100โหล 31x39x58""}"
13509,8078,1,8,,,,,2,1,1,2026-12-31,200.000000,0.000000,0.000000,-200.000000,t,2026-04-22 02:18:13,2026-04-22 02:18:12.994543,2026-04-28 04:04:44.149581,,,,GMP/Stock,internal,PK-CAR-PS-02001,"{""en_US"": ""ลังลูกฟูก 5 ชั้น 100โหล สีครีมส่งนอก 31x39x58""}"
13510,8083,1,8,,,,,2,1,2,2026-12-31,7200.000000,0.000000,0.000000,-7200.000000,t,2026-04-22 02:18:13,2026-04-22 02:18:12.994543,2026-04-28 03:58:50.298089,,,,GMP/Stock,internal,RM-FIL-PS-01002,"{""en_US"": ""ก้นกรอง""}"
13513,8175,1,8,,,,,2,1,1,2026-12-31,10.000000,0.000000,0.000000,-10.000000,t,2026-04-22 02:18:13,2026-04-22 02:18:12.994543,2026-04-28 04:04:44.149581,,,,GMP/Stock,internal,PK-BAG-PS-01004,"{""en_US"": ""ถุง PP ใส 9x14 บรรจุ 100 หลอด""}"
13514,8341,1,8,,,,,2,1,2,2026-12-31,1.437710,0.000000,0.000000,-1.437710,t,2026-04-22 02:18:13,2026-04-22 02:18:12.994543,2026-04-28 03:58:50.298089,,,,GMP/Stock,internal,RM-MBS-WH-00001,"{""en_US"": ""สีผสมพลาสติก สีขาว""}"
13515,8342,1,8,,,,,2,1,2,2026-12-31,0.033600,0.000000,0.000000,-0.033600,t,2026-04-22 02:18:13,2026-04-22 02:18:12.994543,2026-04-28 03:58:50.298089,,,,GMP/Stock,internal,RM-MBS-PK-00001,"{""en_US"": ""สีผสมพลาสติก สีชมพูสะท้อนแสง""}"
13516,8343,1,8,,,,,2,1,2,2026-12-31,0.016200,0.000000,0.000000,-0.016200,t,2026-04-22 02:18:13,2026-04-22 02:18:12.994543,2026-04-28 03:58:50.298089,,,,GMP/Stock,internal,RM-MBS-PK-00002,"{""en_US"": ""สีผสมพลาสติก สีชมพูเข้ม""}"
13517,8344,1,8,,,,,2,1,2,2026-12-31,0.016200,0.000000,0.000000,-0.016200,t,2026-04-22 02:18:13,2026-04-22 02:18:12.994543,2026-04-28 03:58:50.298089,,,,GMP/Stock,internal,RM-MBS-BU-00001,"{""en_US"": ""สีผสมพลาสติก สีน้ำเงิน""}"
13518,8345,1,8,,,,,2,1,2,2026-12-31,0.016200,0.000000,0.000000,-0.016200,t,2026-04-22 02:18:13,2026-04-22 02:18:12.994543,2026-04-28 03:58:50.298089,,,,GMP/Stock,internal,RM-MBS-VL-00001,"{""en_US"": ""สีผสมพลาสติก สีม่วง""}"
13519,8346,1,8,,,,,2,1,2,2026-12-31,0.016200,0.000000,0.000000,-0.016200,t,2026-04-22 02:18:13,2026-04-22 02:18:12.994543,2026-04-28 03:58:50.298089,,,,GMP/Stock,internal,RM-MBS-GR-00001,"{""en_US"": ""สีผสมพลาสติก สีเขียว""}"
13520,8347,1,8,,,,,2,1,2,2026-12-31,0.016200,0.000000,0.000000,-0.016200,t,2026-04-22 02:18:13,2026-04-22 02:18:12.994543,2026-04-28 03:58:50.298089,,,,GMP/Stock,internal,RM-MBS-YL-00001,"{""en_US"": ""สีผสมพลาสติก สีเหลือง""}"
13521,8363,1,8,,,,,2,1,2,2026-12-31,38.146812,0.000000,0.000000,-38.146812,t,2026-04-22 02:18:13,2026-04-22 02:18:12.994543,2026-04-28 03:58:50.298089,,,,GMP/Stock,internal,RM-PLA-PP-00001,"{""en_US"": ""เม็ดพลาสติก HP648N 750KG""}"
13522,8364,1,8,,,,,2,1,2,2026-12-31,8.208000,0.000000,0.000000,-8.208000,t,2026-04-22 02:18:13,2026-04-22 02:18:12.994543,2026-04-28 03:58:50.298089,,,,GMP/Stock,internal,RM-PLA-PP-00002,"{""en_US"": ""เม็ดพลาสติก RP348N 750Kg""}"
13523,8643,1,8,,,,,2,1,2,2026-12-31,5.760000,0.000000,0.000000,-5.760000,t,2026-04-22 02:18:13,2026-04-22 02:18:12.994543,2026-04-28 03:58:50.298089,,,,GMP/Stock,internal,,"{""en_US"": ""น้ำยาสำหรับผลิต Ps Inhaler (A)""}"
13524,8644,1,8,,,,,2,1,2,2026-12-31,5.760000,0.000000,0.000000,-5.760000,t,2026-04-22 02:18:13,2026-04-22 02:18:12.994543,2026-04-28 03:58:50.298089,,,,GMP/Stock,internal,,"{""en_US"": ""น้ำยาสำหรับผลิต Ps Inhaler (B)""}"
13525,8645,1,8,,,,,2,1,2,2026-12-31,5.760000,0.000000,0.000000,-5.760000,t,2026-04-22 02:18:13,2026-04-22 02:18:12.994543,2026-04-28 03:58:50.298089,,,,GMP/Stock,internal,,"{""en_US"": ""น้ำยาสำหรับผลิต Ps Inhaler (C)""}"
13526,8646,1,8,,,,,2,1,2,2026-12-31,5.760000,0.000000,0.000000,-5.760000,t,2026-04-22 02:18:13,2026-04-22 02:18:12.994543,2026-04-28 03:58:50.298089,,,,GMP/Stock,internal,,"{""en_US"": ""น้ำยาสำหรับผลิต Ps Inhaler (D)""}"
13527,8674,1,8,,,,,2,1,2,2026-12-31,7.920000,0.000000,0.000000,-7.920000,t,2026-04-22 02:18:13,2026-04-22 02:18:12.994543,2026-04-28 03:58:50.298089,,,,GMP/Stock,internal,,"{""en_US"": ""น้ำยา Mark II Solution (A)""}"
13528,8692,1,8,,,,,2,1,2,2026-12-31,7.920000,0.000000,0.000000,-7.920000,t,2026-04-22 02:18:13,2026-04-22 02:18:12.994543,2026-04-28 03:58:50.298089,,,,GMP/Stock,internal,,"{""en_US"": ""น้ำยา Mark II Solution (C)""}"
13529,8694,1,8,,,,,2,1,2,2026-12-31,7.920000,0.000000,0.000000,-7.920000,t,2026-04-22 02:18:13,2026-04-22 02:18:12.994543,2026-04-28 03:58:50.298089,,,,GMP/Stock,internal,,"{""en_US"": ""น้ำยา Mark II Solution (B)""}"
13530,8697,1,8,,,,,2,1,2,2026-12-31,7.920000,0.000000,0.000000,-7.920000,t,2026-04-22 02:18:13,2026-04-22 02:18:12.994543,2026-04-28 03:58:50.298089,,,,GMP/Stock,internal,,"{""en_US"": ""น้ำยา Mark II Solution (D)""}"
13531,8078,1,176,,,,,2,1,2,2026-12-31,200.000000,0.000000,0.000000,-200.000000,t,2026-04-22 02:19:40,2026-04-22 02:19:40.488862,2026-04-28 03:58:50.298089,,,,GMP/Stock/คลังลอย,internal,PK-CAR-PS-02001,"{""en_US"": ""ลังลูกฟูก 5 ชั้น 100โหล สีครีมส่งนอก 31x39x58""}"
13532,8083,1,176,,,,,2,1,2,2026-12-31,1200.000000,0.000000,0.000000,-1200.000000,t,2026-04-22 02:19:40,2026-04-22 02:19:40.488862,2026-04-28 03:58:50.298089,,,,GMP/Stock/คลังลอย,internal,RM-FIL-PS-01002,"{""en_US"": ""ก้นกรอง""}"
13533,8133,1,176,,,,,2,1,2,2026-12-31,1200.000000,0.000000,0.000000,-1200.000000,t,2026-04-22 02:19:40,2026-04-22 02:19:40.488862,2026-04-28 03:58:50.298089,,,,GMP/Stock/คลังลอย,internal,RM-HTF-TW-00002,"{""en_US"": ""ฉลาก HTF MarkII ไต้หวัน ตัวล่าง""}"
13534,8138,1,176,,,,,2,1,2,2026-12-31,1200.000000,0.000000,0.000000,-1200.000000,t,2026-04-22 02:19:40,2026-04-22 02:19:40.488862,2026-04-28 03:58:50.298089,,,,GMP/Stock/คลังลอย,internal,RM-HTF-TW-00001,"{""en_US"": ""ฉลาก HTF MarkII ไต้หวัน ตัวบน""}"
13535,8175,1,176,,,,,2,1,2,2026-12-31,10.000000,0.000000,0.000000,-10.000000,t,2026-04-22 02:19:40,2026-04-22 02:19:40.488862,2026-04-28 03:58:50.298089,,,,GMP/Stock/คลังลอย,internal,PK-BAG-PS-01004,"{""en_US"": ""ถุง PP ใส 9x14 บรรจุ 100 หลอด""}"
13536,8341,1,176,,,,,2,1,2,2026-12-31,0.239619,0.000000,0.000000,-0.239619,t,2026-04-22 02:19:40,2026-04-22 02:19:40.488862,2026-04-28 03:58:50.298089,,,,GMP/Stock/คลังลอย,internal,RM-MBS-WH-00001,"{""en_US"": ""สีผสมพลาสติก สีขาว""}"
13537,8342,1,176,,,,,2,1,2,2026-12-31,0.005600,0.000000,0.000000,-0.005600,t,2026-04-22 02:19:40,2026-04-22 02:19:40.488862,2026-04-28 03:58:50.298089,,,,GMP/Stock/คลังลอย,internal,RM-MBS-PK-00001,"{""en_US"": ""สีผสมพลาสติก สีชมพูสะท้อนแสง""}"
13538,8343,1,176,,,,,2,1,2,2026-12-31,0.002700,0.000000,0.000000,-0.002700,t,2026-04-22 02:19:40,2026-04-22 02:19:40.488862,2026-04-28 03:58:50.298089,,,,GMP/Stock/คลังลอย,internal,RM-MBS-PK-00002,"{""en_US"": ""สีผสมพลาสติก สีชมพูเข้ม""}"
13539,8344,1,176,,,,,2,1,2,2026-12-31,0.002700,0.000000,0.000000,-0.002700,t,2026-04-22 02:19:40,2026-04-22 02:19:40.488862,2026-04-28 03:58:50.298089,,,,GMP/Stock/คลังลอย,internal,RM-MBS-BU-00001,"{""en_US"": ""สีผสมพลาสติก สีน้ำเงิน""}"
13540,8345,1,176,,,,,2,1,2,2026-12-31,0.002700,0.000000,0.000000,-0.002700,t,2026-04-22 02:19:40,2026-04-22 02:19:40.488862,2026-04-28 03:58:50.298089,,,,GMP/Stock/คลังลอย,internal,RM-MBS-VL-00001,"{""en_US"": ""สีผสมพลาสติก สีม่วง""}"
13541,8346,1,176,,,,,2,1,2,2026-12-31,0.002700,0.000000,0.000000,-0.002700,t,2026-04-22 02:19:40,2026-04-22 02:19:40.488862,2026-04-28 03:58:50.298089,,,,GMP/Stock/คลังลอย,internal,RM-MBS-GR-00001,"{""en_US"": ""สีผสมพลาสติก สีเขียว""}"
13542,8347,1,176,,,,,2,1,2,2026-12-31,0.002700,0.000000,0.000000,-0.002700,t,2026-04-22 02:19:40,2026-04-22 02:19:40.488862,2026-04-28 03:58:50.298089,,,,GMP/Stock/คลังลอย,internal,RM-MBS-YL-00001,"{""en_US"": ""สีผสมพลาสติก สีเหลือง""}"
13543,8363,1,176,,,,,2,1,2,2026-12-31,6.357801,0.000000,0.000000,-6.357801,t,2026-04-22 02:19:40,2026-04-22 02:19:40.488862,2026-04-28 03:58:50.298089,,,,GMP/Stock/คลังลอย,internal,RM-PLA-PP-00001,"{""en_US"": ""เม็ดพลาสติก HP648N 750KG""}"
13544,8364,1,176,,,,,2,1,2,2026-12-31,0.178000,0.000000,0.000000,-0.178000,t,2026-04-22 02:19:40,2026-04-22 02:19:40.488862,2026-04-28 03:58:50.298089,,,,GMP/Stock/คลังลอย,internal,RM-PLA-PP-00002,"{""en_US"": ""เม็ดพลาสติก RP348N 750Kg""}"
13545,8643,1,176,,,,,2,1,2,2026-12-31,0.960000,0.000000,0.000000,-0.960000,t,2026-04-22 02:19:40,2026-04-22 02:19:40.488862,2026-04-28 03:58:50.298089,,,,GMP/Stock/คลังลอย,internal,,"{""en_US"": ""น้ำยาสำหรับผลิต Ps Inhaler (A)""}"
13546,8644,1,176,,,,,2,1,2,2026-12-31,0.960000,0.000000,0.000000,-0.960000,t,2026-04-22 02:19:40,2026-04-22 02:19:40.488862,2026-04-28 03:58:50.298089,,,,GMP/Stock/คลังลอย,internal,,"{""en_US"": ""น้ำยาสำหรับผลิต Ps Inhaler (B)""}"
13547,8645,1,176,,,,,2,1,2,2026-12-31,0.960000,0.000000,0.000000,-0.960000,t,2026-04-22 02:19:40,2026-04-22 02:19:40.488862,2026-04-28 03:58:50.298089,,,,GMP/Stock/คลังลอย,internal,,"{""en_US"": ""น้ำยาสำหรับผลิต Ps Inhaler (C)""}"
13548,8646,1,176,,,,,2,1,2,2026-12-31,0.960000,0.000000,0.000000,-0.960000,t,2026-04-22 02:19:40,2026-04-22 02:19:40.488862,2026-04-28 03:58:50.298089,,,,GMP/Stock/คลังลอย,internal,,"{""en_US"": ""น้ำยาสำหรับผลิต Ps Inhaler (D)""}"
13549,8674,1,176,,,,,2,1,1,2026-12-31,1.320000,0.000000,0.000000,-1.320000,t,2026-04-22 02:19:40,2026-04-22 02:19:40.488862,2026-04-28 04:04:44.149581,,,,GMP/Stock/คลังลอย,internal,,"{""en_US"": ""น้ำยา Mark II Solution (A)""}"
13550,8692,1,176,,,,,2,1,1,2026-12-31,1.320000,0.000000,0.000000,-1.320000,t,2026-04-22 02:19:40,2026-04-22 02:19:40.488862,2026-04-28 04:04:44.149581,,,,GMP/Stock/คลังลอย,internal,,"{""en_US"": ""น้ำยา Mark II Solution (C)""}"
13551,8694,1,176,,,,,2,1,1,2026-12-31,1.320000,0.000000,0.000000,-1.320000,t,2026-04-22 02:19:40,2026-04-22 02:19:40.488862,2026-04-28 04:04:44.149581,,,,GMP/Stock/คลังลอย,internal,,"{""en_US"": ""น้ำยา Mark II Solution (B)""}"
13552,8697,1,176,,,,,2,1,1,2026-12-31,1.320000,0.000000,0.000000,-1.320000,t,2026-04-22 02:19:40,2026-04-22 02:19:40.488862,2026-04-28 04:04:44.149581,,,,GMP/Stock/คลังลอย,internal,,"{""en_US"": ""น้ำยา Mark II Solution (D)""}"
13560,8266,1,25,,,,,2,1,2,2026-12-31,2000.000000,0.000000,0.000000,-2000.000000,t,2026-04-22 02:28:31,2026-04-22 02:28:31.056461,2026-04-28 03:58:50.298089,,,,GMP/Stock/Semi,internal,SM-MTS-TW-02001,"{""en_US"": ""ชิ้นส่วนยาดม MarkII Taiwan ตัวบน+ตัวกลาง""}"
13562,8591,1,258,,7434,,,2,2,2,2026-12-31,,4.000000,0.000000,0.000000,t,2026-04-22 02:40:18,2026-04-22 02:40:18.497393,2026-04-28 03:58:50.298089,,2029-04-21 02:31:08.856183,2026-04-21 02:31:08.856183,GMP/Stock/CODX SRC MU03-02,internal,FG-PSS-TH-02001,"{""en_US"": ""ยาดมโป๊ยเซียนกล่อง 5 โหล ""}"
13563,8591,1,262,,7436,,,2,2,2,2026-12-31,,4.000000,0.000000,0.000000,t,2026-04-22 02:40:18,2026-04-22 02:40:18.497393,2026-04-28 03:58:50.298089,,2029-04-21 02:31:11.894836,2026-04-21 02:31:11.894836,GMP/Stock/CODX SRC MU04-02,internal,FG-PSS-TH-02001,"{""en_US"": ""ยาดมโป๊ยเซียนกล่อง 5 โหล ""}"
13564,8591,1,264,,7437,,,2,2,2,2026-12-31,,4.000000,0.000000,0.000000,t,2026-04-22 02:40:18,2026-04-22 02:40:18.497393,2026-04-28 03:58:50.298089,,2029-04-21 02:31:13.34881,2026-04-21 02:31:13.34881,GMP/Stock/CODX SRC MU04-03,internal,FG-PSS-TH-02001,"{""en_US"": ""ยาดมโป๊ยเซียนกล่อง 5 โหล ""}"
13574,8265,1,176,,7537,,,2,72,2,2026-12-31,1000.000000,0.000000,0.000000,-1000.000000,t,2026-04-22 02:42:46,2026-04-22 02:43:56.334786,2026-04-28 03:58:50.298089,,2026-04-22 02:42:46.26955,2026-04-22 02:42:46.26955,GMP/Stock/คลังลอย,internal,SM-MTS-TW-03001,"{""en_US"": ""ชิ้นส่วนยาดม MarkII Taiwan ตัวบน""}"
13575,8320,1,176,,7539,,,2,72,2,2026-12-31,1000.000000,0.000000,0.000000,-1000.000000,t,2026-04-22 02:42:46,2026-04-22 02:43:56.334786,2026-04-28 03:58:50.298089,,2026-04-22 02:42:46.269572,2026-04-22 02:42:46.269572,GMP/Stock/คลังลอย,internal,SM-PLS-MI-02001,"{""en_US"": ""ชิ้นส่วนยาดมตัวกลางW02""}"
13576,8263,1,176,,7535,,,2,72,2,2026-12-31,3000.000000,0.000000,0.000000,-3000.000000,t,2026-04-22 02:42:46,2026-04-22 02:43:56.334786,2026-04-28 03:58:50.298089,,2026-04-22 02:42:46.269527,2026-04-22 02:42:46.269527,GMP/Stock/คลังลอย,internal,SM-MTS-TW-03002,"{""en_US"": ""ชิ้นส่วนยาดม MarkII Taiwan ตัวล่าง""}"
13577,8030,1,176,,7533,,,2,72,2,2026-12-31,3000.000000,0.000000,0.000000,-3000.000000,t,2026-04-22 02:42:46,2026-04-22 02:43:56.334786,2026-04-28 03:58:50.298089,,2026-04-22 02:42:46.269504,2026-04-22 02:42:46.269504,GMP/Stock/คลังลอย,internal,SM-PLS-TU-02001,"{""en_US"": ""ชิ้นส่วนยาดมหลอดน้ำW02""}"
13578,8028,1,176,,7532,,,2,72,2,2026-12-31,3000.000000,0.000000,0.000000,-3000.000000,t,2026-04-22 02:42:46,2026-04-22 02:43:56.334786,2026-04-28 03:58:50.298089,,2026-04-22 02:42:46.269489,2026-04-22 02:42:46.269489,GMP/Stock/คลังลอย,internal,SM-PLS-PU-02001,"{""en_US"": ""ชิ้นส่วนยาดมตัวอุดหลอดน้ำW02""}"
13579,8032,1,176,,7534,,,2,72,1,2026-12-31,12000.000000,0.000000,0.000000,-12000.000000,t,2026-04-22 02:42:46,2026-04-22 02:43:56.334786,2026-04-28 04:04:44.149581,,2026-04-22 02:42:46.269516,2026-04-22 02:42:46.269516,GMP/Stock/คลังลอย,internal,SM-PLS-UP-02001,"{""en_US"": ""ชิ้นส่วนยาดมตัวบน W02""}"
13580,8026,1,176,,7531,,,2,72,1,2026-12-31,12000.000000,0.000000,0.000000,-12000.000000,t,2026-04-22 02:42:46,2026-04-22 02:43:56.334786,2026-04-28 04:04:44.149581,,2026-04-22 02:42:46.269461,2026-04-22 02:42:46.269461,GMP/Stock/คลังลอย,internal,SM-PLS-LO-02001,"{""en_US"": ""ชิ้นส่วนยาดมตัวล่างW02""}"
13581,8266,1,176,,7538,,,2,72,1,2026-12-31,9182.440000,0.000000,0.000000,-9182.440000,t,2026-04-22 02:28:31,2026-04-22 02:44:07.267675,2026-04-28 04:04:44.149581,,2026-04-22 02:42:46.269561,2026-04-22 02:42:46.269561,GMP/Stock/คลังลอย,internal,SM-MTS-TW-02001,"{""en_US"": ""ชิ้นส่วนยาดม MarkII Taiwan ตัวบน+ตัวกลาง""}"
13582,8264,1,176,,7536,,,2,72,1,2026-12-31,11277.190000,0.000000,0.000000,-11277.190000,t,2026-04-22 02:42:46,2026-04-22 02:44:07.267675,2026-04-28 04:04:44.149581,,2026-04-22 02:42:46.269539,2026-04-22 02:42:46.269539,GMP/Stock/คลังลอย,internal,SM-MTS-TW-02002,"{""en_US"": ""ชิ้นส่วนยาดม MarkII Taiwan ตัวล่าง+หลอดน้ำ""}"
13583,8078,1,8,,7540,,,2,1,1,2026-12-31,1000.000000,0.000000,0.000000,-1000.000000,t,2026-04-22 02:18:13,2026-04-22 02:46:34.262869,2026-04-28 04:04:44.149581,,2029-04-22 02:46:34.525711,2026-04-22 02:46:34.525711,GMP/Stock,internal,PK-CAR-PS-02001,"{""en_US"": ""ลังลูกฟูก 5 ชั้น 100โหล สีครีมส่งนอก 31x39x58""}"
13584,8133,1,8,,7541,,,2,1,1,2026-12-31,12000.000000,0.000000,0.000000,-12000.000000,t,2026-04-22 02:46:34,2026-04-22 02:46:34.262869,2026-04-28 04:04:44.149581,,2029-04-22 02:46:34.525738,2026-04-22 02:46:34.525738,GMP/Stock,internal,RM-HTF-TW-00002,"{""en_US"": ""ฉลาก HTF MarkII ไต้หวัน ตัวล่าง""}"
13585,8138,1,8,,7542,,,2,1,1,2026-12-31,12000.000000,0.000000,0.000000,-12000.000000,t,2026-04-22 02:46:34,2026-04-22 02:46:34.262869,2026-04-28 04:04:44.149581,,2029-04-22 02:46:34.525754,2026-04-22 02:46:34.525754,GMP/Stock,internal,RM-HTF-TW-00001,"{""en_US"": ""ฉลาก HTF MarkII ไต้หวัน ตัวบน""}"
13586,8175,1,8,,7543,,,2,1,1,2026-12-31,50.000000,0.000000,0.000000,-50.000000,t,2026-04-22 02:18:13,2026-04-22 02:46:34.262869,2026-04-28 04:04:44.149581,,2029-04-22 02:46:34.525766,2026-04-22 02:46:34.525766,GMP/Stock,internal,PK-BAG-PS-01004,"{""en_US"": ""ถุง PP ใส 9x14 บรรจุ 100 หลอด""}"
13587,8078,1,22,,7540,,,2,1,1,2026-12-31,1000.000000,0.000000,0.000000,-1000.000000,t,2026-04-22 02:46:34,2026-04-22 02:46:34.262869,2026-04-28 04:04:44.149581,,2029-04-22 02:46:34.525711,2026-04-22 02:46:34.525711,GMP/Stock/RM,internal,PK-CAR-PS-02001,"{""en_US"": ""ลังลูกฟูก 5 ชั้น 100โหล สีครีมส่งนอก 31x39x58""}"
13590,8175,1,22,,7543,,,2,1,1,2026-12-31,50.000000,0.000000,0.000000,-50.000000,t,2026-04-22 02:46:34,2026-04-22 02:46:34.262869,2026-04-28 04:04:44.149581,,2029-04-22 02:46:34.525766,2026-04-22 02:46:34.525766,GMP/Stock/RM,internal,PK-BAG-PS-01004,"{""en_US"": ""ถุง PP ใส 9x14 บรรจุ 100 หลอด""}"
13591,8078,1,176,,7544,,,2,1,1,2026-12-31,1000.000000,0.000000,0.000000,-1000.000000,t,2026-04-22 02:19:40,2026-04-22 02:48:24.849488,2026-04-28 04:04:44.149581,,2029-04-22 02:48:25.368622,2026-04-22 02:48:25.368622,GMP/Stock/คลังลอย,internal,PK-CAR-PS-02001,"{""en_US"": ""ลังลูกฟูก 5 ชั้น 100โหล สีครีมส่งนอก 31x39x58""}"
13592,8083,1,176,,7545,,,2,1,1,2026-12-31,6000.000000,0.000000,0.000000,-6000.000000,t,2026-04-22 02:19:40,2026-04-22 02:48:24.849488,2026-04-28 04:04:44.149581,,2029-04-22 02:48:25.368648,2026-04-22 02:48:25.368648,GMP/Stock/คลังลอย,internal,RM-FIL-PS-01002,"{""en_US"": ""ก้นกรอง""}"
13593,8133,1,176,,7546,,,2,1,1,2026-12-31,6000.000000,0.000000,0.000000,-6000.000000,t,2026-04-22 02:19:40,2026-04-22 02:48:24.849488,2026-04-28 04:04:44.149581,,2029-04-22 02:48:25.368663,2026-04-22 02:48:25.368663,GMP/Stock/คลังลอย,internal,RM-HTF-TW-00002,"{""en_US"": ""ฉลาก HTF MarkII ไต้หวัน ตัวล่าง""}"
13594,8138,1,176,,7547,,,2,1,1,2026-12-31,6000.000000,0.000000,0.000000,-6000.000000,t,2026-04-22 02:19:40,2026-04-22 02:48:24.849488,2026-04-28 04:04:44.149581,,2029-04-22 02:48:25.368675,2026-04-22 02:48:25.368675,GMP/Stock/คลังลอย,internal,RM-HTF-TW-00001,"{""en_US"": ""ฉลาก HTF MarkII ไต้หวัน ตัวบน""}"
13595,8175,1,176,,7548,,,2,1,1,2026-12-31,50.000000,0.000000,0.000000,-50.000000,t,2026-04-22 02:19:40,2026-04-22 02:48:24.849488,2026-04-28 04:04:44.149581,,2029-04-22 02:48:25.368687,2026-04-22 02:48:25.368687,GMP/Stock/คลังลอย,internal,PK-BAG-PS-01004,"{""en_US"": ""ถุง PP ใส 9x14 บรรจุ 100 หลอด""}"
13596,8341,1,176,,7549,,,2,1,1,2026-12-31,1.198093,0.000000,0.000000,-1.198093,t,2026-04-22 02:19:40,2026-04-22 02:48:24.849488,2026-04-28 04:04:44.149581,,2027-04-22 02:48:25.368697,2026-04-22 02:48:25.368697,GMP/Stock/คลังลอย,internal,RM-MBS-WH-00001,"{""en_US"": ""สีผสมพลาสติก สีขาว""}"
13597,8342,1,176,,7550,,,2,1,1,2026-12-31,0.028000,0.000000,0.000000,-0.028000,t,2026-04-22 02:19:40,2026-04-22 02:48:24.849488,2026-04-28 04:04:44.149581,,2027-04-22 02:48:25.368708,2026-04-22 02:48:25.368708,GMP/Stock/คลังลอย,internal,RM-MBS-PK-00001,"{""en_US"": ""สีผสมพลาสติก สีชมพูสะท้อนแสง""}"
13598,8343,1,176,,7551,,,2,1,1,2026-12-31,0.013500,0.000000,0.000000,-0.013500,t,2026-04-22 02:19:40,2026-04-22 02:48:24.849488,2026-04-28 04:04:44.149581,,2027-04-22 02:48:25.368719,2026-04-22 02:48:25.368719,GMP/Stock/คลังลอย,internal,RM-MBS-PK-00002,"{""en_US"": ""สีผสมพลาสติก สีชมพูเข้ม""}"
13599,8344,1,176,,7552,,,2,1,1,2026-12-31,0.013500,0.000000,0.000000,-0.013500,t,2026-04-22 02:19:40,2026-04-22 02:48:24.849488,2026-04-28 04:04:44.149581,,2027-04-22 02:48:25.368732,2026-04-22 02:48:25.368732,GMP/Stock/คลังลอย,internal,RM-MBS-BU-00001,"{""en_US"": ""สีผสมพลาสติก สีน้ำเงิน""}"
13600,8345,1,176,,7553,,,2,1,1,2026-12-31,0.013500,0.000000,0.000000,-0.013500,t,2026-04-22 02:19:40,2026-04-22 02:48:24.849488,2026-04-28 04:04:44.149581,,2027-04-22 02:48:25.368744,2026-04-22 02:48:25.368744,GMP/Stock/คลังลอย,internal,RM-MBS-VL-00001,"{""en_US"": ""สีผสมพลาสติก สีม่วง""}"
13601,8346,1,176,,7554,,,2,1,1,2026-12-31,0.013500,0.000000,0.000000,-0.013500,t,2026-04-22 02:19:40,2026-04-22 02:48:24.849488,2026-04-28 04:04:44.149581,,2027-04-22 02:48:25.368756,2026-04-22 02:48:25.368756,GMP/Stock/คลังลอย,internal,RM-MBS-GR-00001,"{""en_US"": ""สีผสมพลาสติก สีเขียว""}"
13602,8347,1,176,,7555,,,2,1,1,2026-12-31,0.013500,0.000000,0.000000,-0.013500,t,2026-04-22 02:19:40,2026-04-22 02:48:24.849488,2026-04-28 04:04:44.149581,,2027-04-22 02:48:25.368769,2026-04-22 02:48:25.368769,GMP/Stock/คลังลอย,internal,RM-MBS-YL-00001,"{""en_US"": ""สีผสมพลาสติก สีเหลือง""}"
13603,8363,1,176,,7556,,,2,1,1,2026-12-31,31.789006,0.000000,0.000000,-31.789006,t,2026-04-22 02:19:40,2026-04-22 02:48:24.849488,2026-04-28 04:04:44.149581,,2027-04-22 02:48:25.36878,2026-04-22 02:48:25.36878,GMP/Stock/คลังลอย,internal,RM-PLA-PP-00001,"{""en_US"": ""เม็ดพลาสติก HP648N 750KG""}"
13604,8364,1,176,,7557,,,2,1,1,2026-12-31,6.840000,0.000000,0.000000,-6.840000,t,2026-04-22 02:19:40,2026-04-22 02:48:24.849488,2026-04-28 04:04:44.149581,,2027-04-22 02:48:25.36879,2026-04-22 02:48:25.36879,GMP/Stock/คลังลอย,internal,RM-PLA-PP-00002,"{""en_US"": ""เม็ดพลาสติก RP348N 750Kg""}"
13605,8643,1,176,,7558,,,2,1,1,2026-12-31,4.800000,0.000000,0.000000,-4.800000,t,2026-04-22 02:19:40,2026-04-22 02:48:24.849488,2026-04-28 04:04:44.149581,,,,GMP/Stock/คลังลอย,internal,,"{""en_US"": ""น้ำยาสำหรับผลิต Ps Inhaler (A)""}"
13606,8644,1,176,,7559,,,2,1,1,2026-12-31,4.800000,0.000000,0.000000,-4.800000,t,2026-04-22 02:19:40,2026-04-22 02:48:24.849488,2026-04-28 04:04:44.149581,,,,GMP/Stock/คลังลอย,internal,,"{""en_US"": ""น้ำยาสำหรับผลิต Ps Inhaler (B)""}"
13607,8645,1,176,,7560,,,2,1,1,2026-12-31,4.800000,0.000000,0.000000,-4.800000,t,2026-04-22 02:19:40,2026-04-22 02:48:24.849488,2026-04-28 04:04:44.149581,,,,GMP/Stock/คลังลอย,internal,,"{""en_US"": ""น้ำยาสำหรับผลิต Ps Inhaler (C)""}"
13608,8646,1,176,,7561,,,2,1,1,2026-12-31,4.800000,0.000000,0.000000,-4.800000,t,2026-04-22 02:19:40,2026-04-22 02:48:24.849488,2026-04-28 04:04:44.149581,,,,GMP/Stock/คลังลอย,internal,,"{""en_US"": ""น้ำยาสำหรับผลิต Ps Inhaler (D)""}"
13609,8674,1,176,,7562,,,2,1,2,2026-12-31,725.000000,0.000000,0.000000,-725.000000,t,2026-04-22 02:19:40,2026-04-22 02:48:24.849488,2026-04-28 03:58:50.298089,,,,GMP/Stock/คลังลอย,internal,,"{""en_US"": ""น้ำยา Mark II Solution (A)""}"
13610,8692,1,176,,7563,,,2,1,2,2026-12-31,1725.000000,0.000000,0.000000,-1725.000000,t,2026-04-22 02:19:40,2026-04-22 02:48:24.849488,2026-04-28 03:58:50.298089,,,,GMP/Stock/คลังลอย,internal,,"{""en_US"": ""น้ำยา Mark II Solution (C)""}"
13611,8694,1,176,,7564,,,2,1,2,2026-12-31,1725.000000,0.000000,0.000000,-1725.000000,t,2026-04-22 02:19:40,2026-04-22 02:48:24.849488,2026-04-28 03:58:50.298089,,,,GMP/Stock/คลังลอย,internal,,"{""en_US"": ""น้ำยา Mark II Solution (B)""}"
13612,8697,1,176,,7565,,,2,1,2,2026-12-31,1725.000000,0.000000,0.000000,-1725.000000,t,2026-04-22 02:19:40,2026-04-22 02:48:24.849488,2026-04-28 03:58:50.298089,,,,GMP/Stock/คลังลอย,internal,,"{""en_US"": ""น้ำยา Mark II Solution (D)""}"
13613,8138,1,226,,7542,,,2,143,1,2026-12-31,12000.000000,0.000000,0.000000,-12000.000000,t,2026-04-22 02:46:34,2026-04-22 03:21:19.654637,2026-04-28 04:04:44.149581,,2029-04-22 02:46:34.525754,2026-04-22 02:46:34.525754,GMP/Stock/คลังลอย/RM/โรงงานยา,internal,RM-HTF-TW-00001,"{""en_US"": ""ฉลาก HTF MarkII ไต้หวัน ตัวบน""}"
13614,8133,1,226,,7541,,,2,143,1,2026-12-31,12000.000000,0.000000,0.000000,-12000.000000,t,2026-04-22 02:46:34,2026-04-22 03:21:19.654637,2026-04-28 04:04:44.149581,,2029-04-22 02:46:34.525738,2026-04-22 02:46:34.525738,GMP/Stock/คลังลอย/RM/โรงงานยา,internal,RM-HTF-TW-00002,"{""en_US"": ""ฉลาก HTF MarkII ไต้หวัน ตัวล่าง""}"
13627,8264,1,26,,7566,,,2,72,2,2026-12-31,4000.000000,0.000000,0.000000,-4000.000000,t,2026-04-22 03:29:42,2026-04-22 03:29:41.350305,2026-04-28 03:58:50.298089,,2026-04-22 02:48:56.785994,2026-04-22 02:48:56.785994,GMP/Stock/Semi/พลาสติก,internal,SM-MTS-TW-02002,"{""en_US"": ""ชิ้นส่วนยาดม MarkII Taiwan ตัวล่าง+หลอดน้ำ""}"
13630,8302,1,176,,6934,,,2,2,2,2026-12-31,199277.190000,0.000000,0.000000,-199277.190000,t,2026-04-22 03:37:23,2026-04-22 03:37:23.835677,2026-04-28 03:58:50.298089,,2025-12-27 04:46:36.080432,2025-12-27 04:46:36.080432,GMP/Stock/คลังลอย,internal,SM-JOI-GN-01001,"{""en_US"": ""ตัวต่อสี W02 เขียว""}"
13632,8573,1,176,,7324,,,2,2,1,2026-12-31,219277.190000,0.000000,0.000000,-219277.190000,t,2026-04-22 03:38:00,2026-04-22 03:38:00.412668,2026-04-28 04:04:44.149581,,2029-04-06 02:46:06.997664,2026-04-06 02:46:06.997664,GMP/Stock/คลังลอย,internal,RM-FIL-PS-01004,"{""en_US"": ""ก้นกรองชุบน้ำยา PS""}"
13636,8266,1,26,,7568,,,2,72,2,2026-12-31,6000.000000,0.000000,0.000000,-6000.000000,t,2026-04-22 03:38:01,2026-04-22 03:38:00.611399,2026-04-28 03:58:50.298089,,2026-04-22 02:50:10.388456,2026-04-22 02:50:10.388456,GMP/Stock/Semi/พลาสติก,internal,SM-MTS-TW-02001,"{""en_US"": ""ชิ้นส่วนยาดม MarkII Taiwan ตัวบน+ตัวกลาง""}"
13637,8181,1,176,,7361,,,2,2,2,2026-12-31,199.204900,0.000000,0.000000,-199.204900,t,2026-04-22 03:38:11,2026-04-22 03:38:11.631807,2026-04-28 03:58:50.298089,,2026-04-07 08:27:07.54517,2026-04-07 08:27:07.54517,GMP/Stock/คลังลอย,internal,SO-MTS-XX-01001,"{""en_US"": ""น้ำยา Mark II Solution""}"
13660,8266,1,51,,7538,,,2,163,2,2026-12-31,55.000000,0.000000,0.000000,-55.000000,t,2026-04-22 02:28:31,2026-04-22 03:47:26.397094,2026-04-28 03:58:50.298089,,2026-04-22 02:42:46.269561,2026-04-22 02:42:46.269561,GMP/SC01/FG,internal,SM-MTS-TW-02001,"{""en_US"": ""ชิ้นส่วนยาดม MarkII Taiwan ตัวบน+ตัวกลาง""}"
13669,8519,1,25,,7313,,,2,2,2,2026-12-31,99000.000000,0.000000,0.000000,-99000.000000,t,2026-04-22 03:53:15,2026-04-22 03:53:15.682366,2026-04-28 03:58:50.298089,,2029-04-03 02:46:57.347666,2026-04-03 02:46:57.347666,GMP/Stock/Semi,internal,FG-MTS-TW-02001,"{""en_US"": ""ยาดม Mark II ไต้หวัน สีชมพูสะท้อนแสง""}"
13672,8519,1,176,,7313,,,2,163,1,2026-12-31,1000.000000,0.000000,0.000000,-1000.000000,t,2026-04-22 03:53:15,2026-04-22 03:54:46.817695,2026-04-28 04:04:44.149581,,2029-04-03 02:46:57.347666,2026-04-03 02:46:57.347666,GMP/Stock/คลังลอย,internal,FG-MTS-TW-02001,"{""en_US"": ""ยาดม Mark II ไต้หวัน สีชมพูสะท้อนแสง""}"
13675,8028,1,26,,7569,,,2,72,2,2026-12-31,7000.000000,0.000000,0.000000,-7000.000000,t,2026-04-22 03:57:09,2026-04-22 03:57:08.490076,2026-04-28 03:58:50.298089,,2026-04-22 02:50:15.666322,2026-04-22 02:50:15.666322,GMP/Stock/Semi/พลาสติก,internal,SM-PLS-PU-02001,"{""en_US"": ""ชิ้นส่วนยาดมตัวอุดหลอดน้ำW02""}"
13681,8181,1,27,,7572,,,2,143,1,2026-12-31,261.800000,0.000000,0.000000,-261.800000,t,2026-04-22 03:59:48,2026-04-22 03:59:48.407689,2026-04-28 04:04:44.149581,,2026-04-22 03:57:10.464336,2026-04-22 03:57:10.464336,GMP/Stock/Semi/โรงงานยา,internal,SO-MTS-XX-01001,"{""en_US"": ""น้ำยา Mark II Solution""}"
13683,8647,1,176,,7573,,,2,2,2,2026-12-31,2300.000000,0.000000,0.000000,-2300.000000,t,2026-04-22 04:02:42,2026-04-22 04:02:42.12058,2026-04-28 03:58:50.298089,,,,GMP/Stock/คลังลอย,internal,,"{""en_US"": ""น้ำยาสำหรับผลิต PimSaen (A)""}"
13685,8702,1,176,,7574,,,2,2,2,2026-12-31,1300.000000,0.000000,0.000000,-1300.000000,t,2026-04-22 04:02:59,2026-04-22 04:02:59.751456,2026-04-28 03:58:50.298089,,,,GMP/Stock/คลังลอย,internal,,"{""en_US"": ""น้ำยาสำหรับผลิต PimSaen (B)""}"
13687,8695,1,176,,7575,,,2,2,2,2026-12-31,1500.000000,0.000000,0.000000,-1500.000000,t,2026-04-22 04:03:14,2026-04-22 04:03:14.870516,2026-04-28 03:58:50.298089,,,,GMP/Stock/คลังลอย,internal,,"{""en_US"": ""น้ำยาสำหรับผลิต PimSaen (C)""}"
13697,8188,1,27,,7576,,,2,143,2,2026-12-31,702.000000,0.000000,0.000000,-702.000000,t,2026-04-22 04:07:33,2026-04-22 04:07:33.272008,2026-04-28 03:58:50.298089,,2026-04-22 04:05:12.566665,2026-04-22 04:05:12.566665,GMP/Stock/Semi/โรงงานยา,internal,SO-PNS-XX-01001,"{""en_US"": ""น้ำยา PimSaen""}"
13698,8181,1,176,,7572,,,2,163,1,2026-12-31,13.200000,0.000000,0.000000,-13.200000,t,2026-04-22 03:59:48,2026-04-22 04:08:55.904112,2026-04-28 04:04:44.149581,,2026-04-22 03:57:10.464336,2026-04-22 03:57:10.464336,GMP/Stock/คลังลอย,internal,SO-MTS-XX-01001,"{""en_US"": ""น้ำยา Mark II Solution""}"
13699,8524,1,176,,7570,,,2,163,2,2026-12-31,722.807000,0.000000,0.000000,-722.807000,t,2026-04-22 03:48:09,2026-04-22 04:08:55.904112,2026-04-28 03:58:50.298089,,2029-04-22 03:19:53.302328,2026-04-22 03:19:53.302328,GMP/Stock/คลังลอย,internal,FG-MTS-TW-02006,"{""en_US"": ""ยาดม Mark II ไต้หวัน สีเขียว""}"
13700,8520,1,25,,7360,,,2,2,2,2026-12-31,1000.000000,0.000000,0.000000,-1000.000000,t,2026-04-22 04:09:30,2026-04-22 04:09:30.180608,2026-04-28 03:58:50.298089,,2029-04-07 08:06:53.406105,2026-04-07 08:06:53.406105,GMP/Stock/Semi,internal,FG-MTS-TW-02002,"{""en_US"": ""ยาดม Mark II ไต้หวัน สีม่วง""}"
13701,8521,1,25,,7359,,,2,2,2,2026-12-31,1000.000000,0.000000,0.000000,-1000.000000,t,2026-04-22 04:09:45,2026-04-22 04:09:45.291029,2026-04-28 03:58:50.298089,,2029-04-07 08:06:41.754223,2026-04-07 08:06:41.754223,GMP/Stock/Semi,internal,FG-MTS-TW-02003,"{""en_US"": ""ยาดม Mark II ไต้หวัน สีชมพู""}"
13702,8522,1,25,,7357,,,2,2,2,2026-12-31,1000.000000,0.000000,0.000000,-1000.000000,t,2026-04-22 04:09:57,2026-04-22 04:09:57.833055,2026-04-28 03:58:50.298089,,2029-04-07 08:02:27.114297,2026-04-07 08:02:27.114297,GMP/Stock/Semi,internal,FG-MTS-TW-02004,"{""en_US"": ""ยาดม Mark II ไต้หวัน สีฟ้า""}"
13703,8523,1,25,,7356,,,2,2,2,2026-12-31,1000.000000,0.000000,0.000000,-1000.000000,t,2026-04-22 04:10:16,2026-04-22 04:10:16.481907,2026-04-28 03:58:50.298089,,2029-04-07 08:00:46.013491,2026-04-07 08:00:46.013491,GMP/Stock/Semi,internal,FG-MTS-TW-02005,"{""en_US"": ""ยาดม Mark II ไต้หวัน สีเหลือง""}"
13704,8524,1,25,,7318,,,2,2,2,2026-12-31,1722.807000,0.000000,0.000000,-1722.807000,t,2026-04-22 04:10:33,2026-04-22 04:10:33.48119,2026-04-28 03:58:50.298089,,2029-04-03 02:48:46.539824,2026-04-03 02:48:46.539824,GMP/Stock/Semi,internal,FG-MTS-TW-02006,"{""en_US"": ""ยาดม Mark II ไต้หวัน สีเขียว""}"
13705,8520,1,176,,7360,,,2,163,2,2026-12-31,1000.000000,0.000000,0.000000,-1000.000000,t,2026-04-22 04:09:30,2026-04-22 04:10:59.589235,2026-04-28 03:58:50.298089,,2029-04-07 08:06:53.406105,2026-04-07 08:06:53.406105,GMP/Stock/คลังลอย,internal,FG-MTS-TW-02002,"{""en_US"": ""ยาดม Mark II ไต้หวัน สีม่วง""}"
13706,8521,1,176,,7359,,,2,163,2,2026-12-31,1000.000000,0.000000,0.000000,-1000.000000,t,2026-04-22 04:09:45,2026-04-22 04:10:59.589235,2026-04-28 03:58:50.298089,,2029-04-07 08:06:41.754223,2026-04-07 08:06:41.754223,GMP/Stock/คลังลอย,internal,FG-MTS-TW-02003,"{""en_US"": ""ยาดม Mark II ไต้หวัน สีชมพู""}"
13707,8522,1,176,,7357,,,2,163,2,2026-12-31,1000.000000,0.000000,0.000000,-1000.000000,t,2026-04-22 04:09:57,2026-04-22 04:10:59.589235,2026-04-28 03:58:50.298089,,2029-04-07 08:02:27.114297,2026-04-07 08:02:27.114297,GMP/Stock/คลังลอย,internal,FG-MTS-TW-02004,"{""en_US"": ""ยาดม Mark II ไต้หวัน สีฟ้า""}"
13708,8523,1,176,,7356,,,2,163,2,2026-12-31,1000.000000,0.000000,0.000000,-1000.000000,t,2026-04-22 04:10:16,2026-04-22 04:10:59.589235,2026-04-28 03:58:50.298089,,2029-04-07 08:00:46.013491,2026-04-07 08:00:46.013491,GMP/Stock/คลังลอย,internal,FG-MTS-TW-02005,"{""en_US"": ""ยาดม Mark II ไต้หวัน สีเหลือง""}"
13709,8524,1,176,,7318,,,2,163,2,2026-12-31,277.193000,0.000000,0.000000,-277.193000,t,2026-04-22 04:10:33,2026-04-22 04:10:59.589235,2026-04-28 03:58:50.298089,,2029-04-03 02:48:46.539824,2026-04-03 02:48:46.539824,GMP/Stock/คลังลอย,internal,FG-MTS-TW-02006,"{""en_US"": ""ยาดม Mark II ไต้หวัน สีเขียว""}"
13712,9029,1,8,,,,,2,1,2,2026-12-31,10.000000,5.000000,0.000000,-10.000000,t,2026-04-23 02:00:48,2026-04-23 02:00:47.915288,2026-04-28 03:58:50.298089,,,,GMP/Stock,internal,,"{""en_US"": ""TMP Backorder Product/20260423020047916103""}"
13713,9030,1,8,,,,,2,1,2,2026-12-31,10.000000,5.000000,0.000000,-10.000000,t,2026-04-23 02:01:39,2026-04-23 02:01:36.594968,2026-04-28 03:58:50.298089,,,,GMP/Stock,internal,,"{""en_US"": ""TMP Backorder Product/20260423020139465131""}"
