product_id,default_code,name,category
8033,SM-HAN-PS-00001,{'en_US': 'ไม้แขวนเสื้อสีเขียว'},All / SFG / พลาสติก / ชิ้นส่วนหลอด
8294,SM-JOI-BU-01001,{'en_US': 'ตัวต่อสี W01 ฟ้า'},All / SFG / พลาสติก / ชิ้นส่วนหลอด(พิมพ์) + ประกอบ
8300,SM-JOI-BU-02001,{'en_US': 'ตัวต่อสี W02 ฟ้า'},All / SFG / พลาสติก / ชิ้นส่วนหลอด(พิมพ์) + ประกอบ
8302,SM-JOI-GN-01001,{'en_US': 'ตัวต่อสี W02 เขียว'},All / SFG / พลาสติก / ชิ้นส่วนหลอด(พิมพ์) + ประกอบ
8296,SM-JOI-GR-02001,{'en_US': 'ตัวต่อสี W01 เขียว'},All / SFG / พลาสติก / ชิ้นส่วนหลอด(พิมพ์) + ประกอบ
8292,SM-JOI-PK-01001,{'en_US': 'ตัวต่อสี W01 ชมพู'},All / SFG / พลาสติก / ชิ้นส่วนหลอด(พิมพ์) + ประกอบ
8293,SM-JOI-PK-01002,{'en_US': 'ตัวต่อสี W01 ชมพูสะท้อนแสง'},All / SFG / พลาสติก / ชิ้นส่วนหลอด(พิมพ์) + ประกอบ
8298,SM-JOI-PK-02001,{'en_US': 'ตัวต่อสี W02 ชมพู'},All / SFG / พลาสติก / ชิ้นส่วนหลอด(พิมพ์) + ประกอบ
8299,SM-JOI-PK-02002,{'en_US': 'ตัวต่อสี W02 ชมพูสะท้อนแสง'},All / SFG / พลาสติก / ชิ้นส่วนหลอด(พิมพ์) + ประกอบ
8295,SM-JOI-PP-01001,{'en_US': 'ตัวต่อสี W01 ม่วง'},All / SFG / พลาสติก / ชิ้นส่วนหลอด(พิมพ์) + ประกอบ
8301,SM-JOI-PP-02001,{'en_US': 'ตัวต่อสี W02 ม่วง'},All / SFG / พลาสติก / ชิ้นส่วนหลอด(พิมพ์) + ประกอบ
8283,SM-JOI-RE-02001,{'en_US': 'ตัวต่อสี W02 แดง'},All / SFG / พลาสติก / ชิ้นส่วนหลอด(พิมพ์) + ประกอบ
8297,SM-JOI-YW-01001,{'en_US': 'ตัวต่อสี W01 เหลือง'},All / SFG / พลาสติก / ชิ้นส่วนหลอด(พิมพ์) + ประกอบ
8303,SM-JOI-YW-02001,{'en_US': 'ตัวต่อสี W02 เหลือง'},All / SFG / พลาสติก / ชิ้นส่วนหลอด(พิมพ์) + ประกอบ
8023,SM-PLK-UP-00001,{'en_US': 'ชิ้นส่วนยาดมตัวบนพวงกุญแจ'},All / SFG / พลาสติก / ชิ้นส่วนหลอด
8025,SM-PLS-LO-01001,{'en_US': 'ชิ้นส่วนยาดม PS ตัวล่างW01'},All / SFG / พลาสติก / ชิ้นส่วนหลอด
8026,SM-PLS-LO-02001,{'en_US': 'ชิ้นส่วนยาดมตัวล่างW02'},All / SFG / พลาสติก / ชิ้นส่วนหลอด
8327,SM-PLS-MI-01001,{'en_US': 'ชิ้นส่วนยาดมตัวกลางW01'},All / SFG / พลาสติก / ชิ้นส่วนหลอด
8320,SM-PLS-MI-02001,{'en_US': 'ชิ้นส่วนยาดมตัวกลางW02'},All / SFG / พลาสติก / ชิ้นส่วนหลอด
8021,SM-PLS-PB-00001,{'en_US': 'กระปุกออมสิน PS'},All / SFG / พลาสติก / ชิ้นส่วนหลอด
8027,SM-PLS-PU-01001,{'en_US': 'ชิ้นส่วนยาดมตัวอุดหลอดน้ำW01'},All / SFG / พลาสติก / ชิ้นส่วนหลอด
8028,SM-PLS-PU-02001,{'en_US': 'ชิ้นส่วนยาดมตัวอุดหลอดน้ำW02'},All / SFG / พลาสติก / ชิ้นส่วนหลอด
8029,SM-PLS-TU-01001,{'en_US': 'ชิ้นส่วนยาดมหลอดน้ำW01'},All / SFG / พลาสติก / ชิ้นส่วนหลอด
8030,SM-PLS-TU-02001,{'en_US': 'ชิ้นส่วนยาดมหลอดน้ำW02'},All / SFG / พลาสติก / ชิ้นส่วนหลอด
8031,SM-PLS-UP-01001,{'en_US': 'ชิ้นส่วนยาดมตัวบน W01'},All / SFG / พลาสติก / ชิ้นส่วนหลอด
8032,SM-PLS-UP-02001,{'en_US': 'ชิ้นส่วนยาดมตัวบน W02'},All / SFG / พลาสติก / ชิ้นส่วนหลอด
8311,SM-PNC-BT-02001,{'en_US': 'ขวดพิมเสนน้ำสำลี สำเร็จ'},All / SFG / พลาสติก / ชิ้นส่วนหลอด(พิมพ์) + ประกอบ
8019,SM-PNC-BT-03001,{'en_US': 'ขวดพิมเสนน้ำสำลี กึ่งสำเร็จ'},All / SFG / พลาสติก / ชิ้นส่วนหลอด
8567,SM-PNC-BT-04001,{'en_US': 'ขวดพิมเสนน้ำสำลี สำเร็จ อินโดนีเซีย'},All / SFG / พลาสติก / ชิ้นส่วนหลอด
8568,SM-PNC-BT-04002,{'en_US': 'ขวดพิมเสนน้ำสำลี สำเร็จ พม่า'},All / SFG / พลาสติก / ชิ้นส่วนหลอด
8569,SM-PNC-BT-04003,{'en_US': 'ขวดพิมเสนน้ำสำลี สำเร็จ ตปท'},All / SFG / พลาสติก / ชิ้นส่วนหลอด
8310,SM-PNC-CA-02001,{'en_US': 'ฝาพิมเสนน้ำสำลี W01'},All / SFG / พลาสติก / ชิ้นส่วนหลอด(พิมพ์) + ประกอบ
8312,SM-PNC-PB-01001,{'en_US': 'กระปุกพิมเสนน้ำ 4 โหล สำเร็จ'},All / SFG / พลาสติก / ชิ้นส่วนหลอด(พิมพ์) + ประกอบ
8313,SM-PNC-PB-01002,{'en_US': 'ฝากระปุกพิมเสนน้ำ 4 โหล'},All / SFG / พลาสติก / ชิ้นส่วนหลอด(พิมพ์) + ประกอบ
8020,SM-PNC-PB-02001,{'en_US': 'กระปุกพิมเสนน้ำ 4 โหล กึ่งสำเร็จ'},All / SFG / พลาสติก / ชิ้นส่วนหลอด
8309,SM-PNF-CA-01001,{'en_US': 'ฝาเขียวแก้วแบน 3CC สำเร็จ'},All / SFG / พลาสติก / ชิ้นส่วนหลอด(พิมพ์) + ประกอบ
8022,SM-PNF-CA-02001,{'en_US': 'ฝาเขียวแก้วแบน 3CC กึ่งสำเร็จ'},All / SFG / พลาสติก / ชิ้นส่วนหลอด
8287,SM-PPR-TH-02001,{'en_US': 'ชิ้นส่วนยาดม PePex แดง ตัวบน'},All / SFG / พลาสติก / ชิ้นส่วนหลอด(พิมพ์) + ประกอบ
8285,SM-PPR-TH-02002,{'en_US': 'ชิ้นส่วนยาดม PePexแดง ตัวล่าง สำเร็จ'},All / SFG / พลาสติก / ชิ้นส่วนหลอด(พิมพ์) + ประกอบ
8286,SM-PPR-TH-02003,{'en_US': 'ชิ้นส่วนยาดม PePex แดง ตัวกลาง'},All / SFG / พลาสติก / ชิ้นส่วนหลอด(พิมพ์) + ประกอบ
8024,SM-PPR-TH-03002,{'en_US': 'ชิ้นส่วนยาดม PePexแดง ตัวล่าง กึ่งสำเร็จ'},All / SFG / พลาสติก / ชิ้นส่วนหลอด
