product_id,default_code,product_name,category_name,active
7967,FG-MTK-IL-01001,"Classification No.: 90.18 Dragon Inhaler Mark II with keyholder
(Nasal Inhaler 24 Units in display+shrink)",All / FG / ยาดม MARK II,True
8507,FG-MTK-IL-02001,ยาดม Mark II อิสราเอล 1 กล่อง,All / FG / ยาดม MARK II,True
8508,FG-MTK-IL-03001,ยาดม Mark II อิสราเอล + พวงกุญแจ,All / FG / ยาดม MARK II,True
8509,FG-MTK-IL-04001,ยาดม Mark II อิสราเอล,All / FG / ยาดม MARK II,True
7966,FG-MTK-XX-0,ยาดม Mark II (10x6) 5โหล Customized,All / FG / ยาดม MARK II,True
8963,FG-MTS-CA-01001,"Mark II Inhaler (Canada) 10*6 (5 dz)
( Each carton contains 20 units )",All / FG / ยาดม MARK II,True
7972,FG-MTS-GH-01001,"Mark II Inhaler (Ghana) 10*6 (5 dz)
( Each carton contains 20 units )",All / FG / ยาดม MARK II,True
8525,FG-MTS-GH-02001,ยาดม Mark II กล่อง 5 โหล กาน่า(หุ้ม),All / FG / ยาดม MARK II,True
8526,FG-MTS-GH-03001,ยาดม Mark II แผง กาน่า,All / FG / ยาดม MARK II,True
7970,FG-MTS-JP-01001,"Mark II Nose Mint Inhaler (1*1) (Blue)
( Each carton contains 2,000 sticks )",All / FG / ยาดม MARK II,True
8518,FG-MTS-JP-02001,ยาดม Mark II ญี่ปุ่น,All / FG / ยาดม MARK II,True
7971,FG-MTS-TW-01001,"Mark II Aroma Oil Stick (Taiwan) (1*1)
( Each carton contains 2,000 sticks )",All / FG / ยาดม MARK II,True
8998,FG-MTS-TW-01002,Mark II – Aroma Oil Stick (T000878 – Unicorn Version),All / FG / ยาดม MARK II,True
8519,FG-MTS-TW-02001,ยาดม Mark II ไต้หวัน สีชมพูสะท้อนแสง,All / FG / ยาดม MARK II,True
8520,FG-MTS-TW-02002,ยาดม Mark II ไต้หวัน สีม่วง,All / FG / ยาดม MARK II,True
8521,FG-MTS-TW-02003,ยาดม Mark II ไต้หวัน สีชมพู,All / FG / ยาดม MARK II,True
8522,FG-MTS-TW-02004,ยาดม Mark II ไต้หวัน สีฟ้า,All / FG / ยาดม MARK II,True
8523,FG-MTS-TW-02005,ยาดม Mark II ไต้หวัน สีเหลือง,All / FG / ยาดม MARK II,True
8524,FG-MTS-TW-02006,ยาดม Mark II ไต้หวัน สีเขียว,All / FG / ยาดม MARK II,True
7965,FG-MTS-XX-01001,"Mark II Inhaler 10*6 (5 dz)
( Each carton contains 20 units )",All / FG / ยาดม MARK II,True
7968,FG-MTS-XX-01002,ยาดม Mark II (1x6) แผง,All / FG / ยาดม MARK II,True
7969,FG-MTS-XX-01003,Mark II (6x1) Box,All / FG / ยาดม MARK II,True
8510,FG-MTS-XX-02001,ยาดม Mark II กล่อง 5 โหล (หุ้ม),All / FG / ยาดม MARK II,True
8511,FG-MTS-XX-03001,ยาดม Mark II แผง,All / FG / ยาดม MARK II,True
8512,FG-MTS-XX-04001,ยาดม Mark II สีชมพูสะท้อนแสง,All / FG / ยาดม MARK II,True
8513,FG-MTS-XX-04002,ยาดม Mark II สีม่วง,All / FG / ยาดม MARK II,True
8514,FG-MTS-XX-04003,ยาดม Mark II สีชมพู,All / FG / ยาดม MARK II,True
8515,FG-MTS-XX-04004,ยาดม Mark II สีฟ้า,All / FG / ยาดม MARK II,True
8516,FG-MTS-XX-04005,ยาดม Mark II สีเหลือง,All / FG / ยาดม MARK II,True
8517,FG-MTS-XX-04006,ยาดม Mark II สีเขียว,All / FG / ยาดม MARK II,True
8237,FG-PAK-XX-01001,"Pax 2 Ways Inhaler with keyholder blue 10*6 (5dz)
( Each carton contains 20 units )",All / FG / ยาดม PAX,True
8238,FG-PAK-XX-01002,ยาดมPax2WKB(1x6),All / FG / ยาดม PAX,True
8236,FG-PAK-XX-01003,ยาดมPax2WKB (1x1),All / FG / ยาดม PAX,True
8613,FG-PAK-XX-02001,ยาดม PAX-Key กล่อง 5โหล,All / FG / ยาดม PAX,True
8614,FG-PAK-XX-03001,ยาดม PAX-Key แผง,All / FG / ยาดม PAX,True
8615,FG-PAK-XX-04001,ยาดม PAX-Key หลอด,All / FG / ยาดม PAX,True
8616,FG-PAK-XX-05001,ยาดม PAX-Key ,All / FG / ยาดม PAX,True
8235,FG-PAS-XX-01001,"Pax 2 Ways Inhaler without keyholder blue 10*6 (5dz)
( Each carton contains 20 units )",All / FG / ยาดม PAX,True
8234,FG-PAS-XX-01001,ยาดมPax2W(1x1) loose,All / FG / ยาดม PAX,True
8239,FG-PAS-XX-01002,ยาดมPax2WMC(10x6)5dz,All / FG / ยาดม PAX,True
8617,FG-PAS-XX-02001,ยาดม PAX กล่อง 5โหล,All / FG / ยาดม PAX,True
8618,FG-PAS-XX-03001,ยาดม PAX แผง,All / FG / ยาดม PAX,True
8619,FG-PAS-XX-04001,ยาดม PAX,All / FG / ยาดม PAX,True
7987,FG-PNC-ID-01001,"Pim Saen Balm Oil (8cc Cotton) Indonesia Label 12*1
(Each carton contains 120 dozen)",All / FG / พิมเสนสำลี 8 CC,True
8543,FG-PNC-ID-02001,พิมเสนสำลี 8cc 1โหล อินโดนีเซีย,All / FG / พิมเสนสำลี 8 CC,True
8544,FG-PNC-ID-03001,พิมเสนสำลี 8cc หุ้ม อินโดนีเซีย,All / FG / พิมเสนสำลี 8 CC,True
8545,FG-PNC-ID-04001,พิมเสนสำลี 8cc ไม่หุ้ม อินโดนีเซีย,All / FG / พิมเสนสำลี 8 CC,True
7978,FG-PNC-MM-01001,"Pim Saen Balm Oil (8cc Cotton) Myanmar Label 12*1 
(Each carton contains 120 dozen)",All / FG / พิมเสนสำลี 8 CC,True
8534,FG-PNC-MM-02001,พิมเสนสำลี 8cc 1โหล พม่า,All / FG / พิมเสนสำลี 8 CC,True
8535,FG-PNC-MM-03001,พิมเสนสำลี 8cc หุ้ม พม่า,All / FG / พิมเสนสำลี 8 CC,True
8536,FG-PNC-MM-04001,พิมเสนสำลี 8cc ไม่หุ้ม พม่า,All / FG / พิมเสนสำลี 8 CC,True
7985,FG-PNC-TH-01001,พิมเสนสำลี 8cc (24x1),All / FG / พิมเสนสำลี 8 CC,True
7983,FG-PNC-TH-01002,"Pim Saen Balm Oil (8cc Cotton) Thai Label 12*1
(Each carton contains 120 dozen)",All / FG / พิมเสนสำลี 8 CC,True
7986,FG-PNC-TH-01003,พิมเสนสำลี 8cc (4x1) 100U,All / FG / พิมเสนสำลี 8 CC,True
7984,FG-PNC-TH-01004,พิมเสนสำลี 8cc (12x1) 30U,All / FG / พิมเสนสำลี 8 CC,True
8012,FG-PNC-TH-01005,พิมเสนสำลี 8cc (1x1),All / FG / พิมเสนสำลี 8 CC,True
8563,FG-PNC-TH-02002,พิมเสนสำลี 8cc 1โหล,All / FG / พิมเสนสำลี 8 CC,True
8564,FG-PNC-TH-03001,พิมเสนสำลี 8cc หุ้ม,All / FG / พิมเสนสำลี 8 CC,True
8565,FG-PNC-TH-04001,พิมเสนสำลี 8cc ไม่หุ้ม,All / FG / พิมเสนสำลี 8 CC,True
7976,FG-PNC-XX-01001,"Pim Saen Balm Oil (8cc Cotton) English Label 12*1
(Each carton contains 120 dozen)",All / FG / พิมเสนสำลี 8 CC,True
7977,FG-PNC-XX-01002,พิมเสนสำลี 8cc (6x1) ตปท,All / FG / พิมเสนสำลี 8 CC,True
8530,FG-PNC-XX-02002,พิมเสนสำลี 8cc ครึ่งโหล ตปท,All / FG / พิมเสนสำลี 8 CC,True
8531,FG-PNC-XX-02003,พิมเสนสำลี 8cc 1โหล ตปท,All / FG / พิมเสนสำลี 8 CC,True
8532,FG-PNC-XX-03001,พิมเสนสำลี 8cc หุ้ม ตปท,All / FG / พิมเสนสำลี 8 CC,True
8533,FG-PNC-XX-04001,พิมเสนสำลี 8cc ไม่หุ้ม ตปท,All / FG / พิมเสนสำลี 8 CC,True
7974,FG-PNF-ID-01001,"Pim Saen Balm Oil (3cc Bottle) Indonesia Label 12*1
(Each carton contains 72 dozen)",All / FG / พิมเสนแก้วแบน 3 CC,True
8527,FG-PNF-ID-02001,พิมเสน แก้วแบน 3cc 1โหล อินโดนีเซีย,All / FG / พิมเสนแก้วแบน 3 CC,True
8528,FG-PNF-ID-03001,พิมเสน แก้วแบน 3cc หุ้ม อินโดนีเซีย,All / FG / พิมเสนแก้วแบน 3 CC,True
8529,FG-PNF-ID-04001,พิมเสน แก้วแบน 3cc ไม่หุ้ม อินโดนีเซีย,All / FG / พิมเสนแก้วแบน 3 CC,True
7973,FG-PNF-TH-01001,"Pim Saen Balm Oil (3cc Bottle) Thai Label 12*1
(Each carton contains 72 dozen)",All / FG / พิมเสนแก้วแบน 3 CC,True
7975,FG-PNF-TH-01002,พิมเสน แก้วแบน 3cc (12x1) 20U,All / FG / พิมเสนแก้วแบน 3 CC,True
8366,FG-PNF-TH-01003,แก้วแบน 3C ชั้น(1*1),All / FG / พิมเสนแก้วแบน 3 CC,True
8620,FG-PNF-TH-02001,พิมเสน แก้วแบน 3cc 1โหล,All / FG / พิมเสนแก้วแบน 3 CC,True
8621,FG-PNF-TH-03001,พิมเสน แก้วแบน 3cc หุ้ม,All / SFG / น้ำยา,True
8622,FG-PNF-TH-04001,พิมเสน แก้วแบน 3cc ไม่หุ้ม,All / SFG / น้ำยา,True
7982,FG-PNF-XX-01001,"Pim Saen Balm Oil (3cc Bottle) English Label 12*1
(Each carton contains 72 dozen)",All / FG / พิมเสนแก้วแบน 3 CC,True
8540,FG-PNF-XX-02001,พิมเสน แก้วแบน 3cc 1โหล ตปท,All / FG / พิมเสนแก้วแบน 3 CC,True
8541,FG-PNF-XX-03001,พิมเสน แก้วแบน 3cc หุ้ม ตปท,All / FG / พิมเสนแก้วแบน 3 CC,True
8542,FG-PNF-XX-04001,พิมเสน แก้วแบน 3cc ไม่หุ้ม ตปท,All / FG / พิมเสนแก้วแบน 3 CC,True
7990,FG-PNR-ID-01001,"Pim Saen Balm Oil (5cc Roll On) Indonesia Label 12*1
(Each carton contains 80 dozen)",All / FG / พิมเสนโรลออน 5 CC,True
8546,FG-PNR-ID-02001,พิมเสนโรลออน 5cc 1โหล อินโดนีเซีย,All / FG / พิมเสนโรลออน 5 CC,True
8547,FG-PNR-ID-03001,พิมเสนโรลออน 5cc หุ้ม อินโดนีเซีย,All / FG / พิมเสนโรลออน 5 CC,True
8548,FG-PNR-ID-04001,พิมเสนโรลออน 5cc ไม่หุ้ม อินโดนีเซีย,All / FG / พิมเสนโรลออน 5 CC,True
7991,FG-PNR-MM-01001,"Pim Saen Balm Oil (5cc Roll On) Myanmar Label 12*1
(Each carton contains 80 dozen)",All / FG / พิมเสนโรลออน 5 CC,True
8549,FG-PNR-MM-02001,พิมเสนโรลออน 5cc 1โหล พม่า,All / FG / พิมเสนโรลออน 5 CC,True
8550,FG-PNR-MM-03001,พิมเสนโรลออน 5cc หุ้ม พม่า,All / FG / พิมเสนโรลออน 5 CC,True
8551,FG-PNR-MM-04001,พิมเสนโรลออน 5cc ไม่หุ้ม พม่า,All / FG / พิมเสนโรลออน 5 CC,True
7989,FG-PNR-TH-01001,"Pim Saen Balm Oil (5cc Roll On) Thai Label 12*1
(Each carton contains 80 dozen)",All / FG / พิมเสนโรลออน 5 CC,True
7993,FG-PNR-TH-01002,พิมเสนโรลออน 5cc (24x1),All / FG / พิมเสนโรลออน 5 CC,True
7992,FG-PNR-TH-01003,พิมเสนโรลออน 5cc (6x1) 40U,All / FG / พิมเสนโรลออน 5 CC,True
8009,FG-PNR-TH-01004,พิมเสนโรลออน 5cc (1x1) กล่องขาว,All / FG / พิมเสนโรลออน 5 CC,True
8382,FG-PNR-TH-01005,พิมเสนโรลออน 5cc (1*1) ขวดเดี่ยว,All / FG / พิมเสนโรลออน 5 CC,True
8623,FG-PNR-TH-02001,พิมเสนโรลออน 5cc ครึ่งโหล,All / FG / พิมเสนโรลออน 5 CC,True
8624,FG-PNR-TH-02002,พิมเสนโรลออน 5cc 1โหล,All / FG / พิมเสนโรลออน 5 CC,True
8625,FG-PNR-TH-02003,พิมเสนโรลออน 5cc 2โหล,All / FG / พิมเสนโรลออน 5 CC,True
8626,FG-PNR-TH-03001,พิมเสนโรลออน 5cc หุ้ม,All / FG / พิมเสนโรลออน 5 CC,True
8627,FG-PNR-TH-04001,พิมเสนโรลออน 5cc ไม่หุ้ม ,All / SFG / น้ำยา,True
7994,FG-PNR-TW-01001,"Pim Saen Balm Oil (5cc Roll On) Taiwan Label 24*1
(Each carton contains 100 dozen)",All / FG / พิมเสนโรลออน 5 CC,True
7995,FG-PNR-TW-01002,พิมเสนโรลออน 5cc (24x1) 50U ไต้หวัน,All / FG / พิมเสนโรลออน 5 CC,True
8552,FG-PNR-TW-02001,พิมเสนโรลออน 5cc 1โหล ไต้หวัน,All / FG / พิมเสนโรลออน 5 CC,True
8553,FG-PNR-TW-02002,พิมเสนโรลออน 5cc 2โหล ไต้หวัน,All / FG / พิมเสนโรลออน 5 CC,True
8554,FG-PNR-TW-03001,พิมเสนโรลออน 5cc หุ้ม ไต้หวัน,All / FG / พิมเสนโรลออน 5 CC,True
8555,FG-PNR-TW-04001,พิมเสนโรลออน 5cc ไม่หุ้ม ไต้หวัน,All / FG / พิมเสนโรลออน 5 CC,True
7981,FG-PNR-XX-01001,"Pim Saen Balm Oil (5cc Roll On) English Label 12*1
(Each carton contains 80 dozen)",All / FG / พิมเสนโรลออน 5 CC,True
7979,FG-PNR-XX-01002,พิมเสนโรลออน 5cc (6x1) ตปท,All / FG / พิมเสนโรลออน 5 CC,True
7980,FG-PNR-XX-01003,PSN BO RO 3cc(6x1),All / FG / พิมเสนโรลออน 5 CC,True
8537,FG-PNR-XX-02001,พิมเสนโรลออน 5cc 1โหล ตปท,All / FG / พิมเสนโรลออน 5 CC,True
8538,FG-PNR-XX-03001,พิมเสนโรลออน 5cc หุ้ม ตปท,All / FG / พิมเสนโรลออน 5 CC,True
8539,FG-PNR-XX-04001,พิมเสนโรลออน 5cc ไม่หุ้ม ตปท,All / FG / พิมเสนโรลออน 5 CC,True
8195,FG-PPK-TH-01001,ยาดมพีเป๊กซ์ 2in1 (1*1),All / FG / ยาดม PP 2 in 1,True
8208,FG-PPK-TH-01002,Pepex 2in1 with keyholder (1*1)( Each carton contains 216 units ),All / FG / ยาดม PP 2 in 1,True
8209,FG-PPK-TH-01003,ยาดมพีเป๊กซ์ 2in1 (6x1) 18โหล,All / FG / ยาดม PP 2 in 1,True
8587,FG-PPK-TH-02001,ยาดมพีเป๊กซ์ 2in1 1ถาด,All / FG / ยาดม PP 2 in 1,True
8588,FG-PPK-TH-03001,ยาดมพีเป๊กซ์ 2in1 1แผง,All / FG / ยาดม PP 2 in 1,True
8589,FG-PPK-TH-04001,ยาดมพีเป๊กซ์ 2in1+พวงกุญแจ,All / FG / ยาดม PP 2 in 1,True
8590,FG-PPK-TH-05001,ยาดมพีเป๊กซ์ 2in1,All / FG / ยาดม PP 2 in 1,True
8210,FG-PPR-TH-01001,ยาดมพีเป๊กซ์แดง (1x6) แผง,All / FG / ยาดม PE-PEX,True
8211,FG-PPR-TH-01002,"Pepex One Way Inhaler 10*6 (5dz)
( Each carton contains 12 units )",All / FG / ยาดม PE-PEX,True
8212,FG-PPR-TH-01003,ยาดมพีเป๊กซ์แดง (2x6) 30โหล,All / FG / ยาดม PE-PEX,True
8010,FG-PPR-TH-01004,ยาดมพีเป๊กซ์แดง (1x1) 6ชิ้น กล่องขาว,All / FG / ยาดม PE-PEX,True
8196,FG-PPR-TH-01005,ยาดมพีเป๊กซ์แดง (1*1) หลอดเดี่ยว,All / RM / สารเคมี,True
8576,FG-PPR-TH-02001,ยาดมพีเป๊กซ์แดง กล่อง 5 โหล (หุ้ม),All / SFG / น้ำยา,True
8577,FG-PPR-TH-02002,ยาดมพีเป๊กซ์แดง กล่อง 5 โหล (ไม่หุ้ม),All / SFG / น้ำยา,True
8578,FG-PPR-TH-03001,ยาดมพีเป๊กซ์แดงแผง,All / FG / ยาดม PE-PEX,True
8579,FG-PPR-TH-04001,ยาดมพีเป๊กซ์แดง,All / FG / ยาดม PE-PEX,True
8206,FG-PSK-TH-01001,ยาดมโป๊ยเซียนพวงกุญแจ (1x1),All / FG / ยาดม PS (พวงกุญแจ),True
8205,FG-PSK-TH-01002,"Poy-Sian Inhaler with keyholder (Nigeria) 10*6 (5dz)
( Each carton contains 14 units ) ",All / FG / ยาดม PS (พวงกุญแจ),True
8580,FG-PSK-TH-02001,ยาดมโป๊ยเซียนพวงกุญแจ กล่อง 5โหล,All / FG / ยาดม PS (พวงกุญแจ),True
8581,FG-PSK-TH-03001,ยาดมโป๊ยเซียนพวงกุญแจ สีชมพูสะท้อนแสง,All / FG / ยาดม PS (พวงกุญแจ),True
8582,FG-PSK-TH-03002,ยาดมโป๊ยเซียนพวงกุญแจ สีม่วง,All / FG / ยาดม PS (พวงกุญแจ),True
8583,FG-PSK-TH-03003,ยาดมโป๊ยเซียนพวงกุญแจ สีชมพู,All / FG / ยาดม PS (พวงกุญแจ),True
8584,FG-PSK-TH-03004,ยาดมโป๊ยเซียนพวงกุญแจ สีฟ้า,All / FG / ยาดม PS (พวงกุญแจ),True
8585,FG-PSK-TH-03005,ยาดมโป๊ยเซียนพวงกุญแจ สีเหลือง,All / FG / ยาดม PS (พวงกุญแจ),True
8586,FG-PSK-TH-03006,ยาดมโป๊ยเซียนพวงกุญแจ สีเขียว,All / FG / ยาดม PS (พวงกุญแจ),True
8225,FG-PSS-CN-01001,ยาดมโป๊ยเซียน (10x6) 5โหล จีน,All / FG / ยาดมตราโป๊ยเซียน,True
8233,FG-PSS-CN-01002,ยาดมโป๊ยเซียน (1x6) แผง จีน,All / FG / ยาดมตราโป๊ยเซียน,True
8229,FG-PSS-DE-01001,"Poy-Sian Aroma Oil Stick (Germany) 10*6 (5dz)
( Each carton contains 20 units ) ",All / FG / ยาดมตราโป๊ยเซียน,True
8605,FG-PSS-DE-02001,ยาดมโป๊ยเซียน 5โหล เยอรมัน,All / FG / ยาดมตราโป๊ยเซียน,True
8606,FG-PSS-DE-03001,ยาดมโป๊ยเซียน แผง เยอรมัน,All / FG / ยาดมตราโป๊ยเซียน,True
8607,FG-PSS-DE-04001,ยาดมโป๊ยเซียนสีชมพูสะท้อนแสง เยอรมัน,All / FG / ยาดมตราโป๊ยเซียน,True
8608,FG-PSS-DE-04002,ยาดมโป๊ยเซียนสีม่วง เยอรมัน,All / FG / ยาดมตราโป๊ยเซียน,True
8609,FG-PSS-DE-04003,ยาดมโป๊ยเซียนชมพู เยอรมัน,All / FG / ยาดมตราโป๊ยเซียน,True
8610,FG-PSS-DE-04004,ยาดมโป๊ยเซียนฟ้า เยอรมัน,All / FG / ยาดมตราโป๊ยเซียน,True
8611,FG-PSS-DE-04005,ยาดมโป๊ยเซียนเหลือง เยอรมัน,All / FG / ยาดมตราโป๊ยเซียน,True
8612,FG-PSS-DE-04006,ยาดมโป๊ยเซียนเขียว เยอรมัน,All / FG / ยาดมตราโป๊ยเซียน,True
8383,FG-PSS-HG-01001,ไม้แขวนเสื้อPS (12x1) A,All / FG / ไม้แขวนเสื้อ,True
8384,FG-PSS-HG-01002,ไม้แขวนเสื้อPS (12x1) B,All / FG / ไม้แขวนเสื้อ,True
8385,FG-PSS-HG-01003,ไม้แขวนเสื้อPS (12x1) C,All / FG / ไม้แขวนเสื้อ,True
8228,FG-PSS-LA-01001,ยาดมโป๊ยเซียน(10x6) 5โหล ลาว,All / FG / ยาดมตราโป๊ยเซียน,True
8227,FG-PSS-MM-01001,"Poy-Sian Brand Mark II Inhaler  (Myanmar) 10*6 (5dz)
( Each carton contains 20 units ) ",All / FG / ยาดมตราโป๊ยเซียน,True
8603,FG-PSS-MM-02001,ยาดมโป๊ยเซียน 5โหล พม่า,All / FG / ยาดมตราโป๊ยเซียน,True
8604,FG-PSS-MM-03002,ยาดมโป๊ยเซียน แผง พม่า,All / FG / ยาดมตราโป๊ยเซียน,True
8226,FG-PSS-MY-01001,Poy-Sian Brand Mark II Inhaler  (Malaysia) 10*6 (5dz) MAL 20106012X ( Each carton contains 20 units ) ,All / FG / ยาดมตราโป๊ยเซียน,True
8595,FG-PSS-MY-02001,ยาดมโป๊ยเซียน 5โหล มาเลเซีย,All / FG / ยาดมตราโป๊ยเซียน,True
8596,FG-PSS-MY-03001,ยาดมโป๊ยเซียน แผง มาเลเซีย,All / FG / ยาดมตราโป๊ยเซียน,True
8597,FG-PSS-MY-04001,ยาดมโป๊ยเซียนสีชมพูสะท้อนแสง มาเลเซีย,All / FG / ยาดมตราโป๊ยเซียน,True
8598,FG-PSS-MY-04002,ยาดมโป๊ยเซียนสีม่วง มาเลเซีย,All / FG / ยาดมตราโป๊ยเซียน,True
8599,FG-PSS-MY-04003,ยาดมโป๊ยเซียนชมพู มาเลเซีย,All / FG / ยาดมตราโป๊ยเซียน,True
8600,FG-PSS-MY-04004,ยาดมโป๊ยเซียนฟ้า มาเลเซีย,All / FG / ยาดมตราโป๊ยเซียน,True
8601,FG-PSS-MY-04005,ยาดมโป๊ยเซียนเหลือง มาเลเซีย,All / FG / ยาดมตราโป๊ยเซียน,True
8602,FG-PSS-MY-04006,ยาดมโป๊ยเซียนเขียว มาเลเซีย,All / FG / ยาดมตราโป๊ยเซียน,True
8035,FG-PSS-PB-01001,Piggy Bank - Poysian,All / FG / กระปุกออมสิน,True
8034,FG-PSS-PB-01002,Piggy Bank - Mark II,All / FG / กระปุกออมสิน,True
8570,FG-PSS-PB-02001,กระปุกออมสิน ฉลาก PS,All / FG / กระปุกออมสิน,True
8571,FG-PSS-PB-03001,กระปุกออมสิน,All / FG / กระปุกออมสิน,True
8223,FG-PSS-TH-01001,ยาดมโป๊ยเซียน (1x6) แผง,All / FG / ยาดมตราโป๊ยเซียน,True
8215,FG-PSS-TH-01002,Poy-Sian Brand Mark II Inhaler  (Thai Label) 10*6 (5dz)( Each carton contains 20 units ),All / FG / ยาดมตราโป๊ยเซียน,True
8216,FG-PSS-TH-01003,ยาดมโป๊ยเซียน (2x6) 70โหล ลังยาว,All / FG / ยาดมตราโป๊ยเซียน,True
8217,FG-PSS-TH-01004,ยาดมโป๊ยเซียน (4x6) 100โหล 7-11,All / FG / ยาดมตราโป๊ยเซียน,True
8224,FG-PSS-TH-01005,"Poy-Sian Brand Mark II Inhaler  (Thai Label) 10*6 (5dz)
( Each carton contains 16 units )",All / FG / ยาดมตราโป๊ยเซียน,True
8230,FG-PSS-TH-01006,ยาดมโป๊ยเซียน (4x6) 100โหล KP,All / FG / ยาดมตราโป๊ยเซียน,True
8379,FG-PSS-TH-01006,ยาดมโป๊ยเซียน (1*1) หลอดเดี่ยว,All / FG / ยาดมตราโป๊ยเซียน,True
8214,FG-PSS-TH-01007,ยาดมโป๊ยเซียน (10x6) 50+20โหล,All / FG / ยาดมตราโป๊ยเซียน,True
8213,FG-PSS-TH-01008,ยาดมโป๊ยเซียน (10x6) 14กล่อง,All / FG / ยาดมตราโป๊ยเซียน,True
8591,FG-PSS-TH-02001,ยาดมโป๊ยเซียนกล่อง 5 โหล ,All / FG / ยาดมตราโป๊ยเซียน,True
8592,FG-PSS-TH-02002,ยาดมโป๊ยเซียนกล่อง 2 โหล ไม่หุ้ม,All / FG / ยาดมตราโป๊ยเซียน,True
8593,FG-PSS-TH-02003,ยาดมโป๊ยเซียนกล่อง 2 โหล หุ้ม,All / FG / ยาดมตราโป๊ยเซียน,True
8594,FG-PSS-TH-02004,ยาดมโป๊ยเซียนถุงโหล,All / FG / ยาดมตราโป๊ยเซียน,True
8011,FG-PSS-TH-02005,ยาดมโป๊ยเซียน (1x1) 6ชิ้น กล่องขาว,All / FG / ยาดมตราโป๊ยเซียน,True
8556,FG-PSS-TH-03001,ยาดมโป๊ยเซียนแผง,All / FG / ยาดมตราโป๊ยเซียน,True
8557,FG-PSS-TH-04001,ยาดมโป๊ยเซียนชมพูสะท้อนแสง,All / FG / ยาดมตราโป๊ยเซียน,True
8558,FG-PSS-TH-04002,ยาดมโป๊ยเซียนม่วง,All / FG / ยาดมตราโป๊ยเซียน,True
8559,FG-PSS-TH-04003,ยาดมโป๊ยเซียนชมพู,All / FG / ยาดมตราโป๊ยเซียน,True
8560,FG-PSS-TH-04004,ยาดมโป๊ยเซียนฟ้า,All / FG / ยาดมตราโป๊ยเซียน,True
8561,FG-PSS-TH-04005,ยาดมโป๊ยเซียนเหลือง,All / FG / ยาดมตราโป๊ยเซียน,True
8562,FG-PSS-TH-04006,ยาดมโป๊ยเซียนเขียว,All / FG / ยาดมตราโป๊ยเซียน,True
8204,FG-PSS-XX-01001,"Poy-Sian Brand Mark II Inhaler  (Thai Label) (Laos) 10*6 (5dz)
( Each carton contains 20 units ) ",All / FG / ยาดมตราโป๊ยเซียน,True
8241,FG-XXX-XX-0,ยาหม่อง PS พญายอ 22g (1x1),All / RM / สารเคมี,True
8381,RM-BOT-AC-01001,โฟมใส่ฝาขวดแก้วแบน 3cc,All / RM / บรรจุภัณฑ์,True
8339,RM-COT-PN-01001,สำลี,All / RM / บรรจุภัณฑ์,True
8084,RM-FIL-PS-01001,ก้นกรองมัดสำเร็จ,All / RM / บรรจุภัณฑ์,True
8083,RM-FIL-PS-01002,ก้นกรอง,All / RM / บรรจุภัณฑ์,True
8572,RM-FIL-PS-01003,ก้นกรองกระปุก,All / RM / บรรจุภัณฑ์,True
8573,RM-FIL-PS-01004,ก้นกรองชุบน้ำยา PS,All / RM / บรรจุภัณฑ์,True
8574,RM-FIL-PS-01005,ก้นกรองชุบน้ำยา Pepex,All / RM / บรรจุภัณฑ์,True
8575,RM-FIL-PS-01006,ก้นกรองชุบน้ำยา MarkII,All / RM / บรรจุภัณฑ์,True
8747,RM-FIL-PS-01007,ก้นกรองชุบน้ำยา PAX,All / SFG / น้ำยา,True
8146,RM-HTF-CN-00001,ฉลาก HTF PS ตัวบน จีน,All / RM / บรรจุภัณฑ์,True
8152,RM-HTF-CN-00002,ฉลาก HTF PS ตัวล่าง จีน,All / RM / บรรจุภัณฑ์,True
8147,RM-HTF-DE-00001,ฉลาก HTF PS ตัวบน เยอรมัน,All / RM / บรรจุภัณฑ์,True
8148,RM-HTF-DE-00002,ฉลาก HTF PS ตัวล่าง เยอรมัน,All / RM / บรรจุภัณฑ์,True
8136,RM-HTF-IL-00001,ฉลาก HTF MarkII อิสราเอล ตัวบน,All / RM / บรรจุภัณฑ์,True
8131,RM-HTF-IL-00002,ฉลาก HTF MarkII อิสราเอล ตัวล่าง,All / RM / บรรจุภัณฑ์,True
8135,RM-HTF-JP-00001,ฉลาก HTF MarkII NOSE MINT ตัวบน,All / RM / บรรจุภัณฑ์,True
8134,RM-HTF-JP-00002,ฉลาก HTF MarkII NOSE MINT ตัวล่าง,All / RM / บรรจุภัณฑ์,True
8137,RM-HTF-KR-00001,ฉลาก HTF MarkII เกาหลี ตัวบน ,All / RM / บรรจุภัณฑ์,True
8132,RM-HTF-KR-00002,ฉลาก HTF MarkII เกาหลี ตัวล่าง ,All / RM / บรรจุภัณฑ์,True
8145,RM-HTF-MY-00001,ฉลาก HTF PS ตัวบน มาเลเซีย,All / RM / บรรจุภัณฑ์,True
8144,RM-HTF-MY-00002,ฉลาก HTF PS ตัวล่าง มาเลเซีย,All / RM / บรรจุภัณฑ์,True
8150,RM-HTF-TH-00001,ฉลาก HTF PS ตัวบน,All / RM / บรรจุภัณฑ์,True
8149,RM-HTF-TH-00002,ฉลาก HTF PS ตัวล่าง,All / RM / บรรจุภัณฑ์,True
8141,RM-HTF-TH-01001,ฉลาก HTF PePex ตัวล่าง,All / RM / บรรจุภัณฑ์,True
8140,RM-HTF-TH-02001,ฉลาก HTF PePex2IN1พวงกุญแจ ตัวบน,All / RM / บรรจุภัณฑ์,True
8139,RM-HTF-TH-02002,ฉลาก HTF PePex2IN1พวงกุญแจ ตัวล่าง,All / RM / บรรจุภัณฑ์,True
8143,RM-HTF-TH-03001,ฉลาก HTF PSKey ตัวบน,All / RM / บรรจุภัณฑ์,True
8142,RM-HTF-TH-03002,ฉลาก HTF PSKey ตัวล่าง,All / RM / บรรจุภัณฑ์,True
8151,RM-HTF-TH-04001,ฉลาก HTF พิมเสนสำลี,All / RM / บรรจุภัณฑ์,True
8138,RM-HTF-TW-00001,ฉลาก HTF MarkII ไต้หวัน ตัวบน,All / RM / บรรจุภัณฑ์,True
8133,RM-HTF-TW-00002,ฉลาก HTF MarkII ไต้หวัน ตัวล่าง,All / RM / บรรจุภัณฑ์,True
8129,RM-HTF-XX-00001,ฉลาก HTF MarkII 3สูตร ตัวบน,All / RM / บรรจุภัณฑ์,True
8130,RM-HTF-XX-00002,ฉลาก HTF MarkII 3สูตร ตัวล่าง,All / RM / บรรจุภัณฑ์,True
8127,RM-HTF-XX-01001,ฉลาก HTF MarkII 2สูตร ตัวบน,All / RM / บรรจุภัณฑ์,True
8128,RM-HTF-XX-01002,ฉลาก HTF MarkII 2สูตร ตัวล่าง,All / RM / บรรจุภัณฑ์,True
8154,RM-HTF-XX-02001,ฉลาก HTF Pax-key ตัวบน,All / RM / บรรจุภัณฑ์,True
8153,RM-HTF-XX-02002,ฉลาก HTF Pax-key ตัวล่าง,All / RM / บรรจุภัณฑ์,True
8344,RM-MBS-BU-00001,สีผสมพลาสติก สีน้ำเงิน,All / RM / พลาสติก,True
8346,RM-MBS-GR-00001,สีผสมพลาสติก สีเขียว,All / RM / พลาสติก,True
8342,RM-MBS-PK-00001,สีผสมพลาสติก สีชมพูสะท้อนแสง,All / RM / พลาสติก,True
8343,RM-MBS-PK-00002,สีผสมพลาสติก สีชมพูเข้ม,All / RM / พลาสติก,True
8348,RM-MBS-RE-00001,สีผสมพลาสติก สีแดง ,All / RM / พลาสติก,True
8349,RM-MBS-RE-00002,สีผสมพลาสติก สีแดงเข้ม,All / RM / พลาสติก,True
8345,RM-MBS-VL-00001,สีผสมพลาสติก สีม่วง,All / RM / พลาสติก,True
8341,RM-MBS-WH-00001,สีผสมพลาสติก สีขาว,All / RM / พลาสติก,True
8347,RM-MBS-YL-00001,สีผสมพลาสติก สีเหลือง,All / RM / พลาสติก,True
8197,RM-PET-RO-00001,PETแบบม้วน  380x0.25mm  สีใส,All / RM / บรรจุภัณฑ์,True
8362,RM-PLA-HD-00001,เม็ดพลาสติก HDPE 5200B,All / RM / พลาสติก,True
8363,RM-PLA-PP-00001,เม็ดพลาสติก HP648N 750KG,All / RM / พลาสติก,True
8364,RM-PLA-PP-00002,เม็ดพลาสติก RP348N 750Kg,All / RM / พลาสติก,True
7997,RM-PVC-RO-01001,"PVCแบบม้วน ขนาด 15""x0.25mm
",All / RM / พลาสติก,True
7998,RM-PVC-RO-01002,"PVCแบบม้วน ขนาด 18""x0.20mm",All / RM / พลาสติก,True
7999,RM-PVC-RO-01003,"PVCแบบม้วน ขนาด 18""x0.40mm
",All / RM / พลาสติก,True
8000,RM-PVC-RO-01004,"PVCแบบม้วน ขนาด 27""x0.20mm
",All / RM / พลาสติก,True
8002,RM-PVC-RO-01005,PVCแบบม้วน ขนาด 600x0.20mm,All / RM / พลาสติก,True
8001,RM-PVC-RO-01006,PVCแบบม้วน ขนาด 385x0.20mm,All / RM / พลาสติก,True
8018,SM-BLS-FO-00001,ฟอยล์ยาดม PAX 2way-Key,All / SFG / พลาสติก / ชิ้นส่วนหลอด,True
8284,SM-BLS-FO-00003,ฟอยด์ยาดม PePex,All / SFG / พลาสติก / ชิ้นส่วนหลอด(พิมพ์) + ประกอบ,True
8278,SM-BLS-FO-00004,ฟอยล์ยาดม PePex2IN1 พวงกุญแจ,All / SFG / พลาสติก / ชิ้นส่วนหลอด(พิมพ์) + ประกอบ,True
8304,SM-BLS-FO-00005,ฟอยด์ยาดม PS,All / SFG / พลาสติก / ชิ้นส่วนหลอด(พิมพ์) + ประกอบ,True
8033,SM-HAN-PS-00001,ไม้แขวนเสื้อสีเขียว,All / SFG / พลาสติก / ชิ้นส่วนหลอด,True
8294,SM-JOI-BU-01001,ตัวต่อสี W01 ฟ้า,All / SFG / พลาสติก / ชิ้นส่วนหลอด(พิมพ์) + ประกอบ,True
8300,SM-JOI-BU-02001,ตัวต่อสี W02 ฟ้า,All / SFG / พลาสติก / ชิ้นส่วนหลอด(พิมพ์) + ประกอบ,True
8302,SM-JOI-GN-01001,ตัวต่อสี W02 เขียว,All / SFG / พลาสติก / ชิ้นส่วนหลอด(พิมพ์) + ประกอบ,True
8296,SM-JOI-GR-02001,ตัวต่อสี W01 เขียว,All / SFG / พลาสติก / ชิ้นส่วนหลอด(พิมพ์) + ประกอบ,True
8292,SM-JOI-PK-01001,ตัวต่อสี W01 ชมพู,All / SFG / พลาสติก / ชิ้นส่วนหลอด(พิมพ์) + ประกอบ,True
8293,SM-JOI-PK-01002,ตัวต่อสี W01 ชมพูสะท้อนแสง,All / SFG / พลาสติก / ชิ้นส่วนหลอด(พิมพ์) + ประกอบ,True
8298,SM-JOI-PK-02001,ตัวต่อสี W02 ชมพู,All / SFG / พลาสติก / ชิ้นส่วนหลอด(พิมพ์) + ประกอบ,True
8299,SM-JOI-PK-02002,ตัวต่อสี W02 ชมพูสะท้อนแสง,All / SFG / พลาสติก / ชิ้นส่วนหลอด(พิมพ์) + ประกอบ,True
8295,SM-JOI-PP-01001,ตัวต่อสี W01 ม่วง,All / SFG / พลาสติก / ชิ้นส่วนหลอด(พิมพ์) + ประกอบ,True
8301,SM-JOI-PP-02001,ตัวต่อสี W02 ม่วง,All / SFG / พลาสติก / ชิ้นส่วนหลอด(พิมพ์) + ประกอบ,True
8283,SM-JOI-RE-02001,ตัวต่อสี W02 แดง,All / SFG / พลาสติก / ชิ้นส่วนหลอด(พิมพ์) + ประกอบ,True
8297,SM-JOI-YW-01001,ตัวต่อสี W01 เหลือง,All / SFG / พลาสติก / ชิ้นส่วนหลอด(พิมพ์) + ประกอบ,True
8303,SM-JOI-YW-02001,ตัวต่อสี W02 เหลือง,All / SFG / พลาสติก / ชิ้นส่วนหลอด(พิมพ์) + ประกอบ,True
8262,SM-MTS-JP-02001,ชิ้นส่วนยาดม MarkII NOSE MINT ตัวบน+ตัวกลาง,All / SFG / พลาสติก / ชิ้นส่วนหลอด(พิมพ์) + ประกอบ,True
8260,SM-MTS-JP-02002,ชิ้นส่วนยาดม MarkII NOSE MINT ตัวล่าง+หลอดน้ำ,All / SFG / พลาสติก / ชิ้นส่วนหลอด(พิมพ์) + ประกอบ,True
8261,SM-MTS-JP-03001,ชิ้นส่วนยาดม MarkII NOSE MINT ตัวบน,All / SFG / พลาสติก / ชิ้นส่วนหลอด (ประกอบ),True
8259,SM-MTS-JP-03002,ชิ้นส่วนยาดม MarkII NOSE MINT ตัวล่าง,All / SFG / พลาสติก / ชิ้นส่วนหลอด (ประกอบ),True
8266,SM-MTS-TW-02001,ชิ้นส่วนยาดม MarkII Taiwan ตัวบน+ตัวกลาง,All / SFG / พลาสติก / ชิ้นส่วนหลอด(พิมพ์) + ประกอบ,True
8264,SM-MTS-TW-02002,ชิ้นส่วนยาดม MarkII Taiwan ตัวล่าง+หลอดน้ำ,All / SFG / พลาสติก / ชิ้นส่วนหลอด(พิมพ์) + ประกอบ,True
8265,SM-MTS-TW-03001,ชิ้นส่วนยาดม MarkII Taiwan ตัวบน,All / SFG / พลาสติก / ชิ้นส่วนหลอด (ประกอบ),True
8263,SM-MTS-TW-03002,ชิ้นส่วนยาดม MarkII Taiwan ตัวล่าง,All / SFG / พลาสติก / ชิ้นส่วนหลอด (ประกอบ),True
8269,SM-MTS-XX-02001,ชิ้นส่วนยาดม MarkII 3สูตร ตัวบน+ตัวกลาง,All / SFG / พลาสติก / ชิ้นส่วนหลอด(พิมพ์) + ประกอบ,True
8328,SM-MTS-XX-02002,ชิ้นส่วนยาดม MarkII 3สูตร ตัวล่าง+หลอดน้ำ,All / SFG / พลาสติก / ชิ้นส่วนหลอด(พิมพ์) + ประกอบ,True
8268,SM-MTS-XX-02003,ชิ้นส่วนยาดม MarkII ตัวบน+ตัวกลาง,All / SFG / พลาสติก / ชิ้นส่วนหลอด(พิมพ์) + ประกอบ,True
8258,SM-MTS-XX-02004,ชิ้นส่วนยาดม MarkII ตัวล่าง+หลอดน้ำ,All / SFG / พลาสติก / ชิ้นส่วนหลอด(พิมพ์) + ประกอบ,True
8252,SM-MTS-XX-03001,ชิ้นส่วนยาดม MarkII 3สูตร ตัวบน,All / SFG / พลาสติก / ชิ้นส่วนหลอด (ประกอบ),True
8251,SM-MTS-XX-03002,ชิ้นส่วนยาดม MarkII 3สูตร ตัวล่าง,All / SFG / พลาสติก / ชิ้นส่วนหลอด (ประกอบ),True
8267,SM-MTS-XX-03003,ชิ้นส่วนยาดม MarkII ตัวบน,All / SFG / พลาสติก / ชิ้นส่วนหลอด (ประกอบ),True
8257,SM-MTS-XX-03004,ชิ้นส่วนยาดม MarkII ตัวล่าง,All / SFG / พลาสติก / ชิ้นส่วนหลอด (ประกอบ),True
8276,SM-PAK-XX-02001,ชิ้นส่วนยาดม PAX 2way-Key ตัวบน+ตัวกลาง,All / SFG / พลาสติก / ชิ้นส่วนหลอด(พิมพ์) + ประกอบ,True
8275,SM-PAK-XX-03001,ชิ้นส่วนยาดม PAX 2way-Key ตัวบน,All / SFG / พลาสติก / ชิ้นส่วนหลอด (ประกอบ),True
8274,SM-PAK-XX-03002,ชิ้นส่วนยาดม PAX 2way-Key ตัวล่าง,All / SFG / พลาสติก / ชิ้นส่วนหลอด (ประกอบ),True
8272,SM-PAS-XX-02001,ชิ้นส่วนยาดม PAX 2way ตัวบน+ตัวกลาง,All / SFG / พลาสติก / ชิ้นส่วนหลอด(พิมพ์) + ประกอบ,True
8270,SM-PAS-XX-02002,ชิ้นส่วนยาดม PAX 2way ตัวล่าง+หลอดน้ำ,All / SFG / พลาสติก / ชิ้นส่วนหลอด(พิมพ์) + ประกอบ,True
8271,SM-PAS-XX-03001,ชิ้นส่วนยาดม PAX 2way ตัวบน,All / SFG / พลาสติก / ชิ้นส่วนหลอด (ประกอบ),True
8023,SM-PLK-UP-00001,ชิ้นส่วนยาดมตัวบนพวงกุญแจ,All / SFG / พลาสติก / ชิ้นส่วนหลอด,True
8017,SM-PLR-UP-00001,ชิ้นส่วนยาดม ตัวบน หัวมนพวงกุญแจ,All / SFG / พลาสติก / ชิ้นส่วนหลอด,True
8025,SM-PLS-LO-01001,ชิ้นส่วนยาดม PS ตัวล่างW01,All / SFG / พลาสติก / ชิ้นส่วนหลอด,True
8026,SM-PLS-LO-02001,ชิ้นส่วนยาดมตัวล่างW02,All / SFG / พลาสติก / ชิ้นส่วนหลอด,True
8327,SM-PLS-MI-01001,ชิ้นส่วนยาดมตัวกลางW01,All / SFG / พลาสติก / ชิ้นส่วนหลอด,True
8320,SM-PLS-MI-02001,ชิ้นส่วนยาดมตัวกลางW02,All / SFG / พลาสติก / ชิ้นส่วนหลอด,True
8021,SM-PLS-PB-00001,กระปุกออมสิน PS,All / SFG / พลาสติก / ชิ้นส่วนหลอด,True
8027,SM-PLS-PU-01001,ชิ้นส่วนยาดมตัวอุดหลอดน้ำW01,All / SFG / พลาสติก / ชิ้นส่วนหลอด,True
8028,SM-PLS-PU-02001,ชิ้นส่วนยาดมตัวอุดหลอดน้ำW02,All / SFG / พลาสติก / ชิ้นส่วนหลอด,True
8029,SM-PLS-TU-01001,ชิ้นส่วนยาดมหลอดน้ำW01,All / SFG / พลาสติก / ชิ้นส่วนหลอด,True
8030,SM-PLS-TU-02001,ชิ้นส่วนยาดมหลอดน้ำW02,All / SFG / พลาสติก / ชิ้นส่วนหลอด,True
8031,SM-PLS-UP-01001,ชิ้นส่วนยาดมตัวบน W01,All / SFG / พลาสติก / ชิ้นส่วนหลอด,True
8032,SM-PLS-UP-02001,ชิ้นส่วนยาดมตัวบน W02,All / SFG / พลาสติก / ชิ้นส่วนหลอด,True
8311,SM-PNC-BT-02001,ขวดพิมเสนน้ำสำลี สำเร็จ,All / SFG / พลาสติก / ชิ้นส่วนหลอด(พิมพ์) + ประกอบ,True
8019,SM-PNC-BT-03001,ขวดพิมเสนน้ำสำลี กึ่งสำเร็จ,All / SFG / พลาสติก / ชิ้นส่วนหลอด,True
8567,SM-PNC-BT-04001,ขวดพิมเสนน้ำสำลี สำเร็จ อินโดนีเซีย,All / SFG / พลาสติก / ชิ้นส่วนหลอด,True
8568,SM-PNC-BT-04002,ขวดพิมเสนน้ำสำลี สำเร็จ พม่า,All / SFG / พลาสติก / ชิ้นส่วนหลอด,True
8569,SM-PNC-BT-04003,ขวดพิมเสนน้ำสำลี สำเร็จ ตปท,All / SFG / พลาสติก / ชิ้นส่วนหลอด,True
8310,SM-PNC-CA-02001,ฝาพิมเสนน้ำสำลี W01,All / SFG / พลาสติก / ชิ้นส่วนหลอด(พิมพ์) + ประกอบ,True
8312,SM-PNC-PB-01001,กระปุกพิมเสนน้ำ 4 โหล สำเร็จ,All / SFG / พลาสติก / ชิ้นส่วนหลอด(พิมพ์) + ประกอบ,True
8313,SM-PNC-PB-01002,ฝากระปุกพิมเสนน้ำ 4 โหล,All / SFG / พลาสติก / ชิ้นส่วนหลอด(พิมพ์) + ประกอบ,True
8020,SM-PNC-PB-02001,กระปุกพิมเสนน้ำ 4 โหล กึ่งสำเร็จ,All / SFG / พลาสติก / ชิ้นส่วนหลอด,True
8309,SM-PNF-CA-01001,ฝาเขียวแก้วแบน 3CC สำเร็จ,All / SFG / พลาสติก / ชิ้นส่วนหลอด(พิมพ์) + ประกอบ,True
8022,SM-PNF-CA-02001,ฝาเขียวแก้วแบน 3CC กึ่งสำเร็จ,All / SFG / พลาสติก / ชิ้นส่วนหลอด,True
8282,SM-PPK-TH-02001,ชิ้นส่วนยาดม PePex 2IN1 ตัวบน+ตัวกลาง,All / SFG / พลาสติก / ชิ้นส่วนหลอด(พิมพ์) + ประกอบ,True
8280,SM-PPK-TH-02002,ชิ้นส่วนยาดม PePex 2IN1 ตัวล่าง+หลอดน้ำ,All / SFG / พลาสติก / ชิ้นส่วนหลอด(พิมพ์) + ประกอบ,True
8281,SM-PPK-TH-03001,ชิ้นส่วนยาดม PePex 2IN1 ตัวบน พวงกุญแจสำเร็จ,All / SFG / พลาสติก / ชิ้นส่วนหลอด (ประกอบ),True
8279,SM-PPK-TH-03002,ชิ้นส่วนยาดม PePex 2IN1 ตัวล่าง,All / SFG / พลาสติก / ชิ้นส่วนหลอด (ประกอบ),True
8287,SM-PPR-TH-02001,ชิ้นส่วนยาดม PePex แดง ตัวบน,All / SFG / พลาสติก / ชิ้นส่วนหลอด(พิมพ์) + ประกอบ,True
8285,SM-PPR-TH-02002,ชิ้นส่วนยาดม PePexแดง ตัวล่าง สำเร็จ,All / SFG / พลาสติก / ชิ้นส่วนหลอด(พิมพ์) + ประกอบ,True
8286,SM-PPR-TH-02003,ชิ้นส่วนยาดม PePex แดง ตัวกลาง,All / SFG / พลาสติก / ชิ้นส่วนหลอด(พิมพ์) + ประกอบ,True
8024,SM-PPR-TH-03002,ชิ้นส่วนยาดม PePexแดง ตัวล่าง กึ่งสำเร็จ,All / SFG / พลาสติก / ชิ้นส่วนหลอด,True
8256,SM-PSK-IS-02001,ชิ้นส่วนยาดม MarkII Isarel ตัวบน+ตัวกลาง,All / SFG / พลาสติก / ชิ้นส่วนหลอด(พิมพ์) + ประกอบ,True
8254,SM-PSK-IS-02002,ชิ้นส่วนยาดม MarkII Isarel ตัวล่าง+หลอดน้ำ,All / SFG / พลาสติก / ชิ้นส่วนหลอด(พิมพ์) + ประกอบ,True
8255,SM-PSK-IS-03001,ชิ้นส่วนยาดม MarkII Isarel ตัวบน,All / SFG / พลาสติก / ชิ้นส่วนหลอด (ประกอบ),True
8253,SM-PSK-IS-03002,ชิ้นส่วนยาดม MarkII Isarel ตัวล่าง,All / SFG / พลาสติก / ชิ้นส่วนหลอด (ประกอบ),True
8291,SM-PSK-TH-02001,ชิ้นส่วนยาดม PS Key ตัวบน+ตัวกลาง,All / SFG / พลาสติก / ชิ้นส่วนหลอด(พิมพ์) + ประกอบ,True
8289,SM-PSK-TH-02002,ชิ้นส่วนยาดม PS Key ตัวล่าง+หลอดน้ำ,All / SFG / พลาสติก / ชิ้นส่วนหลอด(พิมพ์) + ประกอบ,True
8290,SM-PSK-TH-03001,ชิ้นส่วนยาดม PS Key ตัวบน,All / SFG / พลาสติก / ชิ้นส่วนหลอด (ประกอบ),True
8288,SM-PSK-TH-03002,ชิ้นส่วนยาดม PS Key ตัวล่าง,All / SFG / พลาสติก / ชิ้นส่วนหลอด (ประกอบ),True
8325,SM-PSS-CN-02001,ชิ้นส่วนยาดม PS ตัวบน+ตัวกลาง จีน,All / SFG / พลาสติก / ชิ้นส่วนหลอด(พิมพ์) + ประกอบ,True
8319,SM-PSS-CN-02002,ชิ้นส่วนยาดม PS ตัวล่าง+หลอดน้ำ จีน,All / SFG / พลาสติก / ชิ้นส่วนหลอด (ประกอบ),True
8322,SM-PSS-CN-03001,ชิ้นส่วนยาดม PS ตัวบน จีน,All / SFG / พลาสติก / ชิ้นส่วนหลอด (ประกอบ),True
8315,SM-PSS-CN-03002,ชิ้นส่วนยาดม PS ตัวล่าง จีน,All / SFG / พลาสติก / ชิ้นส่วนหลอด (ประกอบ),True
8326,SM-PSS-DE-02001,ชิ้นส่วนยาดม PS ตัวบน+ตัวกลาง เยอรมัน,All / SFG / พลาสติก / ชิ้นส่วนหลอด(พิมพ์) + ประกอบ,True
8317,SM-PSS-DE-02002,ชิ้นส่วนยาดม PS ตัวล่าง+หลอดน้ำ เยอรมัน,All / SFG / พลาสติก / ชิ้นส่วนหลอด(พิมพ์) + ประกอบ,True
8323,SM-PSS-DE-03001,ชิ้นส่วนยาดม PS ตัวบน เยอรมัน,All / SFG / พลาสติก / ชิ้นส่วนหลอด (ประกอบ),True
8316,SM-PSS-DE-03002,ชิ้นส่วนยาดม PS ตัวล่าง เยอรมัน,All / SFG / พลาสติก / ชิ้นส่วนหลอด (ประกอบ),True
8324,SM-PSS-MY-02001,ชิ้นส่วนยาดม PS ตัวบน+ตัวกลาง มาเลเซีย,All / SFG / พลาสติก / ชิ้นส่วนหลอด(พิมพ์) + ประกอบ,True
8318,SM-PSS-MY-02002,ชิ้นส่วนยาดม PS ตัวล่าง+หลอดน้ำ มาเลเซีย,All / SFG / พลาสติก / ชิ้นส่วนหลอด(พิมพ์) + ประกอบ,True
8321,SM-PSS-MY-03001,ชิ้นส่วนยาดม PS ตัวบน มาเลเซีย,All / SFG / พลาสติก / ชิ้นส่วนหลอด (ประกอบ),True
8314,SM-PSS-MY-03002,ชิ้นส่วนยาดม PS ตัวล่าง มาเลเซีย,All / SFG / พลาสติก / ชิ้นส่วนหลอด (ประกอบ),True
8308,SM-PSS-TH-02001,ชิ้นส่วนยาดม PS ตัวบน+ตัวกลาง,All / SFG / พลาสติก / ชิ้นส่วนหลอด(พิมพ์) + ประกอบ,True
8306,SM-PSS-TH-02002,ชิ้นส่วนยาดม PS ตัวล่าง+หลอดน้ำ,All / SFG / พลาสติก / ชิ้นส่วนหลอด(พิมพ์) + ประกอบ,True
8307,SM-PSS-TH-03001,ชิ้นส่วนยาดม PS ตัวบน,All / SFG / พลาสติก / ชิ้นส่วนหลอด (ประกอบ),True
8305,SM-PSS-TH-03002,ชิ้นส่วนยาดม PS ตัวล่าง,All / SFG / พลาสติก / ชิ้นส่วนหลอด (ประกอบ),True
8181,SO-MTS-XX-01001,น้ำยา Mark II Solution,All / SFG / น้ำยา,True
8187,SO-PAS-XX-01001,น้ำยา PaxNox,All / SFG / น้ำยา,True
8186,SO-PAS-XX-01002,น้ำยา Pax,All / SFG / น้ำยา,True
8188,SO-PNS-XX-01001,น้ำยา PimSaen,All / SFG / น้ำยา,True
8183,SO-PPR-UP-01001,น้ำยา PePex Inhaler,All / SFG / น้ำยา,True
8182,SO-PPS-LO-01001,น้ำยา PePex2in1 Solution,All / SFG / น้ำยา,True
8185,SO-PSS-LO-01001,น้ำยา PS Solution,All / SFG / น้ำยา,True
8184,SO-PSS-UP-01001,น้ำยา PS Inhaler,All / SFG / น้ำยา,True
