Machine Name,Mold Name,Mapped Products
เครื่องฉีดพลาสติก 1,แม่พิมพ์พลาสติกตัวล่าง W01,ชิ้นส่วนยาดม PS ตัวล่างW01 (SM-PLS-LO-01001)
เครื่องฉีดพลาสติก 1,แม่พิมพ์พลาสติกตัวล่าง W02,ชิ้นส่วนยาดมตัวล่างW02 (SM-PLS-LO-02001)
เครื่องฉีดพลาสติก 1,แม่พิมพ์พลาสติกกระปุกพิมเสน 4โหล ,กระปุกพิมเสนน้ำ 4 โหล กึ่งสำเร็จ (SM-PNC-PB-02001)
เครื่องฉีดพลาสติก 1,แม่พิมพ์พลาสติกฝากระปุกพิมเสน 4โหล,ฝากระปุกพิมเสนน้ำ 4 โหล (SM-PNC-PB-01002)
เครื่องฉีดพลาสติก 1,แม่พิมพ์พลาสติกไม้แขวนเสื้อ,ไม้แขวนเสื้อสีเขียว (SM-HAN-PS-00001)
เครื่องฉีดพลาสติก 2,แม่พิมพ์พลาสติกตัวกลาง W01,ชิ้นส่วนยาดมตัวกลางW01 (SM-PLS-MI-01001)
เครื่องฉีดพลาสติก 2,แม่พิมพ์พลาสติกตัวกลาง W02,ชิ้นส่วนยาดมตัวกลางW02 (SM-PLS-MI-02001)
เครื่องฉีดพลาสติก 2,แม่พิมพ์พลาสติกกระปุกพิมเสน 4โหล ,กระปุกพิมเสนน้ำ 4 โหล กึ่งสำเร็จ (SM-PNC-PB-02001)
เครื่องฉีดพลาสติก 2,แม่พิมพ์พลาสติกฝากระปุกพิมเสน 4โหล,ฝากระปุกพิมเสนน้ำ 4 โหล (SM-PNC-PB-01002)
เครื่องฉีดพลาสติก 2,แม่พิมพ์พลาสติกไม้แขวนเสื้อ,ไม้แขวนเสื้อสีเขียว (SM-HAN-PS-00001)
เครื่องฉีดพลาสติก 3,แม่พิมพ์พลาสติกตัวต่อสี W01,ตัวต่อสี W01 ฟ้า (SM-JOI-BU-01001) | ตัวต่อสี W01 เขียว (SM-JOI-GR-02001) | ตัวต่อสี W01 ชมพู (SM-JOI-PK-01001) | ตัวต่อสี W01 ชมพูสะท้อนแสง (SM-JOI-PK-01002) | ตัวต่อสี W01 ม่วง (SM-JOI-PP-01001) | ตัวต่อสี W01 เหลือง (SM-JOI-YW-01001)
เครื่องฉีดพลาสติก 3,แม่พิมพ์พลาสติกตัวต่อสี W02,ตัวต่อสี W02 ฟ้า (SM-JOI-BU-02001) | ตัวต่อสี W02 เขียว (SM-JOI-GN-01001) | ตัวต่อสี W02 ชมพู (SM-JOI-PK-02001) | ตัวต่อสี W02 ชมพูสะท้อนแสง (SM-JOI-PK-02002) | ตัวต่อสี W02 ม่วง (SM-JOI-PP-02001) | ตัวต่อสี W02 แดง (SM-JOI-RE-02001) | ตัวต่อสี W02 เหลือง (SM-JOI-YW-02001)
เครื่องฉีดพลาสติก 3,แม่พิมพ์พลาสติกกระปุกพิมเสน 4โหล ,กระปุกพิมเสนน้ำ 4 โหล กึ่งสำเร็จ (SM-PNC-PB-02001)
เครื่องฉีดพลาสติก 3,แม่พิมพ์พลาสติกฝากระปุกพิมเสน 4โหล,ฝากระปุกพิมเสนน้ำ 4 โหล (SM-PNC-PB-01002)
เครื่องฉีดพลาสติก 3,แม่พิมพ์พลาสติกไม้แขวนเสื้อ,ไม้แขวนเสื้อสีเขียว (SM-HAN-PS-00001)
เครื่องฉีดพลาสติก 4,แม่พิมพ์พลาสติกตัวล่าง W01,ชิ้นส่วนยาดม PS ตัวล่างW01 (SM-PLS-LO-01001)
เครื่องฉีดพลาสติก 4,แม่พิมพ์พลาสติกตัวล่าง W02,ชิ้นส่วนยาดมตัวล่างW02 (SM-PLS-LO-02001)
เครื่องฉีดพลาสติก 4,แม่พิมพ์พลาสติกตัวกลาง W01,ชิ้นส่วนยาดมตัวกลางW01 (SM-PLS-MI-01001)
เครื่องฉีดพลาสติก 4,แม่พิมพ์พลาสติกตัวกลาง W02,ชิ้นส่วนยาดมตัวกลางW02 (SM-PLS-MI-02001)
เครื่องฉีดพลาสติก 4,แม่พิมพ์พลาสติกหลอดน้ำ W01,ชิ้นส่วนยาดมหลอดน้ำW01 (SM-PLS-TU-01001)
เครื่องฉีดพลาสติก 4,แม่พิมพ์พลาสติกหลอดน้ำ W02,ชิ้นส่วนยาดมหลอดน้ำW02 (SM-PLS-TU-02001)
เครื่องฉีดพลาสติก 4,แม่พิมพ์พลาสติกกระปุกพิมเสน 4โหล ,กระปุกพิมเสนน้ำ 4 โหล กึ่งสำเร็จ (SM-PNC-PB-02001)
เครื่องฉีดพลาสติก 4,แม่พิมพ์พลาสติกฝากระปุกพิมเสน 4โหล,ฝากระปุกพิมเสนน้ำ 4 โหล (SM-PNC-PB-01002)
เครื่องฉีดพลาสติก 4,แม่พิมพ์พลาสติกไม้แขวนเสื้อ,ไม้แขวนเสื้อสีเขียว (SM-HAN-PS-00001)
เครื่องฉีดพลาสติก 5,แม่พิมพ์พลาสติกตัวบน W01,ชิ้นส่วนยาดมตัวบน W01 (SM-PLS-UP-01001)
เครื่องฉีดพลาสติก 5,แม่พิมพ์พลาสติกตัวบน W02,ชิ้นส่วนยาดมตัวบน W02 (SM-PLS-UP-02001)
เครื่องฉีดพลาสติก 5,แม่พิมพ์พลาสติกตัวล่าง W01,ชิ้นส่วนยาดม PS ตัวล่างW01 (SM-PLS-LO-01001)
เครื่องฉีดพลาสติก 5,แม่พิมพ์พลาสติกตัวล่าง W02,ชิ้นส่วนยาดมตัวล่างW02 (SM-PLS-LO-02001)
เครื่องฉีดพลาสติก 5,แม่พิมพ์พลาสติกตัวกลาง W01,ชิ้นส่วนยาดมตัวกลางW01 (SM-PLS-MI-01001)
เครื่องฉีดพลาสติก 5,แม่พิมพ์พลาสติกตัวกลาง W02,ชิ้นส่วนยาดมตัวกลางW02 (SM-PLS-MI-02001)
เครื่องฉีดพลาสติก 5,แม่พิมพ์พลาสติกตัวบน PPR,ชิ้นส่วนยาดม PePex แดง ตัวบน (SM-PPR-TH-02001)
เครื่องฉีดพลาสติก 5,แม่พิมพ์พลาสติกตัวล่าง PPR,ชิ้นส่วนยาดม PePexแดง ตัวล่าง กึ่งสำเร็จ (SM-PPR-TH-03002)
เครื่องฉีดพลาสติก 5,แม่พิมพ์พลาสติกกระปุกพิมเสน 4โหล ,กระปุกพิมเสนน้ำ 4 โหล กึ่งสำเร็จ (SM-PNC-PB-02001)
เครื่องฉีดพลาสติก 5,แม่พิมพ์พลาสติกฝากระปุกพิมเสน 4โหล,ฝากระปุกพิมเสนน้ำ 4 โหล (SM-PNC-PB-01002)
เครื่องฉีดพลาสติก 5,แม่พิมพ์พลาสติกไม้แขวนเสื้อ,ไม้แขวนเสื้อสีเขียว (SM-HAN-PS-00001)
เครื่องฉีดพลาสติก 6,แม่พิมพ์พลาสติกตัวกลาง W01,ชิ้นส่วนยาดมตัวกลางW01 (SM-PLS-MI-01001)
เครื่องฉีดพลาสติก 6,แม่พิมพ์พลาสติกตัวกลาง W02,ชิ้นส่วนยาดมตัวกลางW02 (SM-PLS-MI-02001)
เครื่องฉีดพลาสติก 6,แม่พิมพ์พลาสติกตัวอุดหลอดน้ำ W01,ชิ้นส่วนยาดมตัวอุดหลอดน้ำW01 (SM-PLS-PU-01001)
เครื่องฉีดพลาสติก 6,แม่พิมพ์พลาสติกตัวอุดหลอดน้ำ W02,ชิ้นส่วนยาดมตัวอุดหลอดน้ำW02 (SM-PLS-PU-02001)
เครื่องฉีดพลาสติก 6,แม่พิมพ์พลาสติกขวดพิมเสนสำลี,ขวดพิมเสนน้ำสำลี กึ่งสำเร็จ (SM-PNC-BT-03001)
เครื่องฉีดพลาสติก 6,แม่พิมพ์พลาสติกฝาพิมเสนสำลี,ฝาพิมเสนน้ำสำลี W01 (SM-PNC-CA-02001)
เครื่องฉีดพลาสติก 6,แม่พิมพ์พลาสติกกระปุกพิมเสน 4โหล ,กระปุกพิมเสนน้ำ 4 โหล กึ่งสำเร็จ (SM-PNC-PB-02001)
เครื่องฉีดพลาสติก 6,แม่พิมพ์พลาสติกฝากระปุกพิมเสน 4โหล,ฝากระปุกพิมเสนน้ำ 4 โหล (SM-PNC-PB-01002)
เครื่องฉีดพลาสติก 6,แม่พิมพ์พลาสติกไม้แขวนเสื้อ,ไม้แขวนเสื้อสีเขียว (SM-HAN-PS-00001)
เครื่องฉีดพลาสติก 7,แม่พิมพ์พลาสติกตัวบน W01,ชิ้นส่วนยาดมตัวบน W01 (SM-PLS-UP-01001)
เครื่องฉีดพลาสติก 7,แม่พิมพ์พลาสติกตัวบน W02,ชิ้นส่วนยาดมตัวบน W02 (SM-PLS-UP-02001)
เครื่องฉีดพลาสติก 7,แม่พิมพ์พลาสติกตัวล่าง W01,ชิ้นส่วนยาดม PS ตัวล่างW01 (SM-PLS-LO-01001)
เครื่องฉีดพลาสติก 7,แม่พิมพ์พลาสติกตัวล่าง W02,ชิ้นส่วนยาดมตัวล่างW02 (SM-PLS-LO-02001)
เครื่องฉีดพลาสติก 7,แม่พิมพ์พลาสติกหลอดน้ำ W01,ชิ้นส่วนยาดมหลอดน้ำW01 (SM-PLS-TU-01001)
เครื่องฉีดพลาสติก 7,แม่พิมพ์พลาสติกหลอดน้ำ W02,ชิ้นส่วนยาดมหลอดน้ำW02 (SM-PLS-TU-02001)
เครื่องฉีดพลาสติก 7,แม่พิมพ์พลาสติกตัวบน PPR,ชิ้นส่วนยาดม PePex แดง ตัวบน (SM-PPR-TH-02001)
เครื่องฉีดพลาสติก 7,แม่พิมพ์พลาสติกตัวล่าง PPR,ชิ้นส่วนยาดม PePexแดง ตัวล่าง กึ่งสำเร็จ (SM-PPR-TH-03002)
เครื่องฉีดพลาสติก 7,แม่พิมพ์พลาสติกกระปุกพิมเสน 4โหล ,กระปุกพิมเสนน้ำ 4 โหล กึ่งสำเร็จ (SM-PNC-PB-02001)
เครื่องฉีดพลาสติก 7,แม่พิมพ์พลาสติกฝากระปุกพิมเสน 4โหล,ฝากระปุกพิมเสนน้ำ 4 โหล (SM-PNC-PB-01002)
เครื่องฉีดพลาสติก 7,แม่พิมพ์พลาสติกไม้แขวนเสื้อ,ไม้แขวนเสื้อสีเขียว (SM-HAN-PS-00001)
เครื่องฉีดพลาสติก 8,แม่พิมพ์พลาสติกตัวกลาง PPR,ชิ้นส่วนยาดม PePex แดง ตัวกลาง (SM-PPR-TH-02003)
เครื่องฉีดพลาสติก 8,แม่พิมพ์พลาสติกฝา 3 CC,ฝาเขียวแก้วแบน 3CC กึ่งสำเร็จ (SM-PNF-CA-02001)
เครื่องฉีดพลาสติก 8,แม่พิมพ์พลาสติกตัวบนพวกุญแจ,ชิ้นส่วนยาดมตัวบนพวงกุญแจ (SM-PLK-UP-00001)
เครื่องฉีดพลาสติก 8,แม่พิมพ์พลาสติกกระปุกพิมเสน 4โหล ,กระปุกพิมเสนน้ำ 4 โหล กึ่งสำเร็จ (SM-PNC-PB-02001)
เครื่องฉีดพลาสติก 8,แม่พิมพ์พลาสติกฝากระปุกพิมเสน 4โหล,ฝากระปุกพิมเสนน้ำ 4 โหล (SM-PNC-PB-01002)
เครื่องฉีดพลาสติก 8,แม่พิมพ์พลาสติกไม้แขวนเสื้อ,ไม้แขวนเสื้อสีเขียว (SM-HAN-PS-00001)
เครื่องเป่ากระปุกออมสิน,แม่พิมพ์พลาสติกกระปุกออมสิน,กระปุกออมสิน PS (SM-PLS-PB-00001)
