bom_id,current_picking_type_id,current_picking_type_name,proposed_picking_type_id,proposed_picking_type_name,confidence,review_required,decision_source,decision_reason,sku,variant_codes,product_name,category,route_ids,route_names,bom_line_count,operation_count,workcenters
2942,,,60,Manufacturing Plastic,high,False,sku_prefix_rule,"Business rule: SM prefix = Plastic | Existing routes [60, 62]",SM-PLS-UP-02001,SM-PLS-UP-02001,ชิ้นส่วนยาดมตัวบน W02,ชิ้นส่วนหลอด,"60,62","{""en_US"": ""Auto Transfer Semi (Pharma)""} | {""en_US"": ""Manufacture (Pharma)""}",2,1,เครื่องฉีดพลาสติก 5
2943,,,60,Manufacturing Plastic,high,False,sku_prefix_rule,Business rule: SM prefix = Plastic,SM-PLS-UP-01001,SM-PLS-UP-01001,ชิ้นส่วนยาดมตัวบน W01,ชิ้นส่วนหลอด,,,2,1,เครื่องฉีดพลาสติก 5
2944,,,60,Manufacturing Plastic,high,False,sku_prefix_rule,"Business rule: SM prefix = Plastic | Existing routes [60, 62]",SM-PLS-MI-02001,SM-PLS-MI-02001,ชิ้นส่วนยาดมตัวกลางW02,ชิ้นส่วนหลอด,"60,62","{""en_US"": ""Auto Transfer Semi (Pharma)""} | {""en_US"": ""Manufacture (Pharma)""}",2,1,เครื่องฉีดพลาสติก 2
2945,,,60,Manufacturing Plastic,high,False,sku_prefix_rule,Business rule: SM prefix = Plastic,SM-PLS-MI-01001,SM-PLS-MI-01001,ชิ้นส่วนยาดมตัวกลางW01,ชิ้นส่วนหลอด,,,2,1,เครื่องฉีดพลาสติก 4
2946,,,60,Manufacturing Plastic,high,False,sku_prefix_rule,"Business rule: SM prefix = Plastic | Existing routes [60, 62]",SM-PLS-LO-02001,SM-PLS-LO-02001,ชิ้นส่วนยาดมตัวล่างW02,ชิ้นส่วนหลอด,"60,62","{""en_US"": ""Auto Transfer Semi (Pharma)""} | {""en_US"": ""Manufacture (Pharma)""}",2,1,เครื่องฉีดพลาสติก 1
2947,,,60,Manufacturing Plastic,high,False,sku_prefix_rule,Business rule: SM prefix = Plastic,SM-PLS-LO-01001,SM-PLS-LO-01001,ชิ้นส่วนยาดม PS ตัวล่างW01,ชิ้นส่วนหลอด,,,2,0,
2948,,,60,Manufacturing Plastic,high,False,sku_prefix_rule,"Business rule: SM prefix = Plastic | Existing routes [61, 63]",SM-JOI-PK-02002,SM-JOI-PK-02002,ตัวต่อสี W02 ชมพูสะท้อนแสง,ชิ้นส่วนหลอด(พิมพ์) + ประกอบ,"61,63","{""en_US"": ""Auto Transfer Semi (Plastic)""} | {""en_US"": ""Manufacture (Plastic)""}",2,1,เครื่องฉีดพลาสติก 3
2949,,,60,Manufacturing Plastic,high,False,sku_prefix_rule,Business rule: SM prefix = Plastic,SM-JOI-PK-01002,SM-JOI-PK-01002,ตัวต่อสี W01 ชมพูสะท้อนแสง,ชิ้นส่วนหลอด(พิมพ์) + ประกอบ,,,2,1,เครื่องฉีดพลาสติก 3
2950,,,60,Manufacturing Plastic,high,False,sku_prefix_rule,"Business rule: SM prefix = Plastic | Existing routes [61, 63]",SM-JOI-PP-02001,SM-JOI-PP-02001,ตัวต่อสี W02 ม่วง,ชิ้นส่วนหลอด(พิมพ์) + ประกอบ,"61,63","{""en_US"": ""Auto Transfer Semi (Plastic)""} | {""en_US"": ""Manufacture (Plastic)""}",2,1,เครื่องฉีดพลาสติก 3
2951,,,60,Manufacturing Plastic,high,False,sku_prefix_rule,Business rule: SM prefix = Plastic,SM-JOI-PP-01001,SM-JOI-PP-01001,ตัวต่อสี W01 ม่วง,ชิ้นส่วนหลอด(พิมพ์) + ประกอบ,,,2,1,เครื่องฉีดพลาสติก 3
2952,,,60,Manufacturing Plastic,high,False,sku_prefix_rule,"Business rule: SM prefix = Plastic | Existing routes [61, 63]",SM-JOI-PK-02001,SM-JOI-PK-02001,ตัวต่อสี W02 ชมพู,ชิ้นส่วนหลอด(พิมพ์) + ประกอบ,"61,63","{""en_US"": ""Auto Transfer Semi (Plastic)""} | {""en_US"": ""Manufacture (Plastic)""}",2,1,เครื่องฉีดพลาสติก 3
2953,,,60,Manufacturing Plastic,high,False,sku_prefix_rule,Business rule: SM prefix = Plastic,SM-JOI-PK-01001,SM-JOI-PK-01001,ตัวต่อสี W01 ชมพู,ชิ้นส่วนหลอด(พิมพ์) + ประกอบ,,,2,1,เครื่องฉีดพลาสติก 3
2954,,,60,Manufacturing Plastic,high,False,sku_prefix_rule,"Business rule: SM prefix = Plastic | Existing routes [61, 63]",SM-JOI-BU-02001,SM-JOI-BU-02001,ตัวต่อสี W02 ฟ้า,ชิ้นส่วนหลอด(พิมพ์) + ประกอบ,"61,63","{""en_US"": ""Auto Transfer Semi (Plastic)""} | {""en_US"": ""Manufacture (Plastic)""}",2,1,เครื่องฉีดพลาสติก 3
2955,,,60,Manufacturing Plastic,high,False,sku_prefix_rule,Business rule: SM prefix = Plastic,SM-JOI-BU-01001,SM-JOI-BU-01001,ตัวต่อสี W01 ฟ้า,ชิ้นส่วนหลอด(พิมพ์) + ประกอบ,,,2,1,เครื่องฉีดพลาสติก 3
2956,,,60,Manufacturing Plastic,high,False,sku_prefix_rule,"Business rule: SM prefix = Plastic | Existing routes [61, 63]",SM-JOI-YW-02001,SM-JOI-YW-02001,ตัวต่อสี W02 เหลือง,ชิ้นส่วนหลอด(พิมพ์) + ประกอบ,"61,63","{""en_US"": ""Auto Transfer Semi (Plastic)""} | {""en_US"": ""Manufacture (Plastic)""}",2,1,เครื่องฉีดพลาสติก 3
2957,,,60,Manufacturing Plastic,high,False,sku_prefix_rule,Business rule: SM prefix = Plastic,SM-JOI-YW-01001,SM-JOI-YW-01001,ตัวต่อสี W01 เหลือง,ชิ้นส่วนหลอด(พิมพ์) + ประกอบ,,,2,1,เครื่องฉีดพลาสติก 3
2958,,,60,Manufacturing Plastic,high,False,sku_prefix_rule,"Business rule: SM prefix = Plastic | Existing routes [61, 63]",SM-JOI-GN-01001,SM-JOI-GN-01001,ตัวต่อสี W02 เขียว,ชิ้นส่วนหลอด(พิมพ์) + ประกอบ,"61,63","{""en_US"": ""Auto Transfer Semi (Plastic)""} | {""en_US"": ""Manufacture (Plastic)""}",2,1,เครื่องฉีดพลาสติก 3
2959,,,60,Manufacturing Plastic,high,False,sku_prefix_rule,Business rule: SM prefix = Plastic,SM-JOI-GR-02001,SM-JOI-GR-02001,ตัวต่อสี W01 เขียว,ชิ้นส่วนหลอด(พิมพ์) + ประกอบ,,,2,1,เครื่องฉีดพลาสติก 3
2960,,,60,Manufacturing Plastic,high,False,sku_prefix_rule,"Business rule: SM prefix = Plastic | Existing routes [60, 62]",SM-PLS-TU-02001,SM-PLS-TU-02001,ชิ้นส่วนยาดมหลอดน้ำW02,ชิ้นส่วนหลอด,"60,62","{""en_US"": ""Auto Transfer Semi (Pharma)""} | {""en_US"": ""Manufacture (Pharma)""}",1,1,เครื่องฉีดพลาสติก 4
2961,,,60,Manufacturing Plastic,high,False,sku_prefix_rule,Business rule: SM prefix = Plastic,SM-PLS-TU-01001,SM-PLS-TU-01001,ชิ้นส่วนยาดมหลอดน้ำW01,ชิ้นส่วนหลอด,,,1,1,เครื่องฉีดพลาสติก 4
2962,,,60,Manufacturing Plastic,high,False,sku_prefix_rule,"Business rule: SM prefix = Plastic | Existing routes [60, 62]",SM-PLS-PU-02001,SM-PLS-PU-02001,ชิ้นส่วนยาดมตัวอุดหลอดน้ำW02,ชิ้นส่วนหลอด,"60,62","{""en_US"": ""Auto Transfer Semi (Pharma)""} | {""en_US"": ""Manufacture (Pharma)""}",1,1,เครื่องฉีดพลาสติก 6
2963,,,60,Manufacturing Plastic,high,False,sku_prefix_rule,Business rule: SM prefix = Plastic,SM-PLS-PU-01001,SM-PLS-PU-01001,ชิ้นส่วนยาดมตัวอุดหลอดน้ำW01,ชิ้นส่วนหลอด,,,1,1,เครื่องฉีดพลาสติก 6
2964,,,60,Manufacturing Plastic,high,False,sku_prefix_rule,"Business rule: SM prefix = Plastic | Existing routes [60, 62]",SM-PSS-TH-03001,SM-PSS-TH-03001,ชิ้นส่วนยาดม PS ตัวบน,ชิ้นส่วนหลอด (ประกอบ),"60,62","{""en_US"": ""Auto Transfer Semi (Pharma)""} | {""en_US"": ""Manufacture (Pharma)""}",2,1,เครื่องพิมพ์ตัวบน 1
2965,,,60,Manufacturing Plastic,high,False,sku_prefix_rule,"Business rule: SM prefix = Plastic | Existing routes [60, 62]",SM-PSS-TH-03002,SM-PSS-TH-03002,ชิ้นส่วนยาดม PS ตัวล่าง,ชิ้นส่วนหลอด (ประกอบ),"60,62","{""en_US"": ""Auto Transfer Semi (Pharma)""} | {""en_US"": ""Manufacture (Pharma)""}",2,1,เครื่องพิมพ์ตัวล่าง 1
2966,,,60,Manufacturing Plastic,high,False,sku_prefix_rule,"Business rule: SM prefix = Plastic | Existing routes [60, 62]",SM-PSS-TH-02001,SM-PSS-TH-02001,ชิ้นส่วนยาดม PS ตัวบน+ตัวกลาง,ชิ้นส่วนหลอด(พิมพ์) + ประกอบ,"60,62","{""en_US"": ""Auto Transfer Semi (Pharma)""} | {""en_US"": ""Manufacture (Pharma)""}",2,1,เครื่องประกอบตัวบน + ตัวกลาง 1
2967,,,60,Manufacturing Plastic,high,False,sku_prefix_rule,"Business rule: SM prefix = Plastic | Existing routes [60, 62]",SM-PSS-TH-02002,SM-PSS-TH-02002,ชิ้นส่วนยาดม PS ตัวล่าง+หลอดน้ำ,ชิ้นส่วนหลอด(พิมพ์) + ประกอบ,"60,62","{""en_US"": ""Auto Transfer Semi (Pharma)""} | {""en_US"": ""Manufacture (Pharma)""}",3,1,เครื่องประกอบตัวล่าง+หลอดน้ำ+ตัวอุด 1
2968,,,60,Manufacturing Plastic,high,False,route,"Product routes include Plastic markers [61, 63]",RM-FIL-PS-01003,RM-FIL-PS-01003,ก้นกรองกระปุก,บรรจุภัณฑ์,"61,63","{""en_US"": ""Auto Transfer Semi (Plastic)""} | {""en_US"": ""Manufacture (Plastic)""}",1,2,เครื่องนับก้นกรอง  เครื่อง 1 | เครื่องนับก้นกรอง  เครื่อง 2
2969,,,59,Manufacturing Pharma,high,False,route,"Product routes include Pharma markers [60, 62]",RM-FIL-PS-01004,RM-FIL-PS-01004,ก้นกรองชุบน้ำยา PS,บรรจุภัณฑ์,"60,62","{""en_US"": ""Auto Transfer Semi (Pharma)""} | {""en_US"": ""Manufacture (Pharma)""}",2,1,เครื่องชุบก้นกรอง
2970,,,59,Manufacturing Pharma,high,False,sku_prefix_rule,Business rule: SO prefix = Pharma | Existing routes [62],SO-PSS-UP-01001,SO-PSS-UP-01001,น้ำยา PS Inhaler,น้ำยา,62,"{""en_US"": ""Manufacture (Pharma)""}",4,0,
2971,,,59,Manufacturing Pharma,high,False,sku_prefix_rule,Business rule: SO prefix = Pharma | Existing routes [62],SO-PSS-LO-01001,SO-PSS-LO-01001,น้ำยา PS Solution,น้ำยา,62,"{""en_US"": ""Manufacture (Pharma)""}",4,0,
2972,,,59,Manufacturing Pharma,high,False,route,"Product routes include Pharma markers [60, 62]",FG-PSS-TH-04001,FG-PSS-TH-04001,ยาดมโป๊ยเซียนชมพูสะท้อนแสง,ยาดมตราโป๊ยเซียน,"60,62","{""en_US"": ""Auto Transfer Semi (Pharma)""} | {""en_US"": ""Manufacture (Pharma)""}",5,1,เครื่องบรรจุประกอบหลอด เครื่อง 1
2973,,,59,Manufacturing Pharma,high,False,route,"Product routes include Pharma markers [60, 62]",FG-PSS-TH-04002,FG-PSS-TH-04002,ยาดมโป๊ยเซียนม่วง,ยาดมตราโป๊ยเซียน,"60,62","{""en_US"": ""Auto Transfer Semi (Pharma)""} | {""en_US"": ""Manufacture (Pharma)""}",5,1,เครื่องบรรจุประกอบหลอด เครื่อง 1
2974,,,59,Manufacturing Pharma,high,False,route,"Product routes include Pharma markers [60, 62]",FG-PSS-TH-04003,FG-PSS-TH-04003,ยาดมโป๊ยเซียนชมพู,ยาดมตราโป๊ยเซียน,"60,62","{""en_US"": ""Auto Transfer Semi (Pharma)""} | {""en_US"": ""Manufacture (Pharma)""}",5,1,เครื่องบรรจุประกอบหลอด เครื่อง 1
2975,,,59,Manufacturing Pharma,high,False,route,"Product routes include Pharma markers [60, 62]",FG-PSS-TH-04004,FG-PSS-TH-04004,ยาดมโป๊ยเซียนฟ้า,ยาดมตราโป๊ยเซียน,"60,62","{""en_US"": ""Auto Transfer Semi (Pharma)""} | {""en_US"": ""Manufacture (Pharma)""}",5,1,เครื่องบรรจุประกอบหลอด เครื่อง 1
2976,,,59,Manufacturing Pharma,high,False,route,"Product routes include Pharma markers [60, 62]",FG-PSS-TH-04005,FG-PSS-TH-04005,ยาดมโป๊ยเซียนเหลือง,ยาดมตราโป๊ยเซียน,"60,62","{""en_US"": ""Auto Transfer Semi (Pharma)""} | {""en_US"": ""Manufacture (Pharma)""}",5,1,เครื่องบรรจุประกอบหลอด เครื่อง 1
2977,,,59,Manufacturing Pharma,high,False,route,"Product routes include Pharma markers [60, 62]",FG-PSS-TH-04006,FG-PSS-TH-04006,ยาดมโป๊ยเซียนเขียว,ยาดมตราโป๊ยเซียน,"60,62","{""en_US"": ""Auto Transfer Semi (Pharma)""} | {""en_US"": ""Manufacture (Pharma)""}",5,1,เครื่องบรรจุประกอบหลอด เครื่อง 1
2978,,,59,Manufacturing Pharma,high,False,route,"Product routes include Pharma markers [60, 62]",FG-PSS-TH-03001,FG-PSS-TH-03001,ยาดมโป๊ยเซียนแผง,ยาดมตราโป๊ยเซียน,"60,62","{""en_US"": ""Auto Transfer Semi (Pharma)""} | {""en_US"": ""Manufacture (Pharma)""}",8,2,เครื่องอัดแผงยาดม 3 Cut เครื่อง 1 | เครื่องอัดแผงยาดม 3 Cut เครื่อง 2
2979,,,59,Manufacturing Pharma,high,False,route,"Product routes include Pharma markers [60, 62]",FG-PSS-TH-02001,FG-PSS-TH-02001,ยาดมโป๊ยเซียนกล่อง 5 โหล ,ยาดมตราโป๊ยเซียน,"60,62","{""en_US"": ""Auto Transfer Semi (Pharma)""} | {""en_US"": ""Manufacture (Pharma)""}",3,2,เครื่องชั่งสายพาน Check weight balance | เครื่องหุ้มฟิล์ม 5 โหล แบบอุโมงค์
2980,,,59,Manufacturing Pharma,high,False,route,Product routes include Pharma markers [62],FG-PSS-TH-01001,FG-PSS-TH-01001,ยาดมโป๊ยเซียน (1x6) แผง,ยาดมตราโป๊ยเซียน,62,"{""en_US"": ""Manufacture (Pharma)""}",3,1,เครื่องปิดเทปกาวกล่อง
2981,,,59,Manufacturing Pharma,high,False,route,Product routes include Pharma markers [62],FG-PSS-TH-01002,FG-PSS-TH-01002,ยาดมโป๊ยเซียน (10x6) 5โหล,ยาดมตราโป๊ยเซียน,62,"{""en_US"": ""Manufacture (Pharma)""}",3,1,เครื่องปิดเทปกาวกล่อง
2982,,,59,Manufacturing Pharma,high,False,route,Product routes include Pharma markers [62],FG-PSS-TH-01005,FG-PSS-TH-01005,ยาดมโป๊ยเซียน (10x6) 80โหล,ยาดมตราโป๊ยเซียน,62,"{""en_US"": ""Manufacture (Pharma)""}",3,1,เครื่องปิดเทปกาวกล่อง
2983,,,59,Manufacturing Pharma,high,False,route,Product routes include Pharma markers [62],FG-PSS-TH-01007,FG-PSS-TH-01007,ยาดมโป๊ยเซียน (10x6) 50+20โหล,ยาดมตราโป๊ยเซียน,62,"{""en_US"": ""Manufacture (Pharma)""}",3,1,เครื่องปิดเทปกาวกล่อง
2984,,,59,Manufacturing Pharma,high,False,route,"Product routes include Pharma markers [60, 62]",FG-PSS-XX-01001,FG-PSS-XX-01001,ยาดมโป๊ยเซียน (10x6) 5โหล ตปท,ยาดมตราโป๊ยเซียน,"1,60,62","{""en_US"": ""Auto Transfer Semi (Pharma)""} | {""en_US"": ""Manufacture (Pharma)""} | {""en_US"": ""Replenish on Order (MTO)"", ""th_TH"": ""เติมสินค้าตามคำสั่งขาย (MTO)""}",3,1,เครื่องปิดเทปกาวกล่อง
2985,,,59,Manufacturing Pharma,high,False,route,Product routes include Pharma markers [62],FG-PSS-TH-01008,FG-PSS-TH-01008,ยาดมโป๊ยเซียน (10x6) 14กล่อง,ยาดมตราโป๊ยเซียน,62,"{""en_US"": ""Manufacture (Pharma)""}",3,1,เครื่องปิดเทปกาวกล่อง
2986,,,59,Manufacturing Pharma,high,False,route,Product routes include Pharma markers [62],FG-PSS-TH-02002,FG-PSS-TH-02002,ยาดมโป๊ยเซียนกล่อง 2 โหล ไม่หุ้ม,ยาดมตราโป๊ยเซียน,62,"{""en_US"": ""Manufacture (Pharma)""}",2,2,เครื่องชั่งสายพาน Check weight balance | เครื่องหุ้มฟิล์ม 5 โหล แบบอุโมงค์
2987,,,59,Manufacturing Pharma,high,False,route,Product routes include Pharma markers [62],FG-PSS-TH-02003,FG-PSS-TH-02003,ยาดมโป๊ยเซียนกล่อง 2 โหล หุ้ม,ยาดมตราโป๊ยเซียน,62,"{""en_US"": ""Manufacture (Pharma)""}",3,2,เครื่องชั่งสายพาน Check weight balance | เครื่องหุ้มฟิล์ม 5 โหล แบบอุโมงค์
2988,,,59,Manufacturing Pharma,high,False,route,"Product routes include Pharma markers [60, 62]",FG-PSS-TH-02004,FG-PSS-TH-02004,ยาดมโป๊ยเซียนถุงโหล,ยาดมตราโป๊ยเซียน,"60,62","{""en_US"": ""Auto Transfer Semi (Pharma)""} | {""en_US"": ""Manufacture (Pharma)""}",2,1,เครื่องหุ้มฟิล์ม 5 โหล แบบอุโมงค์
2989,,,59,Manufacturing Pharma,high,False,route,Product routes include Pharma markers [62],FG-PSS-TH-01004,FG-PSS-TH-01004,ยาดมโป๊ยเซียน (4x6) 100โหล 7-11,ยาดมตราโป๊ยเซียน,62,"{""en_US"": ""Manufacture (Pharma)""}",3,1,เครื่องปิดเทปกาวกล่อง
2991,,,59,Manufacturing Pharma,high,False,route,Product routes include Pharma markers [62],FG-PSS-TH-01003,FG-PSS-TH-01003,ยาดมโป๊ยเซียน (2x6) 70โหล ลังยาว,ยาดมตราโป๊ยเซียน,62,"{""en_US"": ""Manufacture (Pharma)""}",3,1,เครื่องปิดเทปกาวกล่อง
3018,,,60,Manufacturing Plastic,high,False,sku_prefix_rule,Business rule: SM prefix = Plastic,SM-PSS-MY-03001,SM-PSS-MY-03001,ชิ้นส่วนยาดม PS ตัวบน มาเลเซีย,ชิ้นส่วนหลอด (ประกอบ),,,2,1,เครื่องพิมพ์ตัวบน 1
3019,,,60,Manufacturing Plastic,high,False,sku_prefix_rule,Business rule: SM prefix = Plastic,SM-PSS-MY-03002,SM-PSS-MY-03002,ชิ้นส่วนยาดม PS ตัวล่าง มาเลเซีย,ชิ้นส่วนหลอด (ประกอบ),,,2,1,เครื่องพิมพ์ตัวล่าง 1
3020,,,60,Manufacturing Plastic,high,False,sku_prefix_rule,Business rule: SM prefix = Plastic,SM-PSS-MY-02001,SM-PSS-MY-02001,ชิ้นส่วนยาดม PS ตัวบน+ตัวกลาง มาเลเซีย,ชิ้นส่วนหลอด(พิมพ์) + ประกอบ,,,2,1,เครื่องประกอบตัวบน + ตัวกลาง 1
3021,,,60,Manufacturing Plastic,high,False,sku_prefix_rule,Business rule: SM prefix = Plastic,SM-PSS-MY-02002,SM-PSS-MY-02002,ชิ้นส่วนยาดม PS ตัวล่าง+หลอดน้ำ มาเลเซีย,ชิ้นส่วนหลอด(พิมพ์) + ประกอบ,,,3,1,เครื่องประกอบตัวล่าง+หลอดน้ำ+ตัวอุด 1
3034,,,59,Manufacturing Pharma,high,False,route,"Product routes include Pharma markers [60, 62]",FG-PSS-MM-03002,FG-PSS-MM-03002,ยาดมโป๊ยเซียน แผง พม่า,ยาดมตราโป๊ยเซียน,"1,60,62","{""en_US"": ""Auto Transfer Semi (Pharma)""} | {""en_US"": ""Manufacture (Pharma)""} | {""en_US"": ""Replenish on Order (MTO)"", ""th_TH"": ""เติมสินค้าตามคำสั่งขาย (MTO)""}",8,2,เครื่องอัดแผงยาดม 3 Cut เครื่อง 1 | เครื่องอัดแผงยาดม 3 Cut เครื่อง 2
3035,,,59,Manufacturing Pharma,high,False,route,"Product routes include Pharma markers [60, 62]",FG-PSS-MM-02001,FG-PSS-MM-02001,ยาดมโป๊ยเซียน 5โหล พม่า,ยาดมตราโป๊ยเซียน,"1,60,62","{""en_US"": ""Auto Transfer Semi (Pharma)""} | {""en_US"": ""Manufacture (Pharma)""} | {""en_US"": ""Replenish on Order (MTO)"", ""th_TH"": ""เติมสินค้าตามคำสั่งขาย (MTO)""}",3,2,เครื่องชั่งสายพาน Check weight balance | เครื่องหุ้มฟิล์ม 5 โหล แบบอุโมงค์
3036,,,59,Manufacturing Pharma,high,False,route,"Product routes include Pharma markers [60, 62]",FG-PSS-MM-01001,FG-PSS-MM-01001,ยาดมโป๊ยเซียน(10x6) 5โหล พม่า,ยาดมตราโป๊ยเซียน,"1,60,62","{""en_US"": ""Auto Transfer Semi (Pharma)""} | {""en_US"": ""Manufacture (Pharma)""} | {""en_US"": ""Replenish on Order (MTO)"", ""th_TH"": ""เติมสินค้าตามคำสั่งขาย (MTO)""}",3,1,เครื่องปิดเทปกาวกล่อง
3050,,,60,Manufacturing Plastic,high,False,sku_prefix_rule,"Business rule: SM prefix = Plastic | Existing routes [1, 60, 62]",SM-PSS-DE-03001,SM-PSS-DE-03001,ชิ้นส่วนยาดม PS ตัวบน เยอรมัน,ชิ้นส่วนหลอด (ประกอบ),"1,60,62","{""en_US"": ""Auto Transfer Semi (Pharma)""} | {""en_US"": ""Manufacture (Pharma)""} | {""en_US"": ""Replenish on Order (MTO)"", ""th_TH"": ""เติมสินค้าตามคำสั่งขาย (MTO)""}",2,1,เครื่องพิมพ์ตัวบน 1
3051,,,60,Manufacturing Plastic,high,False,sku_prefix_rule,"Business rule: SM prefix = Plastic | Existing routes [1, 60, 62]",SM-PSS-DE-03002,SM-PSS-DE-03002,ชิ้นส่วนยาดม PS ตัวล่าง เยอรมัน,ชิ้นส่วนหลอด (ประกอบ),"1,60,62","{""en_US"": ""Auto Transfer Semi (Pharma)""} | {""en_US"": ""Manufacture (Pharma)""} | {""en_US"": ""Replenish on Order (MTO)"", ""th_TH"": ""เติมสินค้าตามคำสั่งขาย (MTO)""}",2,1,เครื่องพิมพ์ตัวล่าง 1
3052,,,60,Manufacturing Plastic,high,False,sku_prefix_rule,"Business rule: SM prefix = Plastic | Existing routes [1, 60, 62]",SM-PSS-DE-02001,SM-PSS-DE-02001,ชิ้นส่วนยาดม PS ตัวบน+ตัวกลาง เยอรมัน,ชิ้นส่วนหลอด(พิมพ์) + ประกอบ,"1,60,62","{""en_US"": ""Auto Transfer Semi (Pharma)""} | {""en_US"": ""Manufacture (Pharma)""} | {""en_US"": ""Replenish on Order (MTO)"", ""th_TH"": ""เติมสินค้าตามคำสั่งขาย (MTO)""}",2,1,เครื่องประกอบตัวบน + ตัวกลาง 1
3053,,,60,Manufacturing Plastic,high,False,sku_prefix_rule,"Business rule: SM prefix = Plastic | Existing routes [1, 60, 62]",SM-PSS-DE-02002,SM-PSS-DE-02002,ชิ้นส่วนยาดม PS ตัวล่าง+หลอดน้ำ เยอรมัน,ชิ้นส่วนหลอด(พิมพ์) + ประกอบ,"1,60,62","{""en_US"": ""Auto Transfer Semi (Pharma)""} | {""en_US"": ""Manufacture (Pharma)""} | {""en_US"": ""Replenish on Order (MTO)"", ""th_TH"": ""เติมสินค้าตามคำสั่งขาย (MTO)""}",3,1,เครื่องประกอบตัวล่าง+หลอดน้ำ+ตัวอุด 1
3054,,,59,Manufacturing Pharma,high,False,route,"Product routes include Pharma markers [60, 62]",FG-PSS-DE-04001,FG-PSS-DE-04001,ยาดมโป๊ยเซียนสีชมพูสะท้อนแสง เยอรมัน,ยาดมตราโป๊ยเซียน,"1,60,62","{""en_US"": ""Auto Transfer Semi (Pharma)""} | {""en_US"": ""Manufacture (Pharma)""} | {""en_US"": ""Replenish on Order (MTO)"", ""th_TH"": ""เติมสินค้าตามคำสั่งขาย (MTO)""}",5,1,เครื่องบรรจุประกอบหลอด เครื่อง 1
3055,,,59,Manufacturing Pharma,high,False,route,"Product routes include Pharma markers [60, 62]",FG-PSS-DE-04002,FG-PSS-DE-04002,ยาดมโป๊ยเซียนสีม่วง เยอรมัน,ยาดมตราโป๊ยเซียน,"1,60,62","{""en_US"": ""Auto Transfer Semi (Pharma)""} | {""en_US"": ""Manufacture (Pharma)""} | {""en_US"": ""Replenish on Order (MTO)"", ""th_TH"": ""เติมสินค้าตามคำสั่งขาย (MTO)""}",5,1,เครื่องบรรจุประกอบหลอด เครื่อง 1
3056,,,59,Manufacturing Pharma,high,False,route,"Product routes include Pharma markers [60, 62]",FG-PSS-DE-04003,FG-PSS-DE-04003,ยาดมโป๊ยเซียนชมพู เยอรมัน,ยาดมตราโป๊ยเซียน,"1,60,62","{""en_US"": ""Auto Transfer Semi (Pharma)""} | {""en_US"": ""Manufacture (Pharma)""} | {""en_US"": ""Replenish on Order (MTO)"", ""th_TH"": ""เติมสินค้าตามคำสั่งขาย (MTO)""}",5,1,เครื่องบรรจุประกอบหลอด เครื่อง 1
3057,,,59,Manufacturing Pharma,high,False,route,"Product routes include Pharma markers [60, 62]",FG-PSS-DE-04004,FG-PSS-DE-04004,ยาดมโป๊ยเซียนฟ้า เยอรมัน,ยาดมตราโป๊ยเซียน,"1,60,62","{""en_US"": ""Auto Transfer Semi (Pharma)""} | {""en_US"": ""Manufacture (Pharma)""} | {""en_US"": ""Replenish on Order (MTO)"", ""th_TH"": ""เติมสินค้าตามคำสั่งขาย (MTO)""}",5,1,เครื่องบรรจุประกอบหลอด เครื่อง 1
3058,,,59,Manufacturing Pharma,high,False,route,"Product routes include Pharma markers [60, 62]",FG-PSS-DE-04005,FG-PSS-DE-04005,ยาดมโป๊ยเซียนเหลือง เยอรมัน,ยาดมตราโป๊ยเซียน,"1,60,62","{""en_US"": ""Auto Transfer Semi (Pharma)""} | {""en_US"": ""Manufacture (Pharma)""} | {""en_US"": ""Replenish on Order (MTO)"", ""th_TH"": ""เติมสินค้าตามคำสั่งขาย (MTO)""}",5,1,เครื่องบรรจุประกอบหลอด เครื่อง 1
3059,,,59,Manufacturing Pharma,high,False,route,"Product routes include Pharma markers [60, 62]",FG-PSS-DE-04006,FG-PSS-DE-04006,ยาดมโป๊ยเซียนเขียว เยอรมัน,ยาดมตราโป๊ยเซียน,"1,60,62","{""en_US"": ""Auto Transfer Semi (Pharma)""} | {""en_US"": ""Manufacture (Pharma)""} | {""en_US"": ""Replenish on Order (MTO)"", ""th_TH"": ""เติมสินค้าตามคำสั่งขาย (MTO)""}",5,1,เครื่องบรรจุประกอบหลอด เครื่อง 1
3060,,,59,Manufacturing Pharma,high,False,route,"Product routes include Pharma markers [60, 62]",FG-PSS-DE-03001,FG-PSS-DE-03001,ยาดมโป๊ยเซียน แผง เยอรมัน,ยาดมตราโป๊ยเซียน,"1,60,62","{""en_US"": ""Auto Transfer Semi (Pharma)""} | {""en_US"": ""Manufacture (Pharma)""} | {""en_US"": ""Replenish on Order (MTO)"", ""th_TH"": ""เติมสินค้าตามคำสั่งขาย (MTO)""}",8,2,เครื่องอัดแผงยาดม 3 Cut เครื่อง 1 | เครื่องอัดแผงยาดม 3 Cut เครื่อง 2
3061,,,59,Manufacturing Pharma,high,False,route,"Product routes include Pharma markers [60, 62]",FG-PSS-DE-02001,FG-PSS-DE-02001,ยาดมโป๊ยเซียน 5โหล เยอรมัน,ยาดมตราโป๊ยเซียน,"1,60,62","{""en_US"": ""Auto Transfer Semi (Pharma)""} | {""en_US"": ""Manufacture (Pharma)""} | {""en_US"": ""Replenish on Order (MTO)"", ""th_TH"": ""เติมสินค้าตามคำสั่งขาย (MTO)""}",3,2,เครื่องชั่งสายพาน Check weight balance | เครื่องหุ้มฟิล์ม 5 โหล แบบอุโมงค์
3062,,,59,Manufacturing Pharma,high,False,route,"Product routes include Pharma markers [60, 62]",FG-PSS-DE-01001,FG-PSS-DE-01001,ยาดมโป๊ยเซียน(10x6) 5โหล เยอรมัน,ยาดมตราโป๊ยเซียน,"1,60,62","{""en_US"": ""Auto Transfer Semi (Pharma)""} | {""en_US"": ""Manufacture (Pharma)""} | {""en_US"": ""Replenish on Order (MTO)"", ""th_TH"": ""เติมสินค้าตามคำสั่งขาย (MTO)""}",3,1,เครื่องปิดเทปกาวกล่อง
3092,,,60,Manufacturing Plastic,high,False,sku_prefix_rule,Business rule: SM prefix = Plastic,SM-PSK-TH-03001,SM-PSK-TH-03001,ชิ้นส่วนยาดม PS Key ตัวบน,ชิ้นส่วนหลอด (ประกอบ),,,2,1,เครื่องพิมพ์ตัวบน 1
3093,,,60,Manufacturing Plastic,high,False,sku_prefix_rule,Business rule: SM prefix = Plastic,SM-PSK-TH-03002,SM-PSK-TH-03002,ชิ้นส่วนยาดม PS Key ตัวล่าง,ชิ้นส่วนหลอด (ประกอบ),,,2,1,เครื่องพิมพ์ตัวล่าง 1
3094,,,60,Manufacturing Plastic,high,False,sku_prefix_rule,Business rule: SM prefix = Plastic,SM-PSK-TH-02001,SM-PSK-TH-02001,ชิ้นส่วนยาดม PS Key ตัวบน+ตัวกลาง,ชิ้นส่วนหลอด(พิมพ์) + ประกอบ,,,2,1,เครื่องประกอบตัวบน + ตัวกลาง 1
3095,,,60,Manufacturing Plastic,high,False,sku_prefix_rule,Business rule: SM prefix = Plastic,SM-PSK-TH-02002,SM-PSK-TH-02002,ชิ้นส่วนยาดม PS Key ตัวล่าง+หลอดน้ำ,ชิ้นส่วนหลอด(พิมพ์) + ประกอบ,,,3,1,เครื่องประกอบตัวล่าง+หลอดน้ำ+ตัวอุด 1
3139,,,60,Manufacturing Plastic,high,False,sku_prefix_rule,"Business rule: SM prefix = Plastic | Existing routes [1, 60, 62]",SM-MTS-XX-02001,SM-MTS-XX-02001,ชิ้นส่วนยาดม MarkII 3สูตร ตัวบน+ตัวกลาง,ชิ้นส่วนหลอด(พิมพ์) + ประกอบ,"1,60,62","{""en_US"": ""Auto Transfer Semi (Pharma)""} | {""en_US"": ""Manufacture (Pharma)""} | {""en_US"": ""Replenish on Order (MTO)"", ""th_TH"": ""เติมสินค้าตามคำสั่งขาย (MTO)""}",2,1,เครื่องประกอบตัวบน + ตัวกลาง 1
3140,,,60,Manufacturing Plastic,high,False,sku_prefix_rule,"Business rule: SM prefix = Plastic | Existing routes [1, 60, 62]",SM-MTS-XX-02002,SM-MTS-XX-02002,ชิ้นส่วนยาดม MarkII 3สูตร ตัวล่าง+หลอดน้ำ,ชิ้นส่วนหลอด(พิมพ์) + ประกอบ,"1,60,62","{""en_US"": ""Auto Transfer Semi (Pharma)""} | {""en_US"": ""Manufacture (Pharma)""} | {""en_US"": ""Replenish on Order (MTO)"", ""th_TH"": ""เติมสินค้าตามคำสั่งขาย (MTO)""}",3,1,เครื่องประกอบตัวล่าง+หลอดน้ำ+ตัวอุด 1
3141,,,60,Manufacturing Plastic,high,False,sku_prefix_rule,"Business rule: SM prefix = Plastic | Existing routes [1, 60, 62]",SM-MTS-XX-03001,SM-MTS-XX-03001,ชิ้นส่วนยาดม MarkII 3สูตร ตัวบน,ชิ้นส่วนหลอด (ประกอบ),"1,60,62","{""en_US"": ""Auto Transfer Semi (Pharma)""} | {""en_US"": ""Manufacture (Pharma)""} | {""en_US"": ""Replenish on Order (MTO)"", ""th_TH"": ""เติมสินค้าตามคำสั่งขาย (MTO)""}",2,1,เครื่องพิมพ์ตัวบน 1
3142,,,60,Manufacturing Plastic,high,False,sku_prefix_rule,"Business rule: SM prefix = Plastic | Existing routes [1, 60, 62]",SM-MTS-XX-03002,SM-MTS-XX-03002,ชิ้นส่วนยาดม MarkII 3สูตร ตัวล่าง,ชิ้นส่วนหลอด (ประกอบ),"1,60,62","{""en_US"": ""Auto Transfer Semi (Pharma)""} | {""en_US"": ""Manufacture (Pharma)""} | {""en_US"": ""Replenish on Order (MTO)"", ""th_TH"": ""เติมสินค้าตามคำสั่งขาย (MTO)""}",2,1,เครื่องพิมพ์ตัวล่าง 1
3143,,,59,Manufacturing Pharma,high,False,route,"Product routes include Pharma markers [60, 62]",FG-MTS-XX-04001,FG-MTS-XX-04001,ยาดม Mark II สีชมพูสะท้อนแสง,ยาดม MARK II,"1,60,62","{""en_US"": ""Auto Transfer Semi (Pharma)""} | {""en_US"": ""Manufacture (Pharma)""} | {""en_US"": ""Replenish on Order (MTO)"", ""th_TH"": ""เติมสินค้าตามคำสั่งขาย (MTO)""}",5,1,เครื่องบรรจุประกอบหลอด เครื่อง 1
3144,,,59,Manufacturing Pharma,high,False,route,"Product routes include Pharma markers [60, 62]",FG-MTS-XX-04002,FG-MTS-XX-04002,ยาดม Mark II สีม่วง,ยาดม MARK II,"1,60,62","{""en_US"": ""Auto Transfer Semi (Pharma)""} | {""en_US"": ""Manufacture (Pharma)""} | {""en_US"": ""Replenish on Order (MTO)"", ""th_TH"": ""เติมสินค้าตามคำสั่งขาย (MTO)""}",5,1,เครื่องบรรจุประกอบหลอด เครื่อง 1
3145,,,59,Manufacturing Pharma,high,False,route,"Product routes include Pharma markers [60, 62]",FG-MTS-XX-04003,FG-MTS-XX-04003,ยาดม Mark II สีชมพู,ยาดม MARK II,"1,60,62","{""en_US"": ""Auto Transfer Semi (Pharma)""} | {""en_US"": ""Manufacture (Pharma)""} | {""en_US"": ""Replenish on Order (MTO)"", ""th_TH"": ""เติมสินค้าตามคำสั่งขาย (MTO)""}",5,1,เครื่องบรรจุประกอบหลอด เครื่อง 1
3146,,,59,Manufacturing Pharma,high,False,route,"Product routes include Pharma markers [60, 62]",FG-MTS-XX-04004,FG-MTS-XX-04004,ยาดม Mark II สีฟ้า,ยาดม MARK II,"1,60,62","{""en_US"": ""Auto Transfer Semi (Pharma)""} | {""en_US"": ""Manufacture (Pharma)""} | {""en_US"": ""Replenish on Order (MTO)"", ""th_TH"": ""เติมสินค้าตามคำสั่งขาย (MTO)""}",5,1,เครื่องบรรจุประกอบหลอด เครื่อง 1
3147,,,59,Manufacturing Pharma,high,False,route,"Product routes include Pharma markers [60, 62]",FG-MTS-XX-04005,FG-MTS-XX-04005,ยาดม Mark II สีเหลือง,ยาดม MARK II,"1,60,62","{""en_US"": ""Auto Transfer Semi (Pharma)""} | {""en_US"": ""Manufacture (Pharma)""} | {""en_US"": ""Replenish on Order (MTO)"", ""th_TH"": ""เติมสินค้าตามคำสั่งขาย (MTO)""}",5,1,เครื่องบรรจุประกอบหลอด เครื่อง 1
3148,,,59,Manufacturing Pharma,high,False,route,"Product routes include Pharma markers [60, 62]",FG-MTS-XX-04006,FG-MTS-XX-04006,ยาดม Mark II สีเขียว,ยาดม MARK II,"1,60,62","{""en_US"": ""Auto Transfer Semi (Pharma)""} | {""en_US"": ""Manufacture (Pharma)""} | {""en_US"": ""Replenish on Order (MTO)"", ""th_TH"": ""เติมสินค้าตามคำสั่งขาย (MTO)""}",5,1,เครื่องบรรจุประกอบหลอด เครื่อง 1
3149,,,59,Manufacturing Pharma,high,False,sku_prefix_rule,"Business rule: SO prefix = Pharma | Existing routes [1, 62]",SO-MTS-XX-01001,SO-MTS-XX-01001,น้ำยา Mark II Solution,น้ำยา,"1,62","{""en_US"": ""Manufacture (Pharma)""} | {""en_US"": ""Replenish on Order (MTO)"", ""th_TH"": ""เติมสินค้าตามคำสั่งขาย (MTO)""}",4,0,
3153,,,59,Manufacturing Pharma,high,False,route,"Product routes include Pharma markers [60, 62]",FG-MTS-GH-03001,FG-MTS-GH-03001,ยาดม Mark II แผง กาน่า,ยาดม MARK II,"1,60,62","{""en_US"": ""Auto Transfer Semi (Pharma)""} | {""en_US"": ""Manufacture (Pharma)""} | {""en_US"": ""Replenish on Order (MTO)"", ""th_TH"": ""เติมสินค้าตามคำสั่งขาย (MTO)""}",8,2,เครื่องอัดแผงยาดม 3 Cut เครื่อง 1 | เครื่องอัดแผงยาดม 3 Cut เครื่อง 2
3154,,,59,Manufacturing Pharma,high,False,route,"Product routes include Pharma markers [60, 62]",FG-MTS-GH-02001,FG-MTS-GH-02001,ยาดม Mark II กล่อง 5 โหล กาน่า(หุ้ม),ยาดม MARK II,"1,60,62","{""en_US"": ""Auto Transfer Semi (Pharma)""} | {""en_US"": ""Manufacture (Pharma)""} | {""en_US"": ""Replenish on Order (MTO)"", ""th_TH"": ""เติมสินค้าตามคำสั่งขาย (MTO)""}",3,2,เครื่องชั่งสายพาน Check weight balance | เครื่องหุ้มฟิล์ม 5 โหล แบบอุโมงค์
3155,,,59,Manufacturing Pharma,high,False,route,"Product routes include Pharma markers [60, 62]",FG-MTS-GH-01001,FG-MTS-GH-01001,ยาดม Mark II (10x6) 5โหล กาน่า,ยาดม MARK II,"1,60,62","{""en_US"": ""Auto Transfer Semi (Pharma)""} | {""en_US"": ""Manufacture (Pharma)""} | {""en_US"": ""Replenish on Order (MTO)"", ""th_TH"": ""เติมสินค้าตามคำสั่งขาย (MTO)""}",3,1,เครื่องปิดเทปกาวกล่อง
3183,,,60,Manufacturing Plastic,high,False,sku_prefix_rule,"Business rule: SM prefix = Plastic | Existing routes [1, 60, 62]",SM-MTS-TW-03001,SM-MTS-TW-03001,ชิ้นส่วนยาดม MarkII Taiwan ตัวบน,ชิ้นส่วนหลอด (ประกอบ),"1,60,62","{""en_US"": ""Auto Transfer Semi (Pharma)""} | {""en_US"": ""Manufacture (Pharma)""} | {""en_US"": ""Replenish on Order (MTO)"", ""th_TH"": ""เติมสินค้าตามคำสั่งขาย (MTO)""}",2,1,เครื่องพิมพ์ตัวบน 1
3184,,,60,Manufacturing Plastic,high,False,sku_prefix_rule,"Business rule: SM prefix = Plastic | Existing routes [1, 60, 62]",SM-MTS-TW-03002,SM-MTS-TW-03002,ชิ้นส่วนยาดม MarkII Taiwan ตัวล่าง,ชิ้นส่วนหลอด (ประกอบ),"1,60,62","{""en_US"": ""Auto Transfer Semi (Pharma)""} | {""en_US"": ""Manufacture (Pharma)""} | {""en_US"": ""Replenish on Order (MTO)"", ""th_TH"": ""เติมสินค้าตามคำสั่งขาย (MTO)""}",2,1,เครื่องพิมพ์ตัวล่าง 1
3185,,,60,Manufacturing Plastic,high,False,sku_prefix_rule,"Business rule: SM prefix = Plastic | Existing routes [1, 60, 62]",SM-MTS-TW-02001,SM-MTS-TW-02001,ชิ้นส่วนยาดม MarkII Taiwan ตัวบน+ตัวกลาง,ชิ้นส่วนหลอด(พิมพ์) + ประกอบ,"1,60,62","{""en_US"": ""Auto Transfer Semi (Pharma)""} | {""en_US"": ""Manufacture (Pharma)""} | {""en_US"": ""Replenish on Order (MTO)"", ""th_TH"": ""เติมสินค้าตามคำสั่งขาย (MTO)""}",2,1,เครื่องประกอบตัวบน + ตัวกลาง 1
3186,,,60,Manufacturing Plastic,high,False,sku_prefix_rule,"Business rule: SM prefix = Plastic | Existing routes [1, 60, 62]",SM-MTS-TW-02002,SM-MTS-TW-02002,ชิ้นส่วนยาดม MarkII Taiwan ตัวล่าง+หลอดน้ำ,ชิ้นส่วนหลอด(พิมพ์) + ประกอบ,"1,60,62","{""en_US"": ""Auto Transfer Semi (Pharma)""} | {""en_US"": ""Manufacture (Pharma)""} | {""en_US"": ""Replenish on Order (MTO)"", ""th_TH"": ""เติมสินค้าตามคำสั่งขาย (MTO)""}",3,1,เครื่องประกอบตัวล่าง+หลอดน้ำ+ตัวอุด 1
3187,,,59,Manufacturing Pharma,high,False,route,"Product routes include Pharma markers [60, 62]",FG-MTS-TW-02001,FG-MTS-TW-02001,ยาดม Mark II ไต้หวัน สีชมพูสะท้อนแสง,ยาดม MARK II,"1,60,62","{""en_US"": ""Auto Transfer Semi (Pharma)""} | {""en_US"": ""Manufacture (Pharma)""} | {""en_US"": ""Replenish on Order (MTO)"", ""th_TH"": ""เติมสินค้าตามคำสั่งขาย (MTO)""}",5,1,เครื่องบรรจุประกอบหลอด เครื่อง 1
3188,,,59,Manufacturing Pharma,high,False,route,"Product routes include Pharma markers [60, 62]",FG-MTS-TW-02002,FG-MTS-TW-02002,ยาดม Mark II ไต้หวัน สีม่วง,ยาดม MARK II,"1,60,62","{""en_US"": ""Auto Transfer Semi (Pharma)""} | {""en_US"": ""Manufacture (Pharma)""} | {""en_US"": ""Replenish on Order (MTO)"", ""th_TH"": ""เติมสินค้าตามคำสั่งขาย (MTO)""}",5,1,เครื่องบรรจุประกอบหลอด เครื่อง 1
3189,,,59,Manufacturing Pharma,high,False,route,"Product routes include Pharma markers [60, 62]",FG-MTS-TW-02003,FG-MTS-TW-02003,ยาดม Mark II ไต้หวัน สีชมพู,ยาดม MARK II,"1,60,62","{""en_US"": ""Auto Transfer Semi (Pharma)""} | {""en_US"": ""Manufacture (Pharma)""} | {""en_US"": ""Replenish on Order (MTO)"", ""th_TH"": ""เติมสินค้าตามคำสั่งขาย (MTO)""}",5,1,เครื่องบรรจุประกอบหลอด เครื่อง 1
3190,,,59,Manufacturing Pharma,high,False,route,"Product routes include Pharma markers [60, 62]",FG-MTS-TW-02004,FG-MTS-TW-02004,ยาดม Mark II ไต้หวัน สีฟ้า,ยาดม MARK II,"1,60,62","{""en_US"": ""Auto Transfer Semi (Pharma)""} | {""en_US"": ""Manufacture (Pharma)""} | {""en_US"": ""Replenish on Order (MTO)"", ""th_TH"": ""เติมสินค้าตามคำสั่งขาย (MTO)""}",5,1,เครื่องบรรจุประกอบหลอด เครื่อง 1
3191,,,59,Manufacturing Pharma,high,False,route,"Product routes include Pharma markers [60, 62]",FG-MTS-TW-02005,FG-MTS-TW-02005,ยาดม Mark II ไต้หวัน สีเหลือง,ยาดม MARK II,"1,60,62","{""en_US"": ""Auto Transfer Semi (Pharma)""} | {""en_US"": ""Manufacture (Pharma)""} | {""en_US"": ""Replenish on Order (MTO)"", ""th_TH"": ""เติมสินค้าตามคำสั่งขาย (MTO)""}",5,1,เครื่องบรรจุประกอบหลอด เครื่อง 1
3192,,,59,Manufacturing Pharma,high,False,route,"Product routes include Pharma markers [60, 62]",FG-MTS-TW-02006,FG-MTS-TW-02006,ยาดม Mark II ไต้หวัน สีเขียว,ยาดม MARK II,"1,60,62","{""en_US"": ""Auto Transfer Semi (Pharma)""} | {""en_US"": ""Manufacture (Pharma)""} | {""en_US"": ""Replenish on Order (MTO)"", ""th_TH"": ""เติมสินค้าตามคำสั่งขาย (MTO)""}",5,1,เครื่องบรรจุประกอบหลอด เครื่อง 1
3193,,,59,Manufacturing Pharma,high,False,route,"Product routes include Pharma markers [60, 62]",FG-MTS-TW-01001,FG-MTS-TW-01001,ยาดม Mark II (1x1) หลอดเดี่ยว ไต้หวัน,ยาดม MARK II,"1,60,62","{""en_US"": ""Auto Transfer Semi (Pharma)""} | {""en_US"": ""Manufacture (Pharma)""} | {""en_US"": ""Replenish on Order (MTO)"", ""th_TH"": ""เติมสินค้าตามคำสั่งขาย (MTO)""}",8,1,เครื่องปิดเทปกาวกล่อง
3206,,,60,Manufacturing Plastic,high,False,sku_prefix_rule,"Business rule: SM prefix = Plastic | Existing routes [1, 60, 62]",SM-MTS-JP-03001,SM-MTS-JP-03001,ชิ้นส่วนยาดม MarkII NOSE MINT ตัวบน,ชิ้นส่วนหลอด (ประกอบ),"1,60,62","{""en_US"": ""Auto Transfer Semi (Pharma)""} | {""en_US"": ""Manufacture (Pharma)""} | {""en_US"": ""Replenish on Order (MTO)"", ""th_TH"": ""เติมสินค้าตามคำสั่งขาย (MTO)""}",2,1,เครื่องพิมพ์ตัวบน 1
3207,,,60,Manufacturing Plastic,high,False,sku_prefix_rule,"Business rule: SM prefix = Plastic | Existing routes [1, 60, 62]",SM-MTS-JP-03002,SM-MTS-JP-03002,ชิ้นส่วนยาดม MarkII NOSE MINT ตัวล่าง,ชิ้นส่วนหลอด (ประกอบ),"1,60,62","{""en_US"": ""Auto Transfer Semi (Pharma)""} | {""en_US"": ""Manufacture (Pharma)""} | {""en_US"": ""Replenish on Order (MTO)"", ""th_TH"": ""เติมสินค้าตามคำสั่งขาย (MTO)""}",2,1,เครื่องพิมพ์ตัวล่าง 1
3208,,,60,Manufacturing Plastic,high,False,sku_prefix_rule,"Business rule: SM prefix = Plastic | Existing routes [1, 60, 62]",SM-MTS-JP-02001,SM-MTS-JP-02001,ชิ้นส่วนยาดม MarkII NOSE MINT ตัวบน+ตัวกลาง,ชิ้นส่วนหลอด(พิมพ์) + ประกอบ,"1,60,62","{""en_US"": ""Auto Transfer Semi (Pharma)""} | {""en_US"": ""Manufacture (Pharma)""} | {""en_US"": ""Replenish on Order (MTO)"", ""th_TH"": ""เติมสินค้าตามคำสั่งขาย (MTO)""}",2,1,เครื่องประกอบตัวบน + ตัวกลาง 1
3209,,,60,Manufacturing Plastic,high,False,sku_prefix_rule,"Business rule: SM prefix = Plastic | Existing routes [1, 60, 62]",SM-MTS-JP-02002,SM-MTS-JP-02002,ชิ้นส่วนยาดม MarkII NOSE MINT ตัวล่าง+หลอดน้ำ,ชิ้นส่วนหลอด(พิมพ์) + ประกอบ,"1,60,62","{""en_US"": ""Auto Transfer Semi (Pharma)""} | {""en_US"": ""Manufacture (Pharma)""} | {""en_US"": ""Replenish on Order (MTO)"", ""th_TH"": ""เติมสินค้าตามคำสั่งขาย (MTO)""}",3,1,เครื่องประกอบตัวล่าง+หลอดน้ำ+ตัวอุด 1
3210,,,59,Manufacturing Pharma,high,False,route,"Product routes include Pharma markers [60, 62]",FG-MTS-JP-02001,FG-MTS-JP-02001,ยาดม Mark II ญี่ปุ่น,ยาดม MARK II,"1,60,62","{""en_US"": ""Auto Transfer Semi (Pharma)""} | {""en_US"": ""Manufacture (Pharma)""} | {""en_US"": ""Replenish on Order (MTO)"", ""th_TH"": ""เติมสินค้าตามคำสั่งขาย (MTO)""}",5,1,เครื่องบรรจุประกอบหลอด เครื่อง 1
3211,,,59,Manufacturing Pharma,high,False,route,"Product routes include Pharma markers [60, 62]",FG-MTS-JP-01001,FG-MTS-JP-01001,ยาดม Mark II (1x1) หลอดเดี่ยว ญี่ปุ่น,ยาดม MARK II,"1,60,62","{""en_US"": ""Auto Transfer Semi (Pharma)""} | {""en_US"": ""Manufacture (Pharma)""} | {""en_US"": ""Replenish on Order (MTO)"", ""th_TH"": ""เติมสินค้าตามคำสั่งขาย (MTO)""}",4,1,เครื่องปิดเทปกาวกล่อง
3221,,,60,Manufacturing Plastic,high,False,sku_prefix_rule,"Business rule: SM prefix = Plastic | Existing routes [60, 62]",SM-PLK-UP-00001,SM-PLK-UP-00001,ชิ้นส่วนยาดมตัวบนพวงกุญแจ,ชิ้นส่วนหลอด,"60,62","{""en_US"": ""Auto Transfer Semi (Pharma)""} | {""en_US"": ""Manufacture (Pharma)""}",2,1,เครื่องฉีดพลาสติก 8
3222,,,60,Manufacturing Plastic,high,False,sku_prefix_rule,"Business rule: SM prefix = Plastic | Existing routes [1, 60, 62]",SM-PSK-IS-03001,SM-PSK-IS-03001,ชิ้นส่วนยาดม MarkII Isarel ตัวบน,ชิ้นส่วนหลอด (ประกอบ),"1,60,62","{""en_US"": ""Auto Transfer Semi (Pharma)""} | {""en_US"": ""Manufacture (Pharma)""} | {""en_US"": ""Replenish on Order (MTO)"", ""th_TH"": ""เติมสินค้าตามคำสั่งขาย (MTO)""}",2,1,เครื่องพิมพ์ตัวบน 1
3223,,,60,Manufacturing Plastic,high,False,sku_prefix_rule,"Business rule: SM prefix = Plastic | Existing routes [1, 60, 62]",SM-PSK-IS-03002,SM-PSK-IS-03002,ชิ้นส่วนยาดม MarkII Isarel ตัวล่าง,ชิ้นส่วนหลอด (ประกอบ),"1,60,62","{""en_US"": ""Auto Transfer Semi (Pharma)""} | {""en_US"": ""Manufacture (Pharma)""} | {""en_US"": ""Replenish on Order (MTO)"", ""th_TH"": ""เติมสินค้าตามคำสั่งขาย (MTO)""}",2,1,เครื่องพิมพ์ตัวล่าง 1
3224,,,60,Manufacturing Plastic,high,False,sku_prefix_rule,"Business rule: SM prefix = Plastic | Existing routes [1, 60, 62]",SM-PSK-IS-02001,SM-PSK-IS-02001,ชิ้นส่วนยาดม MarkII Isarel ตัวบน+ตัวกลาง,ชิ้นส่วนหลอด(พิมพ์) + ประกอบ,"1,60,62","{""en_US"": ""Auto Transfer Semi (Pharma)""} | {""en_US"": ""Manufacture (Pharma)""} | {""en_US"": ""Replenish on Order (MTO)"", ""th_TH"": ""เติมสินค้าตามคำสั่งขาย (MTO)""}",2,1,เครื่องประกอบตัวบน + ตัวกลาง 1
3225,,,60,Manufacturing Plastic,high,False,sku_prefix_rule,"Business rule: SM prefix = Plastic | Existing routes [1, 60, 62]",SM-PSK-IS-02002,SM-PSK-IS-02002,ชิ้นส่วนยาดม MarkII Isarel ตัวล่าง+หลอดน้ำ,ชิ้นส่วนหลอด(พิมพ์) + ประกอบ,"1,60,62","{""en_US"": ""Auto Transfer Semi (Pharma)""} | {""en_US"": ""Manufacture (Pharma)""} | {""en_US"": ""Replenish on Order (MTO)"", ""th_TH"": ""เติมสินค้าตามคำสั่งขาย (MTO)""}",3,1,เครื่องประกอบตัวล่าง+หลอดน้ำ+ตัวอุด 1
3226,,,59,Manufacturing Pharma,high,False,route,"Product routes include Pharma markers [60, 62]",FG-MTK-IL-04001,FG-MTK-IL-04001,ยาดม Mark II อิสราเอล,ยาดม MARK II,"1,60,62","{""en_US"": ""Auto Transfer Semi (Pharma)""} | {""en_US"": ""Manufacture (Pharma)""} | {""en_US"": ""Replenish on Order (MTO)"", ""th_TH"": ""เติมสินค้าตามคำสั่งขาย (MTO)""}",5,1,เครื่องบรรจุประกอบหลอด เครื่อง 1
3227,,,59,Manufacturing Pharma,high,False,route,"Product routes include Pharma markers [60, 62]",FG-MTK-IL-03001,FG-MTK-IL-03001,ยาดม Mark II อิสราเอล + พวงกุญแจ,ยาดม MARK II,"1,60,62","{""en_US"": ""Auto Transfer Semi (Pharma)""} | {""en_US"": ""Manufacture (Pharma)""} | {""en_US"": ""Replenish on Order (MTO)"", ""th_TH"": ""เติมสินค้าตามคำสั่งขาย (MTO)""}",3,1,คนใส่พวงกุญแจ
3228,,,59,Manufacturing Pharma,high,False,route,"Product routes include Pharma markers [60, 62]",FG-MTK-IL-02001,FG-MTK-IL-02001,ยาดม Mark II อิสราเอล 1 กล่อง,ยาดม MARK II,"1,60,62","{""en_US"": ""Auto Transfer Semi (Pharma)""} | {""en_US"": ""Manufacture (Pharma)""} | {""en_US"": ""Replenish on Order (MTO)"", ""th_TH"": ""เติมสินค้าตามคำสั่งขาย (MTO)""}",3,1,เครื่องปิดเทปกาวกล่อง
3229,,,59,Manufacturing Pharma,high,False,route,"Product routes include Pharma markers [60, 62]",FG-MTK-IL-01001,FG-MTK-IL-01001,ยาดม Mark II Key(1x1) หลอดเดี่ยว อิสราเอล,ยาดม MARK II,"1,60,62","{""en_US"": ""Auto Transfer Semi (Pharma)""} | {""en_US"": ""Manufacture (Pharma)""} | {""en_US"": ""Replenish on Order (MTO)"", ""th_TH"": ""เติมสินค้าตามคำสั่งขาย (MTO)""}",2,1,เครื่องปิดเทปกาวกล่อง
3380,,,59,Manufacturing Pharma,high,False,route,"Product routes include Pharma markers [60, 62]",FG-PNF-ID-03001,FG-PNF-ID-03001,พิมเสน แก้วแบน 3cc หุ้ม อินโดนีเซีย,พิมเสนแก้วแบน 3 CC,"1,60,62","{""en_US"": ""Auto Transfer Semi (Pharma)""} | {""en_US"": ""Manufacture (Pharma)""} | {""en_US"": ""Replenish on Order (MTO)"", ""th_TH"": ""เติมสินค้าตามคำสั่งขาย (MTO)""}",3,1,เครื่องอบฟิล์มหดแบบอุโมงค์
3381,,,59,Manufacturing Pharma,high,False,route,"Product routes include Pharma markers [60, 62]",FG-PNF-ID-02001,FG-PNF-ID-02001,พิมเสน แก้วแบน 3cc 1โหล อินโดนีเซีย,พิมเสนแก้วแบน 3 CC,"1,60,62","{""en_US"": ""Auto Transfer Semi (Pharma)""} | {""en_US"": ""Manufacture (Pharma)""} | {""en_US"": ""Replenish on Order (MTO)"", ""th_TH"": ""เติมสินค้าตามคำสั่งขาย (MTO)""}",3,1,เครื่องอบฟิล์มหดแบบอุโมงค์
3382,,,59,Manufacturing Pharma,high,False,route,"Product routes include Pharma markers [60, 62]",FG-PNF-ID-01001,FG-PNF-ID-01001,พิมเสน แก้วแบน 3cc (12x1) อินโดนีเซีย,พิมเสนแก้วแบน 3 CC,"1,60,62","{""en_US"": ""Auto Transfer Semi (Pharma)""} | {""en_US"": ""Manufacture (Pharma)""} | {""en_US"": ""Replenish on Order (MTO)"", ""th_TH"": ""เติมสินค้าตามคำสั่งขาย (MTO)""}",3,1,เครื่องปิดเทปกาวกล่อง
3383,,,59,Manufacturing Pharma,high,False,route,"Product routes include Pharma markers [60, 62]",FG-PNR-ID-04001,FG-PNR-ID-04001,พิมเสนโรลออน 5cc ไม่หุ้ม อินโดนีเซีย,พิมเสนโรลออน 5 CC,"1,60,62","{""en_US"": ""Auto Transfer Semi (Pharma)""} | {""en_US"": ""Manufacture (Pharma)""} | {""en_US"": ""Replenish on Order (MTO)"", ""th_TH"": ""เติมสินค้าตามคำสั่งขาย (MTO)""}",4,1,เครื่องบรรจุพิมเสนน้ำ AT Auto
3384,,,59,Manufacturing Pharma,high,False,route,"Product routes include Pharma markers [60, 62]",FG-PNR-ID-03001,FG-PNR-ID-03001,พิมเสนโรลออน 5cc หุ้ม อินโดนีเซีย,พิมเสนโรลออน 5 CC,"1,60,62","{""en_US"": ""Auto Transfer Semi (Pharma)""} | {""en_US"": ""Manufacture (Pharma)""} | {""en_US"": ""Replenish on Order (MTO)"", ""th_TH"": ""เติมสินค้าตามคำสั่งขาย (MTO)""}",3,1,เครื่องอบฟิล์มหดแบบอุโมงค์
3385,,,59,Manufacturing Pharma,high,False,route,"Product routes include Pharma markers [60, 62]",FG-PNR-ID-02001,FG-PNR-ID-02001,พิมเสนโรลออน 5cc 1โหล อินโดนีเซีย,พิมเสนโรลออน 5 CC,"1,60,62","{""en_US"": ""Auto Transfer Semi (Pharma)""} | {""en_US"": ""Manufacture (Pharma)""} | {""en_US"": ""Replenish on Order (MTO)"", ""th_TH"": ""เติมสินค้าตามคำสั่งขาย (MTO)""}",3,1,เครื่องอบฟิล์มหดแบบอุโมงค์
3386,,,59,Manufacturing Pharma,high,False,route,"Product routes include Pharma markers [60, 62]",FG-PNR-ID-01001,FG-PNR-ID-01001,พิมเสนโรลออน 5cc (12x1) อินโดนีเซีย,พิมเสนโรลออน 5 CC,"1,60,62","{""en_US"": ""Auto Transfer Semi (Pharma)""} | {""en_US"": ""Manufacture (Pharma)""} | {""en_US"": ""Replenish on Order (MTO)"", ""th_TH"": ""เติมสินค้าตามคำสั่งขาย (MTO)""}",3,1,เครื่องปิดเทปกาวกล่อง
3387,,,60,Manufacturing Plastic,high,False,sku_prefix_rule,"Business rule: SM prefix = Plastic | Existing routes [1, 61, 63]",SM-PNC-BT-04001,SM-PNC-BT-04001,ขวดพิมเสนน้ำสำลี สำเร็จ อินโดนีเซีย,ชิ้นส่วนหลอด,"1,61,63","{""en_US"": ""Auto Transfer Semi (Plastic)""} | {""en_US"": ""Manufacture (Plastic)""} | {""en_US"": ""Replenish on Order (MTO)"", ""th_TH"": ""เติมสินค้าตามคำสั่งขาย (MTO)""}",2,1,เครื่องสวมฉลาก
3388,,,59,Manufacturing Pharma,high,False,route,"Product routes include Pharma markers [60, 62]",FG-PNC-ID-04001,FG-PNC-ID-04001,พิมเสนสำลี 8cc ไม่หุ้ม อินโดนีเซีย,พิมเสนสำลี 8 CC,"1,60,62","{""en_US"": ""Auto Transfer Semi (Pharma)""} | {""en_US"": ""Manufacture (Pharma)""} | {""en_US"": ""Replenish on Order (MTO)"", ""th_TH"": ""เติมสินค้าตามคำสั่งขาย (MTO)""}",4,1,เครื่องหมุนฝาพิมเสนน้ำสำลี
3389,,,59,Manufacturing Pharma,high,False,route,"Product routes include Pharma markers [60, 62]",FG-PNC-ID-03001,FG-PNC-ID-03001,พิมเสนสำลี 8cc หุ้ม อินโดนีเซีย,พิมเสนสำลี 8 CC,"1,60,62","{""en_US"": ""Auto Transfer Semi (Pharma)""} | {""en_US"": ""Manufacture (Pharma)""} | {""en_US"": ""Replenish on Order (MTO)"", ""th_TH"": ""เติมสินค้าตามคำสั่งขาย (MTO)""}",2,1,เครื่องอบฟิล์มหดแบบอุโมงค์
3390,,,59,Manufacturing Pharma,high,False,route,"Product routes include Pharma markers [60, 62]",FG-PNC-ID-02001,FG-PNC-ID-02001,พิมเสนสำลี 8cc 1โหล อินโดนีเซีย,พิมเสนสำลี 8 CC,"1,60,62","{""en_US"": ""Auto Transfer Semi (Pharma)""} | {""en_US"": ""Manufacture (Pharma)""} | {""en_US"": ""Replenish on Order (MTO)"", ""th_TH"": ""เติมสินค้าตามคำสั่งขาย (MTO)""}",3,1,เครื่องอบฟิล์มหดแบบอุโมงค์
3391,,,59,Manufacturing Pharma,high,False,route,"Product routes include Pharma markers [60, 62]",FG-PNC-ID-01001,FG-PNC-ID-01001,พิมเสนสำลี 8cc (12x1) อินโดนีเซีย,พิมเสนสำลี 8 CC,"1,60,62","{""en_US"": ""Auto Transfer Semi (Pharma)""} | {""en_US"": ""Manufacture (Pharma)""} | {""en_US"": ""Replenish on Order (MTO)"", ""th_TH"": ""เติมสินค้าตามคำสั่งขาย (MTO)""}",3,1,เครื่องปิดเทปกาวกล่อง
3401,,,60,Manufacturing Plastic,high,False,sku_prefix_rule,"Business rule: SM prefix = Plastic | Existing routes [1, 61, 63]",SM-PNC-BT-04002,SM-PNC-BT-04002,ขวดพิมเสนน้ำสำลี สำเร็จ พม่า,ชิ้นส่วนหลอด,"1,61,63","{""en_US"": ""Auto Transfer Semi (Plastic)""} | {""en_US"": ""Manufacture (Plastic)""} | {""en_US"": ""Replenish on Order (MTO)"", ""th_TH"": ""เติมสินค้าตามคำสั่งขาย (MTO)""}",2,1,เครื่องสวมฉลาก
3402,,,59,Manufacturing Pharma,high,False,route,"Product routes include Pharma markers [60, 62]",FG-PNC-MM-04001,FG-PNC-MM-04001,พิมเสนสำลี 8cc ไม่หุ้ม พม่า,พิมเสนสำลี 8 CC,"1,60,62","{""en_US"": ""Auto Transfer Semi (Pharma)""} | {""en_US"": ""Manufacture (Pharma)""} | {""en_US"": ""Replenish on Order (MTO)"", ""th_TH"": ""เติมสินค้าตามคำสั่งขาย (MTO)""}",4,1,เครื่องหมุนฝาพิมเสนน้ำสำลี
3403,,,59,Manufacturing Pharma,high,False,route,"Product routes include Pharma markers [60, 62]",FG-PNC-MM-03001,FG-PNC-MM-03001,พิมเสนสำลี 8cc หุ้ม พม่า,พิมเสนสำลี 8 CC,"1,60,62","{""en_US"": ""Auto Transfer Semi (Pharma)""} | {""en_US"": ""Manufacture (Pharma)""} | {""en_US"": ""Replenish on Order (MTO)"", ""th_TH"": ""เติมสินค้าตามคำสั่งขาย (MTO)""}",2,1,เครื่องอบฟิล์มหดแบบอุโมงค์
3404,,,59,Manufacturing Pharma,high,False,route,"Product routes include Pharma markers [60, 62]",FG-PNC-MM-02001,FG-PNC-MM-02001,พิมเสนสำลี 8cc 1โหล พม่า,พิมเสนสำลี 8 CC,"1,60,62","{""en_US"": ""Auto Transfer Semi (Pharma)""} | {""en_US"": ""Manufacture (Pharma)""} | {""en_US"": ""Replenish on Order (MTO)"", ""th_TH"": ""เติมสินค้าตามคำสั่งขาย (MTO)""}",3,1,เครื่องอบฟิล์มหดแบบอุโมงค์
3405,,,59,Manufacturing Pharma,high,False,route,"Product routes include Pharma markers [60, 62]",FG-PNC-MM-01001,FG-PNC-MM-01001,พิมเสนสำลี 8cc (12x1) พม่า,พิมเสนสำลี 8 CC,"1,60,62","{""en_US"": ""Auto Transfer Semi (Pharma)""} | {""en_US"": ""Manufacture (Pharma)""} | {""en_US"": ""Replenish on Order (MTO)"", ""th_TH"": ""เติมสินค้าตามคำสั่งขาย (MTO)""}",3,1,เครื่องปิดเทปกาวกล่อง
3406,,,59,Manufacturing Pharma,high,False,route,"Product routes include Pharma markers [60, 62]",FG-PNR-MM-04001,FG-PNR-MM-04001,พิมเสนโรลออน 5cc ไม่หุ้ม พม่า,พิมเสนโรลออน 5 CC,"1,60,62","{""en_US"": ""Auto Transfer Semi (Pharma)""} | {""en_US"": ""Manufacture (Pharma)""} | {""en_US"": ""Replenish on Order (MTO)"", ""th_TH"": ""เติมสินค้าตามคำสั่งขาย (MTO)""}",4,1,เครื่องบรรจุพิมเสนน้ำ AT Auto
3407,,,59,Manufacturing Pharma,high,False,route,"Product routes include Pharma markers [60, 62]",FG-PNR-MM-03001,FG-PNR-MM-03001,พิมเสนโรลออน 5cc หุ้ม พม่า,พิมเสนโรลออน 5 CC,"1,60,62","{""en_US"": ""Auto Transfer Semi (Pharma)""} | {""en_US"": ""Manufacture (Pharma)""} | {""en_US"": ""Replenish on Order (MTO)"", ""th_TH"": ""เติมสินค้าตามคำสั่งขาย (MTO)""}",3,1,เครื่องอบฟิล์มหดแบบอุโมงค์
3408,,,59,Manufacturing Pharma,high,False,route,"Product routes include Pharma markers [60, 62]",FG-PNR-MM-02001,FG-PNR-MM-02001,พิมเสนโรลออน 5cc 1โหล พม่า,พิมเสนโรลออน 5 CC,"1,60,62","{""en_US"": ""Auto Transfer Semi (Pharma)""} | {""en_US"": ""Manufacture (Pharma)""} | {""en_US"": ""Replenish on Order (MTO)"", ""th_TH"": ""เติมสินค้าตามคำสั่งขาย (MTO)""}",3,1,เครื่องอบฟิล์มหดแบบอุโมงค์
3409,,,59,Manufacturing Pharma,high,False,route,"Product routes include Pharma markers [60, 62]",FG-PNR-MM-01001,FG-PNR-MM-01001,พิมเสนโรลออน 5cc (12x1) พม่า,พิมเสนโรลออน 5 CC,"1,60,62","{""en_US"": ""Auto Transfer Semi (Pharma)""} | {""en_US"": ""Manufacture (Pharma)""} | {""en_US"": ""Replenish on Order (MTO)"", ""th_TH"": ""เติมสินค้าตามคำสั่งขาย (MTO)""}",3,1,เครื่องปิดเทปกาวกล่อง
3415,,,59,Manufacturing Pharma,high,False,route,"Product routes include Pharma markers [60, 62]",FG-PNR-TW-04001,FG-PNR-TW-04001,พิมเสนโรลออน 5cc ไม่หุ้ม ไต้หวัน,พิมเสนโรลออน 5 CC,"1,60,62","{""en_US"": ""Auto Transfer Semi (Pharma)""} | {""en_US"": ""Manufacture (Pharma)""} | {""en_US"": ""Replenish on Order (MTO)"", ""th_TH"": ""เติมสินค้าตามคำสั่งขาย (MTO)""}",4,1,เครื่องบรรจุพิมเสนน้ำ AT Auto
3416,,,59,Manufacturing Pharma,high,False,route,"Product routes include Pharma markers [60, 62]",FG-PNR-TW-03001,FG-PNR-TW-03001,พิมเสนโรลออน 5cc หุ้ม ไต้หวัน,พิมเสนโรลออน 5 CC,"1,60,62","{""en_US"": ""Auto Transfer Semi (Pharma)""} | {""en_US"": ""Manufacture (Pharma)""} | {""en_US"": ""Replenish on Order (MTO)"", ""th_TH"": ""เติมสินค้าตามคำสั่งขาย (MTO)""}",3,1,เครื่องอบฟิล์มหดแบบอุโมงค์
3417,,,59,Manufacturing Pharma,high,False,route,"Product routes include Pharma markers [60, 62]",FG-PNR-TW-02001,FG-PNR-TW-02001,พิมเสนโรลออน 5cc 1โหล ไต้หวัน,พิมเสนโรลออน 5 CC,"1,60,62","{""en_US"": ""Auto Transfer Semi (Pharma)""} | {""en_US"": ""Manufacture (Pharma)""} | {""en_US"": ""Replenish on Order (MTO)"", ""th_TH"": ""เติมสินค้าตามคำสั่งขาย (MTO)""}",3,1,เครื่องอบฟิล์มหดแบบอุโมงค์
3418,,,59,Manufacturing Pharma,high,False,route,"Product routes include Pharma markers [60, 62]",FG-PNR-TW-02002,FG-PNR-TW-02002,พิมเสนโรลออน 5cc 2โหล ไต้หวัน,พิมเสนโรลออน 5 CC,"1,60,62","{""en_US"": ""Auto Transfer Semi (Pharma)""} | {""en_US"": ""Manufacture (Pharma)""} | {""en_US"": ""Replenish on Order (MTO)"", ""th_TH"": ""เติมสินค้าตามคำสั่งขาย (MTO)""}",3,1,เครื่องอบฟิล์มหดแบบอุโมงค์
3419,,,59,Manufacturing Pharma,high,False,route,"Product routes include Pharma markers [60, 62]",FG-PNR-TW-01001,FG-PNR-TW-01001,พิมเสนโรลออน 5cc (24x1) ไต้หวัน,พิมเสนโรลออน 5 CC,"1,60,62","{""en_US"": ""Auto Transfer Semi (Pharma)""} | {""en_US"": ""Manufacture (Pharma)""} | {""en_US"": ""Replenish on Order (MTO)"", ""th_TH"": ""เติมสินค้าตามคำสั่งขาย (MTO)""}",3,1,เครื่องปิดเทปกาวกล่อง
3433,,,59,Manufacturing Pharma,high,False,route,"Product routes include Pharma markers [60, 62]",FG-PNF-XX-04001,FG-PNF-XX-04001,พิมเสน แก้วแบน 3cc ไม่หุ้ม ตปท,พิมเสนแก้วแบน 3 CC,"1,60,62","{""en_US"": ""Auto Transfer Semi (Pharma)""} | {""en_US"": ""Manufacture (Pharma)""} | {""en_US"": ""Replenish on Order (MTO)"", ""th_TH"": ""เติมสินค้าตามคำสั่งขาย (MTO)""}",3,1,เครื่องบรรจุพิมเสนน้ำ HFC-60
3434,,,59,Manufacturing Pharma,high,False,route,"Product routes include Pharma markers [60, 62]",FG-PNF-XX-03001,FG-PNF-XX-03001,พิมเสน แก้วแบน 3cc หุ้ม ตปท,พิมเสนแก้วแบน 3 CC,"1,60,62","{""en_US"": ""Auto Transfer Semi (Pharma)""} | {""en_US"": ""Manufacture (Pharma)""} | {""en_US"": ""Replenish on Order (MTO)"", ""th_TH"": ""เติมสินค้าตามคำสั่งขาย (MTO)""}",3,1,เครื่องอบฟิล์มหดแบบอุโมงค์
3435,,,59,Manufacturing Pharma,high,False,route,"Product routes include Pharma markers [60, 62]",FG-PNF-XX-02001,FG-PNF-XX-02001,พิมเสน แก้วแบน 3cc 1โหล ตปท,พิมเสนแก้วแบน 3 CC,"1,60,62","{""en_US"": ""Auto Transfer Semi (Pharma)""} | {""en_US"": ""Manufacture (Pharma)""} | {""en_US"": ""Replenish on Order (MTO)"", ""th_TH"": ""เติมสินค้าตามคำสั่งขาย (MTO)""}",3,1,เครื่องอบฟิล์มหดแบบอุโมงค์
3436,,,59,Manufacturing Pharma,high,False,route,"Product routes include Pharma markers [60, 62]",FG-PNF-XX-01001,FG-PNF-XX-01001,พิมเสน แก้วแบน 3cc (12x1) ตปท,พิมเสนแก้วแบน 3 CC,"1,60,62","{""en_US"": ""Auto Transfer Semi (Pharma)""} | {""en_US"": ""Manufacture (Pharma)""} | {""en_US"": ""Replenish on Order (MTO)"", ""th_TH"": ""เติมสินค้าตามคำสั่งขาย (MTO)""}",3,1,เครื่องปิดเทปกาวกล่อง
3437,,,59,Manufacturing Pharma,high,False,route,"Product routes include Pharma markers [60, 62]",FG-PNR-XX-04001,FG-PNR-XX-04001,พิมเสนโรลออน 5cc ไม่หุ้ม ตปท,พิมเสนโรลออน 5 CC,"1,60,62","{""en_US"": ""Auto Transfer Semi (Pharma)""} | {""en_US"": ""Manufacture (Pharma)""} | {""en_US"": ""Replenish on Order (MTO)"", ""th_TH"": ""เติมสินค้าตามคำสั่งขาย (MTO)""}",4,1,เครื่องบรรจุพิมเสนน้ำ AT Auto
3438,,,59,Manufacturing Pharma,high,False,route,"Product routes include Pharma markers [60, 62]",FG-PNR-XX-03001,FG-PNR-XX-03001,พิมเสนโรลออน 5cc หุ้ม ตปท,พิมเสนโรลออน 5 CC,"1,60,62","{""en_US"": ""Auto Transfer Semi (Pharma)""} | {""en_US"": ""Manufacture (Pharma)""} | {""en_US"": ""Replenish on Order (MTO)"", ""th_TH"": ""เติมสินค้าตามคำสั่งขาย (MTO)""}",3,1,เครื่องอบฟิล์มหดแบบอุโมงค์
3439,,,59,Manufacturing Pharma,high,False,route,"Product routes include Pharma markers [60, 62]",FG-PNR-XX-02001,FG-PNR-XX-02001,พิมเสนโรลออน 5cc 1โหล ตปท,พิมเสนโรลออน 5 CC,"1,60,62","{""en_US"": ""Auto Transfer Semi (Pharma)""} | {""en_US"": ""Manufacture (Pharma)""} | {""en_US"": ""Replenish on Order (MTO)"", ""th_TH"": ""เติมสินค้าตามคำสั่งขาย (MTO)""}",3,1,เครื่องอบฟิล์มหดแบบอุโมงค์
3440,,,59,Manufacturing Pharma,high,False,route,"Product routes include Pharma markers [60, 62]",FG-PNR-XX-01001,FG-PNR-XX-01001,พิมเสนโรลออน 5cc (12x1) ตปท,พิมเสนโรลออน 5 CC,"1,60,62","{""en_US"": ""Auto Transfer Semi (Pharma)""} | {""en_US"": ""Manufacture (Pharma)""} | {""en_US"": ""Replenish on Order (MTO)"", ""th_TH"": ""เติมสินค้าตามคำสั่งขาย (MTO)""}",2,1,เครื่องปิดเทปกาวกล่อง
3441,,,60,Manufacturing Plastic,high,False,sku_prefix_rule,"Business rule: SM prefix = Plastic | Existing routes [1, 61, 63]",SM-PNC-BT-04003,SM-PNC-BT-04003,ขวดพิมเสนน้ำสำลี สำเร็จ ตปท,ชิ้นส่วนหลอด,"1,61,63","{""en_US"": ""Auto Transfer Semi (Plastic)""} | {""en_US"": ""Manufacture (Plastic)""} | {""en_US"": ""Replenish on Order (MTO)"", ""th_TH"": ""เติมสินค้าตามคำสั่งขาย (MTO)""}",2,1,เครื่องสวมฉลาก
3442,,,59,Manufacturing Pharma,high,False,route,"Product routes include Pharma markers [60, 62]",FG-PNC-XX-04001,FG-PNC-XX-04001,พิมเสนสำลี 8cc ไม่หุ้ม ตปท,พิมเสนสำลี 8 CC,"1,60,62","{""en_US"": ""Auto Transfer Semi (Pharma)""} | {""en_US"": ""Manufacture (Pharma)""} | {""en_US"": ""Replenish on Order (MTO)"", ""th_TH"": ""เติมสินค้าตามคำสั่งขาย (MTO)""}",4,1,เครื่องหมุนฝาพิมเสนน้ำสำลี
3443,,,59,Manufacturing Pharma,high,False,route,"Product routes include Pharma markers [60, 62]",FG-PNC-XX-03001,FG-PNC-XX-03001,พิมเสนสำลี 8cc หุ้ม ตปท,พิมเสนสำลี 8 CC,"1,60,62","{""en_US"": ""Auto Transfer Semi (Pharma)""} | {""en_US"": ""Manufacture (Pharma)""} | {""en_US"": ""Replenish on Order (MTO)"", ""th_TH"": ""เติมสินค้าตามคำสั่งขาย (MTO)""}",2,1,เครื่องอบฟิล์มหดแบบอุโมงค์
3444,,,59,Manufacturing Pharma,high,False,route,"Product routes include Pharma markers [60, 62]",FG-PNC-XX-02003,FG-PNC-XX-02003,พิมเสนสำลี 8cc 1โหล ตปท,พิมเสนสำลี 8 CC,"1,60,62","{""en_US"": ""Auto Transfer Semi (Pharma)""} | {""en_US"": ""Manufacture (Pharma)""} | {""en_US"": ""Replenish on Order (MTO)"", ""th_TH"": ""เติมสินค้าตามคำสั่งขาย (MTO)""}",3,1,เครื่องอบฟิล์มหดแบบอุโมงค์
3445,,,59,Manufacturing Pharma,high,False,route,"Product routes include Pharma markers [60, 62]",FG-PNC-XX-01001,FG-PNC-XX-01001,พิมเสนสำลี 8cc (12x1) ตปท,พิมเสนสำลี 8 CC,"1,60,62","{""en_US"": ""Auto Transfer Semi (Pharma)""} | {""en_US"": ""Manufacture (Pharma)""} | {""en_US"": ""Replenish on Order (MTO)"", ""th_TH"": ""เติมสินค้าตามคำสั่งขาย (MTO)""}",3,1,เครื่องปิดเทปกาวกล่อง
3498,,,60,Manufacturing Plastic,high,False,sku_prefix_rule,"Business rule: SM prefix = Plastic | Existing routes [61, 63]",SM-PNF-CA-02001,SM-PNF-CA-02001,ฝาเขียวแก้วแบน 3CC กึ่งสำเร็จ,ชิ้นส่วนหลอด,"61,63","{""en_US"": ""Auto Transfer Semi (Plastic)""} | {""en_US"": ""Manufacture (Plastic)""}",2,1,เครื่องฉีดพลาสติก 8
3499,,,60,Manufacturing Plastic,high,False,sku_prefix_rule,"Business rule: SM prefix = Plastic | Existing routes [61, 63]",SM-PNF-CA-01001,SM-PNF-CA-01001,ฝาเขียวแก้วแบน 3CC สำเร็จ,ชิ้นส่วนหลอด(พิมพ์) + ประกอบ,"61,63","{""en_US"": ""Auto Transfer Semi (Plastic)""} | {""en_US"": ""Manufacture (Plastic)""}",2,1,เครื่องตอกพีอีโฟม
3500,,,59,Manufacturing Pharma,high,False,route,"Product routes include Pharma markers [60, 62]",FG-PNF-TH-04001,FG-PNF-TH-04001,พิมเสน แก้วแบน 3cc ไม่หุ้ม,น้ำยา,"60,62","{""en_US"": ""Auto Transfer Semi (Pharma)""} | {""en_US"": ""Manufacture (Pharma)""}",3,1,เครื่องบรรจุพิมเสนน้ำ HFC-60
3501,,,59,Manufacturing Pharma,high,False,route,Product routes include Pharma markers [62],FG-PNF-TH-03001,FG-PNF-TH-03001,พิมเสน แก้วแบน 3cc หุ้ม,น้ำยา,62,"{""en_US"": ""Manufacture (Pharma)""}",3,1,เครื่องอบฟิล์มหดแบบอุโมงค์
3502,,,59,Manufacturing Pharma,high,False,route,Product routes include Pharma markers [62],FG-PNF-TH-02001,FG-PNF-TH-02001,พิมเสน แก้วแบน 3cc 1โหล,พิมเสนแก้วแบน 3 CC,62,"{""en_US"": ""Manufacture (Pharma)""}",3,1,เครื่องอบฟิล์มหดแบบอุโมงค์
3503,,,59,Manufacturing Pharma,high,False,route,Product routes include Pharma markers [62],FG-PNF-TH-01001,FG-PNF-TH-01001,พิมเสน แก้วแบน 3cc (12x1),พิมเสนแก้วแบน 3 CC,62,"{""en_US"": ""Manufacture (Pharma)""}",2,1,เครื่องปิดเทปกาวกล่อง
3504,,,59,Manufacturing Pharma,high,False,route,Product routes include Pharma markers [62],FG-PNR-TH-04001,FG-PNR-TH-04001,พิมเสนโรลออน 5cc ไม่หุ้ม ,น้ำยา,62,"{""en_US"": ""Manufacture (Pharma)""}",4,1,เครื่องบรรจุพิมเสนน้ำ AT Auto
3505,,,59,Manufacturing Pharma,high,False,route,Product routes include Pharma markers [62],FG-PNR-TH-03001,FG-PNR-TH-03001,พิมเสนโรลออน 5cc หุ้ม,พิมเสนโรลออน 5 CC,62,"{""en_US"": ""Manufacture (Pharma)""}",3,1,เครื่องอบฟิล์มหดแบบอุโมงค์
3506,,,59,Manufacturing Pharma,high,False,route,Product routes include Pharma markers [62],FG-PNR-TH-02001,FG-PNR-TH-02001,พิมเสนโรลออน 5cc ครึ่งโหล,พิมเสนโรลออน 5 CC,62,"{""en_US"": ""Manufacture (Pharma)""}",3,1,เครื่องอบฟิล์มหดแบบอุโมงค์
3507,,,59,Manufacturing Pharma,high,False,route,Product routes include Pharma markers [62],FG-PNR-TH-02002,FG-PNR-TH-02002,พิมเสนโรลออน 5cc 1โหล,พิมเสนโรลออน 5 CC,62,"{""en_US"": ""Manufacture (Pharma)""}",3,1,เครื่องอบฟิล์มหดแบบอุโมงค์
3508,,,59,Manufacturing Pharma,high,False,route,Product routes include Pharma markers [62],FG-PNR-TH-02003,FG-PNR-TH-02003,พิมเสนโรลออน 5cc 2โหล,พิมเสนโรลออน 5 CC,62,"{""en_US"": ""Manufacture (Pharma)""}",3,1,เครื่องอบฟิล์มหดแบบอุโมงค์
3509,,,59,Manufacturing Pharma,high,False,route,Product routes include Pharma markers [62],FG-PNR-TH-01003,FG-PNR-TH-01003,พิมเสนโรลออน 5cc (6x1) 40U,พิมเสนโรลออน 5 CC,62,"{""en_US"": ""Manufacture (Pharma)""}",2,1,เครื่องปิดเทปกาวกล่อง
3510,,,59,Manufacturing Pharma,high,False,route,Product routes include Pharma markers [62],FG-PNR-TH-01001,FG-PNR-TH-01001,พิมเสนโรลออน 5cc (12x1),พิมเสนโรลออน 5 CC,62,"{""en_US"": ""Manufacture (Pharma)""}",2,1,เครื่องปิดเทปกาวกล่อง
3511,,,59,Manufacturing Pharma,high,False,route,Product routes include Pharma markers [62],FG-PNR-TH-01002,FG-PNR-TH-01002,พิมเสนโรลออน 5cc (24x1),พิมเสนโรลออน 5 CC,62,"{""en_US"": ""Manufacture (Pharma)""}",2,1,เครื่องปิดเทปกาวกล่อง
3513,,,60,Manufacturing Plastic,high,False,sku_prefix_rule,"Business rule: SM prefix = Plastic | Existing routes [1, 61, 63]",SM-PNC-BT-03001,SM-PNC-BT-03001,ขวดพิมเสนน้ำสำลี กึ่งสำเร็จ,ชิ้นส่วนหลอด,"1,61,63","{""en_US"": ""Auto Transfer Semi (Plastic)""} | {""en_US"": ""Manufacture (Plastic)""} | {""en_US"": ""Replenish on Order (MTO)"", ""th_TH"": ""เติมสินค้าตามคำสั่งขาย (MTO)""}",1,1,เครื่องฉีดพลาสติก 6
3514,,,60,Manufacturing Plastic,high,False,sku_prefix_rule,"Business rule: SM prefix = Plastic | Existing routes [1, 61, 63]",SM-PNC-CA-02001,SM-PNC-CA-02001,ฝาพิมเสนน้ำสำลี W01,ชิ้นส่วนหลอด(พิมพ์) + ประกอบ,"1,61,63","{""en_US"": ""Auto Transfer Semi (Plastic)""} | {""en_US"": ""Manufacture (Plastic)""} | {""en_US"": ""Replenish on Order (MTO)"", ""th_TH"": ""เติมสินค้าตามคำสั่งขาย (MTO)""}",1,1,เครื่องฉีดพลาสติก 6
3515,,,60,Manufacturing Plastic,high,False,sku_prefix_rule,Business rule: SM prefix = Plastic,SM-PNC-BT-02001,SM-PNC-BT-02001,ขวดพิมเสนน้ำสำลี สำเร็จ,ชิ้นส่วนหลอด(พิมพ์) + ประกอบ,,,2,1,เครื่องพิมพ์พิเศษ 1
3785,,,60,Manufacturing Plastic,high,False,sku_prefix_rule,Business rule: SM prefix = Plastic | Existing routes [62],SM-PPR-TH-02001,SM-PPR-TH-02001,ชิ้นส่วนยาดม PePex แดง ตัวบน,ชิ้นส่วนหลอด(พิมพ์) + ประกอบ,62,"{""en_US"": ""Manufacture (Pharma)""}",2,1,เครื่องฉีดพลาสติก 5
3786,,,60,Manufacturing Plastic,high,False,sku_prefix_rule,Business rule: SM prefix = Plastic | Existing routes [62],SM-PPR-TH-02002,SM-PPR-TH-02002,ชิ้นส่วนยาดม PePexแดง ตัวล่าง สำเร็จ,ชิ้นส่วนหลอด(พิมพ์) + ประกอบ,62,"{""en_US"": ""Manufacture (Pharma)""}",2,1,เครื่องพิมพ์พิเศษ 1
3787,,,60,Manufacturing Plastic,high,False,sku_prefix_rule,Business rule: SM prefix = Plastic | Existing routes [62],SM-PPR-TH-03002,SM-PPR-TH-03002,ชิ้นส่วนยาดม PePexแดง ตัวล่าง กึ่งสำเร็จ,ชิ้นส่วนหลอด,62,"{""en_US"": ""Manufacture (Pharma)""}",2,1,เครื่องฉีดพลาสติก 5
3788,,,60,Manufacturing Plastic,high,False,sku_prefix_rule,Business rule: SM prefix = Plastic | Existing routes [62],SM-PPR-TH-02003,SM-PPR-TH-02003,ชิ้นส่วนยาดม PePex แดง ตัวกลาง,ชิ้นส่วนหลอด(พิมพ์) + ประกอบ,62,"{""en_US"": ""Manufacture (Pharma)""}",2,1,เครื่องฉีดพลาสติก 8
3789,,,59,Manufacturing Pharma,high,False,route,Product routes include Pharma markers [62],RM-FIL-PS-01005,RM-FIL-PS-01005,ก้นกรองชุบน้ำยา Pepex,บรรจุภัณฑ์,62,"{""en_US"": ""Manufacture (Pharma)""}",2,1,เครื่องชุบก้นกรอง
3790,,,59,Manufacturing Pharma,high,False,sku_prefix_rule,Business rule: SO prefix = Pharma | Existing routes [62],SO-PPR-UP-01001,SO-PPR-UP-01001,น้ำยา PePex Inhaler,น้ำยา,62,"{""en_US"": ""Manufacture (Pharma)""}",4,0,
3791,,,59,Manufacturing Pharma,high,False,route,Product routes include Pharma markers [62],FG-PPR-TH-04001,FG-PPR-TH-04001,ยาดมพีเป๊กซ์แดง,ยาดม PE-PEX,62,"{""en_US"": ""Manufacture (Pharma)""}",4,1,Machine รอลงข้อมูล
3792,,,59,Manufacturing Pharma,high,False,route,Product routes include Pharma markers [62],FG-PPR-TH-03001,FG-PPR-TH-03001,ยาดมพีเป๊กซ์แดงแผง,ยาดม PE-PEX,62,"{""en_US"": ""Manufacture (Pharma)""}",2,2,เครื่องอัดแผงยาดม เครื่อง 1 | เครื่องอัดแผงยาดม เครื่อง 2
3793,,,59,Manufacturing Pharma,high,False,route,Product routes include Pharma markers [62],FG-PPR-TH-02002,FG-PPR-TH-02002,ยาดมพีเป๊กซ์แดง กล่อง 5 โหล (ไม่หุ้ม),น้ำยา,62,"{""en_US"": ""Manufacture (Pharma)""}",2,2,เครื่องชั่งสายพาน Check weight balance | เครื่องหุ้มฟิล์ม 5 โหล แบบอุโมงค์
3794,,,59,Manufacturing Pharma,high,False,route,Product routes include Pharma markers [62],FG-PPR-TH-02001,FG-PPR-TH-02001,ยาดมพีเป๊กซ์แดง กล่อง 5 โหล (หุ้ม),น้ำยา,62,"{""en_US"": ""Manufacture (Pharma)""}",3,2,เครื่องชั่งสายพาน Check weight balance | เครื่องหุ้มฟิล์ม 5 โหล แบบอุโมงค์
3795,,,59,Manufacturing Pharma,high,False,route,Product routes include Pharma markers [62],FG-PPR-TH-01001,FG-PPR-TH-01001,ยาดมพีเป๊กซ์แดง (1x6) แผง,ยาดม PE-PEX,62,"{""en_US"": ""Manufacture (Pharma)""}",3,1,เครื่องปิดเทปกาวกล่อง
3796,,,59,Manufacturing Pharma,high,False,route,Product routes include Pharma markers [62],FG-PPR-TH-01002,FG-PPR-TH-01002,ยาดมพีเป๊กซ์แดง (10x6) 5โหล,ยาดม PE-PEX,62,"{""en_US"": ""Manufacture (Pharma)""}",3,1,เครื่องปิดเทปกาวกล่อง
3797,,,59,Manufacturing Pharma,high,False,route,Product routes include Pharma markers [62],FG-PPR-TH-01003,FG-PPR-TH-01003,ยาดมพีเป๊กซ์แดง (2x6) 30โหล,ยาดม PE-PEX,62,"{""en_US"": ""Manufacture (Pharma)""}",3,1,เครื่องปิดเทปกาวกล่อง
3799,,,60,Manufacturing Plastic,high,False,sku_prefix_rule,Business rule: SM prefix = Plastic | Existing routes [62],SM-PPK-TH-02001,SM-PPK-TH-02001,ชิ้นส่วนยาดม PePex 2IN1 ตัวบน+ตัวกลาง,ชิ้นส่วนหลอด(พิมพ์) + ประกอบ,62,"{""en_US"": ""Manufacture (Pharma)""}",2,1,เครื่องประกอบตัวบน + ตัวกลาง 1
3800,,,60,Manufacturing Plastic,high,False,sku_prefix_rule,Business rule: SM prefix = Plastic | Existing routes [62],SM-PPK-TH-03001,SM-PPK-TH-03001,ชิ้นส่วนยาดม PePex 2IN1 ตัวบน พวงกุญแจสำเร็จ,ชิ้นส่วนหลอด (ประกอบ),62,"{""en_US"": ""Manufacture (Pharma)""}",2,1,เครื่องพิมพ์ตัวบน 1
3801,,,60,Manufacturing Plastic,high,False,sku_prefix_rule,Business rule: SM prefix = Plastic | Existing routes [62],SM-PPK-TH-02002,SM-PPK-TH-02002,ชิ้นส่วนยาดม PePex 2IN1 ตัวล่าง+หลอดน้ำ,ชิ้นส่วนหลอด(พิมพ์) + ประกอบ,62,"{""en_US"": ""Manufacture (Pharma)""}",3,1,เครื่องประกอบตัวล่าง+หลอดน้ำ+ตัวอุด 1
3802,,,60,Manufacturing Plastic,high,False,sku_prefix_rule,Business rule: SM prefix = Plastic | Existing routes [62],SM-PPK-TH-03002,SM-PPK-TH-03002,ชิ้นส่วนยาดม PePex 2IN1 ตัวล่าง,ชิ้นส่วนหลอด (ประกอบ),62,"{""en_US"": ""Manufacture (Pharma)""}",2,1,เครื่องพิมพ์ตัวล่าง 1
3803,,,60,Manufacturing Plastic,high,False,sku_prefix_rule,Business rule: SM prefix = Plastic | Existing routes [63],SM-JOI-RE-02001,SM-JOI-RE-02001,ตัวต่อสี W02 แดง,ชิ้นส่วนหลอด(พิมพ์) + ประกอบ,63,"{""en_US"": ""Manufacture (Plastic)""}",2,1,เครื่องฉีดพลาสติก 3
3804,,,59,Manufacturing Pharma,high,False,sku_prefix_rule,Business rule: SO prefix = Pharma | Existing routes [62],SO-PPS-LO-01001,SO-PPS-LO-01001,น้ำยา PePex2in1 Solution,น้ำยา,62,"{""en_US"": ""Manufacture (Pharma)""}",4,0,
3805,,,59,Manufacturing Pharma,high,False,route,Product routes include Pharma markers [62],FG-PPK-TH-05001,FG-PPK-TH-05001,ยาดมพีเป๊กซ์ 2in1,ยาดม PP 2 in 1,62,"{""en_US"": ""Manufacture (Pharma)""}",5,1,เครื่องบรรจุประกอบหลอด เครื่อง 1
3806,,,59,Manufacturing Pharma,high,False,route,Product routes include Pharma markers [62],FG-PPK-TH-04001,FG-PPK-TH-04001,ยาดมพีเป๊กซ์ 2in1+พวงกุญแจ,ยาดม PP 2 in 1,62,"{""en_US"": ""Manufacture (Pharma)""}",2,1,Machine รอลงข้อมูล
3807,,,59,Manufacturing Pharma,high,False,route,Product routes include Pharma markers [62],FG-PPK-TH-03001,FG-PPK-TH-03001,ยาดมพีเป๊กซ์ 2in1 1แผง,ยาดม PP 2 in 1,62,"{""en_US"": ""Manufacture (Pharma)""}",3,1,เครื่องอัดแผงยาดม Ultrasonic
3808,,,59,Manufacturing Pharma,high,False,route,Product routes include Pharma markers [62],FG-PPK-TH-02001,FG-PPK-TH-02001,ยาดมพีเป๊กซ์ 2in1 1ถาด,ยาดม PP 2 in 1,62,"{""en_US"": ""Manufacture (Pharma)""}",4,1,เครื่องอบฟิล์มหดแบบอุโมงค์
3809,,,59,Manufacturing Pharma,high,False,route,Product routes include Pharma markers [62],FG-PPK-TH-01002,FG-PPK-TH-01002,ยาดมพีเป๊กซ์ 2in1 (6x1),ยาดม PP 2 in 1,62,"{""en_US"": ""Manufacture (Pharma)""}",2,1,เครื่องปิดเทปกาวกล่อง
3845,,,60,Manufacturing Plastic,high,False,sku_prefix_rule,Business rule: SM prefix = Plastic,SM-BLS-FO-00001,SM-BLS-FO-00001,ฟอยล์ยาดม PAX 2way-Key,ชิ้นส่วนหลอด,,,1,2,เครื่องขึ้นรูปฟอยล์
3846,,,60,Manufacturing Plastic,high,False,sku_prefix_rule,Business rule: SM prefix = Plastic | Existing routes [62],SM-BLS-FO-00003,SM-BLS-FO-00003,ฟอยด์ยาดม PePex,ชิ้นส่วนหลอด(พิมพ์) + ประกอบ,62,"{""en_US"": ""Manufacture (Pharma)""}",1,2,เครื่องขึ้นรูปฟอยล์
3847,,,60,Manufacturing Plastic,high,False,sku_prefix_rule,Business rule: SM prefix = Plastic | Existing routes [62],SM-BLS-FO-00004,SM-BLS-FO-00004,ฟอยล์ยาดม PePex2IN1 พวงกุญแจ,ชิ้นส่วนหลอด(พิมพ์) + ประกอบ,62,"{""en_US"": ""Manufacture (Pharma)""}",1,1,เครื่องขึ้นรูปฟอยล์
3848,,,60,Manufacturing Plastic,high,False,sku_prefix_rule,"Business rule: SM prefix = Plastic | Existing routes [1, 60, 62]",SM-BLS-FO-00005,SM-BLS-FO-00005,ฟอยด์ยาดม PS,ชิ้นส่วนหลอด(พิมพ์) + ประกอบ,"1,60,62","{""en_US"": ""Auto Transfer Semi (Pharma)""} | {""en_US"": ""Manufacture (Pharma)""} | {""en_US"": ""Replenish on Order (MTO)"", ""th_TH"": ""เติมสินค้าตามคำสั่งขาย (MTO)""}",1,1,เครื่องขึ้นรูปฟอยล์
4028,,,60,Manufacturing Plastic,high,False,sku_prefix_rule,Business rule: SM prefix = Plastic,SM-PAS-XX-03001,SM-PAS-XX-03001,ชิ้นส่วนยาดม PAX 2way ตัวบน,ชิ้นส่วนหลอด (ประกอบ),,,2,1,เครื่องพิมพ์ตัวบน 1
4030,,,60,Manufacturing Plastic,high,False,sku_prefix_rule,Business rule: SM prefix = Plastic,SM-PAS-XX-02001,SM-PAS-XX-02001,ชิ้นส่วนยาดม PAX 2way ตัวบน+ตัวกลาง,ชิ้นส่วนหลอด(พิมพ์) + ประกอบ,,,2,1,เครื่องประกอบตัวบน + ตัวกลาง 1
4033,,,59,Manufacturing Pharma,high,False,sku_prefix_rule,"Business rule: SO prefix = Pharma | Existing routes [1, 62]",SO-PAS-XX-01002,SO-PAS-XX-01002,น้ำยา Pax,น้ำยา,"1,62","{""en_US"": ""Manufacture (Pharma)""} | {""en_US"": ""Replenish on Order (MTO)"", ""th_TH"": ""เติมสินค้าตามคำสั่งขาย (MTO)""}",4,0,
4038,,,60,Manufacturing Plastic,high,False,sku_prefix_rule,Business rule: SM prefix = Plastic,SM-PAK-XX-03001,SM-PAK-XX-03001,ชิ้นส่วนยาดม PAX 2way-Key ตัวบน,ชิ้นส่วนหลอด (ประกอบ),,,2,1,เครื่องพิมพ์ตัวบน 1
4039,,,60,Manufacturing Plastic,high,False,sku_prefix_rule,Business rule: SM prefix = Plastic,SM-PAK-XX-03002,SM-PAK-XX-03002,ชิ้นส่วนยาดม PAX 2way-Key ตัวล่าง,ชิ้นส่วนหลอด (ประกอบ),,,2,1,เครื่องพิมพ์ตัวบน 1
4040,,,60,Manufacturing Plastic,high,False,sku_prefix_rule,Business rule: SM prefix = Plastic,SM-PAK-XX-02001,SM-PAK-XX-02001,ชิ้นส่วนยาดม PAX 2way-Key ตัวบน+ตัวกลาง,ชิ้นส่วนหลอด(พิมพ์) + ประกอบ,,,2,1,เครื่องประกอบตัวบน + ตัวกลาง 1
4041,,,60,Manufacturing Plastic,high,False,sku_prefix_rule,Business rule: SM prefix = Plastic,SM-PAS-XX-02002,SM-PAS-XX-02002,ชิ้นส่วนยาดม PAX 2way ตัวล่าง+หลอดน้ำ,ชิ้นส่วนหลอด(พิมพ์) + ประกอบ,,,3,1,เครื่องประกอบตัวล่าง+หลอดน้ำ+ตัวอุด 1
4046,,,59,Manufacturing Pharma,high,False,route,"Product routes include Pharma markers [60, 62]",FG-PNF-ID-04001,FG-PNF-ID-04001,พิมเสน แก้วแบน 3cc ไม่หุ้ม อินโดนีเซีย,พิมเสนแก้วแบน 3 CC,"1,60,62","{""en_US"": ""Auto Transfer Semi (Pharma)""} | {""en_US"": ""Manufacture (Pharma)""} | {""en_US"": ""Replenish on Order (MTO)"", ""th_TH"": ""เติมสินค้าตามคำสั่งขาย (MTO)""}",0,1,เครื่องหมุนฝาพิมเสนน้ำสำลี SSS
4047,,,59,Manufacturing Pharma,high,False,sku_prefix_rule,Business rule: SO prefix = Pharma | Existing routes [62],SO-PNS-XX-01001,SO-PNS-XX-01001,น้ำยา PimSaen,น้ำยา,62,"{""en_US"": ""Manufacture (Pharma)""}",3,0,
4055,,,59,Manufacturing Pharma,high,False,route,Product routes include Pharma markers [62],FG-PNC-TH-01005,FG-PNC-TH-01005,พิมเสนสำลี 8cc (1x1),พิมเสนสำลี 8 CC,62,"{""en_US"": ""Manufacture (Pharma)""}",1,0,
4065,,,59,Manufacturing Pharma,high,False,route,Product routes include Pharma markers [62],FG-PNF-TH-01002,FG-PNF-TH-01002,พิมเสน แก้วแบน 3cc (12x1) 20U,พิมเสนแก้วแบน 3 CC,62,"{""en_US"": ""Manufacture (Pharma)""}",2,0,
