default_code,name,category,bom_id,bom_code,bom_type
SM-BLS-FO-00001,{'en_US': 'ฟอยล์ยาดม PAX 2way-Key'},All / SFG / พลาสติก / ชิ้นส่วนหลอด,3845,,normal
SM-BLS-FO-00003,{'en_US': 'ฟอยด์ยาดม PePex'},All / SFG / พลาสติก / ชิ้นส่วนหลอด(พิมพ์) + ประกอบ,3846,,normal
SM-BLS-FO-00004,{'en_US': 'ฟอยล์ยาดม PePex2IN1 พวงกุญแจ'},All / SFG / พลาสติก / ชิ้นส่วนหลอด(พิมพ์) + ประกอบ,3847,,normal
SM-BLS-FO-00005,{'en_US': 'ฟอยด์ยาดม PS'},All / SFG / พลาสติก / ชิ้นส่วนหลอด(พิมพ์) + ประกอบ,3848,,normal
SM-JOI-BU-01001,{'en_US': 'ตัวต่อสี W01 ฟ้า'},All / SFG / พลาสติก / ชิ้นส่วนหลอด(พิมพ์) + ประกอบ,2955,BOM-007-32,normal
SM-JOI-BU-02001,{'en_US': 'ตัวต่อสี W02 ฟ้า'},All / SFG / พลาสติก / ชิ้นส่วนหลอด(พิมพ์) + ประกอบ,2954,BOM-007-64,normal
SM-JOI-GN-01001,{'en_US': 'ตัวต่อสี W02 เขียว'},All / SFG / พลาสติก / ชิ้นส่วนหลอด(พิมพ์) + ประกอบ,2958,BOM-009-64,normal
SM-JOI-GR-02001,{'en_US': 'ตัวต่อสี W01 เขียว'},All / SFG / พลาสติก / ชิ้นส่วนหลอด(พิมพ์) + ประกอบ,2959,BOM-009-32,normal
SM-JOI-PK-01001,{'en_US': 'ตัวต่อสี W01 ชมพู'},All / SFG / พลาสติก / ชิ้นส่วนหลอด(พิมพ์) + ประกอบ,2953,BOM-006-32,normal
SM-JOI-PK-01002,{'en_US': 'ตัวต่อสี W01 ชมพูสะท้อนแสง'},All / SFG / พลาสติก / ชิ้นส่วนหลอด(พิมพ์) + ประกอบ,2949,BOM-004-32,normal
SM-JOI-PK-02001,{'en_US': 'ตัวต่อสี W02 ชมพู'},All / SFG / พลาสติก / ชิ้นส่วนหลอด(พิมพ์) + ประกอบ,2952,BOM-006-64,normal
SM-JOI-PK-02002,{'en_US': 'ตัวต่อสี W02 ชมพูสะท้อนแสง'},All / SFG / พลาสติก / ชิ้นส่วนหลอด(พิมพ์) + ประกอบ,2948,BOM-004-64,normal
SM-JOI-PP-01001,{'en_US': 'ตัวต่อสี W01 ม่วง'},All / SFG / พลาสติก / ชิ้นส่วนหลอด(พิมพ์) + ประกอบ,2951,BOM-005-32,normal
SM-JOI-PP-02001,{'en_US': 'ตัวต่อสี W02 ม่วง'},All / SFG / พลาสติก / ชิ้นส่วนหลอด(พิมพ์) + ประกอบ,2950,BOM-005-64,normal
SM-JOI-RE-02001,{'en_US': 'ตัวต่อสี W02 แดง'},All / SFG / พลาสติก / ชิ้นส่วนหลอด(พิมพ์) + ประกอบ,3803,,normal
SM-JOI-YW-01001,{'en_US': 'ตัวต่อสี W01 เหลือง'},All / SFG / พลาสติก / ชิ้นส่วนหลอด(พิมพ์) + ประกอบ,2957,BOM-008-32,normal
SM-JOI-YW-02001,{'en_US': 'ตัวต่อสี W02 เหลือง'},All / SFG / พลาสติก / ชิ้นส่วนหลอด(พิมพ์) + ประกอบ,2956,BOM-008-64,normal
SM-MTS-JP-02001,{'en_US': 'ชิ้นส่วนยาดม MarkII NOSE MINT ตัวบน+ตัวกลาง'},All / SFG / พลาสติก / ชิ้นส่วนหลอด(พิมพ์) + ประกอบ,3208,,normal
SM-MTS-JP-02002,{'en_US': 'ชิ้นส่วนยาดม MarkII NOSE MINT ตัวล่าง+หลอดน้ำ'},All / SFG / พลาสติก / ชิ้นส่วนหลอด(พิมพ์) + ประกอบ,3209,,normal
SM-MTS-JP-03001,{'en_US': 'ชิ้นส่วนยาดม MarkII NOSE MINT ตัวบน'},All / SFG / พลาสติก / ชิ้นส่วนหลอด (ประกอบ),3206,,normal
SM-MTS-JP-03002,{'en_US': 'ชิ้นส่วนยาดม MarkII NOSE MINT ตัวล่าง'},All / SFG / พลาสติก / ชิ้นส่วนหลอด (ประกอบ),3207,,normal
SM-MTS-TW-02001,{'en_US': 'ชิ้นส่วนยาดม MarkII Taiwan ตัวบน+ตัวกลาง'},All / SFG / พลาสติก / ชิ้นส่วนหลอด(พิมพ์) + ประกอบ,3185,,normal
SM-MTS-TW-02002,{'en_US': 'ชิ้นส่วนยาดม MarkII Taiwan ตัวล่าง+หลอดน้ำ'},All / SFG / พลาสติก / ชิ้นส่วนหลอด(พิมพ์) + ประกอบ,3186,,normal
SM-MTS-TW-03001,{'en_US': 'ชิ้นส่วนยาดม MarkII Taiwan ตัวบน'},All / SFG / พลาสติก / ชิ้นส่วนหลอด (ประกอบ),3183,,normal
SM-MTS-TW-03002,{'en_US': 'ชิ้นส่วนยาดม MarkII Taiwan ตัวล่าง'},All / SFG / พลาสติก / ชิ้นส่วนหลอด (ประกอบ),3184,,normal
SM-MTS-XX-02001,{'en_US': 'ชิ้นส่วนยาดม MarkII 3สูตร ตัวบน+ตัวกลาง'},All / SFG / พลาสติก / ชิ้นส่วนหลอด(พิมพ์) + ประกอบ,3139,,normal
SM-MTS-XX-02002,{'en_US': 'ชิ้นส่วนยาดม MarkII 3สูตร ตัวล่าง+หลอดน้ำ'},All / SFG / พลาสติก / ชิ้นส่วนหลอด(พิมพ์) + ประกอบ,3140,,normal
SM-MTS-XX-03001,{'en_US': 'ชิ้นส่วนยาดม MarkII 3สูตร ตัวบน'},All / SFG / พลาสติก / ชิ้นส่วนหลอด (ประกอบ),3141,,normal
SM-MTS-XX-03002,{'en_US': 'ชิ้นส่วนยาดม MarkII 3สูตร ตัวล่าง'},All / SFG / พลาสติก / ชิ้นส่วนหลอด (ประกอบ),3142,,normal
SM-PAK-XX-02001,{'en_US': 'ชิ้นส่วนยาดม PAX 2way-Key ตัวบน+ตัวกลาง'},All / SFG / พลาสติก / ชิ้นส่วนหลอด(พิมพ์) + ประกอบ,4040,,normal
SM-PAK-XX-03001,{'en_US': 'ชิ้นส่วนยาดม PAX 2way-Key ตัวบน'},All / SFG / พลาสติก / ชิ้นส่วนหลอด (ประกอบ),4038,,normal
SM-PAK-XX-03002,{'en_US': 'ชิ้นส่วนยาดม PAX 2way-Key ตัวล่าง'},All / SFG / พลาสติก / ชิ้นส่วนหลอด (ประกอบ),4039,,normal
SM-PAS-XX-02001,{'en_US': 'ชิ้นส่วนยาดม PAX 2way ตัวบน+ตัวกลาง'},All / SFG / พลาสติก / ชิ้นส่วนหลอด(พิมพ์) + ประกอบ,4030,,normal
SM-PAS-XX-02002,{'en_US': 'ชิ้นส่วนยาดม PAX 2way ตัวล่าง+หลอดน้ำ'},All / SFG / พลาสติก / ชิ้นส่วนหลอด(พิมพ์) + ประกอบ,4041,,normal
SM-PAS-XX-03001,{'en_US': 'ชิ้นส่วนยาดม PAX 2way ตัวบน'},All / SFG / พลาสติก / ชิ้นส่วนหลอด (ประกอบ),4028,,normal
SM-PLK-UP-00001,{'en_US': 'ชิ้นส่วนยาดมตัวบนพวงกุญแจ'},All / SFG / พลาสติก / ชิ้นส่วนหลอด,3221,,normal
SM-PLS-LO-01001,{'en_US': 'ชิ้นส่วนยาดม PS ตัวล่างW01'},All / SFG / พลาสติก / ชิ้นส่วนหลอด,2947,BOM-003-32,normal
SM-PLS-LO-02001,{'en_US': 'ชิ้นส่วนยาดมตัวล่างW02'},All / SFG / พลาสติก / ชิ้นส่วนหลอด,2946,BOM-003-64,normal
SM-PLS-MI-01001,{'en_US': 'ชิ้นส่วนยาดมตัวกลางW01'},All / SFG / พลาสติก / ชิ้นส่วนหลอด,2945,BOM-002-32,normal
SM-PLS-MI-02001,{'en_US': 'ชิ้นส่วนยาดมตัวกลางW02'},All / SFG / พลาสติก / ชิ้นส่วนหลอด,2944,BOM-002-64,normal
SM-PLS-PU-01001,{'en_US': 'ชิ้นส่วนยาดมตัวอุดหลอดน้ำW01'},All / SFG / พลาสติก / ชิ้นส่วนหลอด,2963,BOM-011-32,normal
SM-PLS-PU-02001,{'en_US': 'ชิ้นส่วนยาดมตัวอุดหลอดน้ำW02'},All / SFG / พลาสติก / ชิ้นส่วนหลอด,2962,BOM-011-64,normal
SM-PLS-TU-01001,{'en_US': 'ชิ้นส่วนยาดมหลอดน้ำW01'},All / SFG / พลาสติก / ชิ้นส่วนหลอด,2961,BOM-010-32,normal
SM-PLS-TU-02001,{'en_US': 'ชิ้นส่วนยาดมหลอดน้ำW02'},All / SFG / พลาสติก / ชิ้นส่วนหลอด,2960,BOM-010-64,normal
SM-PLS-UP-01001,{'en_US': 'ชิ้นส่วนยาดมตัวบน W01'},All / SFG / พลาสติก / ชิ้นส่วนหลอด,2943,BOM-001-32,normal
SM-PLS-UP-02001,{'en_US': 'ชิ้นส่วนยาดมตัวบน W02'},All / SFG / พลาสติก / ชิ้นส่วนหลอด,2942,BOM-001-64,normal
SM-PNC-BT-02001,{'en_US': 'ขวดพิมเสนน้ำสำลี สำเร็จ'},All / SFG / พลาสติก / ชิ้นส่วนหลอด(พิมพ์) + ประกอบ,3515,,normal
SM-PNC-BT-03001,{'en_US': 'ขวดพิมเสนน้ำสำลี กึ่งสำเร็จ'},All / SFG / พลาสติก / ชิ้นส่วนหลอด,3513,d1,normal
SM-PNC-BT-04001,{'en_US': 'ขวดพิมเสนน้ำสำลี สำเร็จ อินโดนีเซีย'},All / SFG / พลาสติก / ชิ้นส่วนหลอด,3387,d1,normal
SM-PNC-BT-04002,{'en_US': 'ขวดพิมเสนน้ำสำลี สำเร็จ พม่า'},All / SFG / พลาสติก / ชิ้นส่วนหลอด,3401,,normal
SM-PNC-BT-04003,{'en_US': 'ขวดพิมเสนน้ำสำลี สำเร็จ ตปท'},All / SFG / พลาสติก / ชิ้นส่วนหลอด,3441,,normal
SM-PNC-CA-02001,{'en_US': 'ฝาพิมเสนน้ำสำลี W01'},All / SFG / พลาสติก / ชิ้นส่วนหลอด(พิมพ์) + ประกอบ,3514,d1,normal
SM-PNF-CA-01001,{'en_US': 'ฝาเขียวแก้วแบน 3CC สำเร็จ'},All / SFG / พลาสติก / ชิ้นส่วนหลอด(พิมพ์) + ประกอบ,3499,BOM-030 d3,normal
SM-PNF-CA-02001,{'en_US': 'ฝาเขียวแก้วแบน 3CC กึ่งสำเร็จ'},All / SFG / พลาสติก / ชิ้นส่วนหลอด,3498,BOM-029-24 d3,normal
SM-PPK-TH-02001,{'en_US': 'ชิ้นส่วนยาดม PePex 2IN1 ตัวบน+ตัวกลาง'},All / SFG / พลาสติก / ชิ้นส่วนหลอด(พิมพ์) + ประกอบ,3799,,normal
SM-PPK-TH-02002,{'en_US': 'ชิ้นส่วนยาดม PePex 2IN1 ตัวล่าง+หลอดน้ำ'},All / SFG / พลาสติก / ชิ้นส่วนหลอด(พิมพ์) + ประกอบ,3801,,normal
SM-PPK-TH-03001,{'en_US': 'ชิ้นส่วนยาดม PePex 2IN1 ตัวบน พวงกุญแจสำเร็จ'},All / SFG / พลาสติก / ชิ้นส่วนหลอด (ประกอบ),3800,,normal
SM-PPK-TH-03002,{'en_US': 'ชิ้นส่วนยาดม PePex 2IN1 ตัวล่าง'},All / SFG / พลาสติก / ชิ้นส่วนหลอด (ประกอบ),3802,,normal
SM-PPR-TH-02001,{'en_US': 'ชิ้นส่วนยาดม PePex แดง ตัวบน'},All / SFG / พลาสติก / ชิ้นส่วนหลอด(พิมพ์) + ประกอบ,3785,,normal
SM-PPR-TH-02002,{'en_US': 'ชิ้นส่วนยาดม PePexแดง ตัวล่าง สำเร็จ'},All / SFG / พลาสติก / ชิ้นส่วนหลอด(พิมพ์) + ประกอบ,3786,,normal
SM-PPR-TH-02003,{'en_US': 'ชิ้นส่วนยาดม PePex แดง ตัวกลาง'},All / SFG / พลาสติก / ชิ้นส่วนหลอด(พิมพ์) + ประกอบ,3788,,normal
SM-PPR-TH-03002,{'en_US': 'ชิ้นส่วนยาดม PePexแดง ตัวล่าง กึ่งสำเร็จ'},All / SFG / พลาสติก / ชิ้นส่วนหลอด,3787,,normal
SM-PSK-IS-02001,{'en_US': 'ชิ้นส่วนยาดม MarkII Isarel ตัวบน+ตัวกลาง'},All / SFG / พลาสติก / ชิ้นส่วนหลอด(พิมพ์) + ประกอบ,3224,,normal
SM-PSK-IS-02002,{'en_US': 'ชิ้นส่วนยาดม MarkII Isarel ตัวล่าง+หลอดน้ำ'},All / SFG / พลาสติก / ชิ้นส่วนหลอด(พิมพ์) + ประกอบ,3225,,normal
SM-PSK-IS-03001,{'en_US': 'ชิ้นส่วนยาดม MarkII Isarel ตัวบน'},All / SFG / พลาสติก / ชิ้นส่วนหลอด (ประกอบ),3222,,normal
SM-PSK-IS-03002,{'en_US': 'ชิ้นส่วนยาดม MarkII Isarel ตัวล่าง'},All / SFG / พลาสติก / ชิ้นส่วนหลอด (ประกอบ),3223,,normal
SM-PSK-TH-02001,{'en_US': 'ชิ้นส่วนยาดม PS Key ตัวบน+ตัวกลาง'},All / SFG / พลาสติก / ชิ้นส่วนหลอด(พิมพ์) + ประกอบ,3094,,normal
SM-PSK-TH-02002,{'en_US': 'ชิ้นส่วนยาดม PS Key ตัวล่าง+หลอดน้ำ'},All / SFG / พลาสติก / ชิ้นส่วนหลอด(พิมพ์) + ประกอบ,3095,,normal
SM-PSK-TH-03001,{'en_US': 'ชิ้นส่วนยาดม PS Key ตัวบน'},All / SFG / พลาสติก / ชิ้นส่วนหลอด (ประกอบ),3092,,normal
SM-PSK-TH-03002,{'en_US': 'ชิ้นส่วนยาดม PS Key ตัวล่าง'},All / SFG / พลาสติก / ชิ้นส่วนหลอด (ประกอบ),3093,,normal
SM-PSS-DE-02001,{'en_US': 'ชิ้นส่วนยาดม PS ตัวบน+ตัวกลาง เยอรมัน'},All / SFG / พลาสติก / ชิ้นส่วนหลอด(พิมพ์) + ประกอบ,3052,,normal
SM-PSS-DE-02002,{'en_US': 'ชิ้นส่วนยาดม PS ตัวล่าง+หลอดน้ำ เยอรมัน'},All / SFG / พลาสติก / ชิ้นส่วนหลอด(พิมพ์) + ประกอบ,3053,,normal
SM-PSS-DE-03001,{'en_US': 'ชิ้นส่วนยาดม PS ตัวบน เยอรมัน'},All / SFG / พลาสติก / ชิ้นส่วนหลอด (ประกอบ),3050,,normal
SM-PSS-DE-03002,{'en_US': 'ชิ้นส่วนยาดม PS ตัวล่าง เยอรมัน'},All / SFG / พลาสติก / ชิ้นส่วนหลอด (ประกอบ),3051,,normal
SM-PSS-MY-02001,{'en_US': 'ชิ้นส่วนยาดม PS ตัวบน+ตัวกลาง มาเลเซีย'},All / SFG / พลาสติก / ชิ้นส่วนหลอด(พิมพ์) + ประกอบ,3020,,normal
SM-PSS-MY-02002,{'en_US': 'ชิ้นส่วนยาดม PS ตัวล่าง+หลอดน้ำ มาเลเซีย'},All / SFG / พลาสติก / ชิ้นส่วนหลอด(พิมพ์) + ประกอบ,3021,,normal
SM-PSS-MY-03001,{'en_US': 'ชิ้นส่วนยาดม PS ตัวบน มาเลเซีย'},All / SFG / พลาสติก / ชิ้นส่วนหลอด (ประกอบ),3018,,normal
SM-PSS-MY-03002,{'en_US': 'ชิ้นส่วนยาดม PS ตัวล่าง มาเลเซีย'},All / SFG / พลาสติก / ชิ้นส่วนหลอด (ประกอบ),3019,,normal
SM-PSS-TH-02001,{'en_US': 'ชิ้นส่วนยาดม PS ตัวบน+ตัวกลาง'},All / SFG / พลาสติก / ชิ้นส่วนหลอด(พิมพ์) + ประกอบ,2966,BOM-014,normal
SM-PSS-TH-02002,{'en_US': 'ชิ้นส่วนยาดม PS ตัวล่าง+หลอดน้ำ'},All / SFG / พลาสติก / ชิ้นส่วนหลอด(พิมพ์) + ประกอบ,2967,BOM-015,normal
SM-PSS-TH-03001,{'en_US': 'ชิ้นส่วนยาดม PS ตัวบน'},All / SFG / พลาสติก / ชิ้นส่วนหลอด (ประกอบ),2964,BOM-012,normal
SM-PSS-TH-03002,{'en_US': 'ชิ้นส่วนยาดม PS ตัวล่าง'},All / SFG / พลาสติก / ชิ้นส่วนหลอด (ประกอบ),2965,BOM-013,normal
