date,journal_id,name,line_ids/account_id,line_ids/currency_id,line_ids/is_imported,line_ids/debit,line_ids/credit
2025-12-31,Opening Balance,/,111101,THB,True,60796333.50,
,,,111102,THB,True,,60762680.50
,,,111103,THB,True,26751.00,
,,,111105,THB,True,1250594.00,
,,,111201,THB,True,22590788.57,
,,,111202,THB,True,61348939.00,
,,,111203,THB,True,8209.00,
,,,111204,THB,True,20488723.06,
,,,111205,THB,True,5435646.27,
,,,111301,THB,True,51413056.85,
,,,111302,THB,True,92652459.00,
,,,111303,THB,True,16471406.25,
,,,111304,THB,True,14969413.65,
,,,111305,THB,True,1233342.13,
,,,111401,THB,True,373637136.66,
,,,111407,THB,True,1104761228.62,
,,,111408,THB,True,521000000.00,
,,,999113001,THB,True,124864843.16,
,,,999113002,THB,True,829208.94,
,,,113005,THB,True,22414248.72,
,,,114001,THB,True,12194.16,
,,,114002,THB,True,430110.93,
,,,114003,THB,True,204157.50,
,,,114006,THB,True,1867456.89,
,,,114007,THB,True,7253924.99,
,,,114008,THB,True,38890.78,
,,,114011,THB,True,6668983.62,
,,,114013,THB,True,91938.00,
,,,114014,THB,True,2904.00,
,,,114015,THB,True,89755.23,
,,,116001,THB,True,943443.28,
,,,116002,THB,True,72775531.34,
,,,116003,THB,True,26017089.75,
,,,116011,THB,True,8632891.59,
,,,116012,THB,True,15296644.43,
,,,116021,THB,True,7434.18,
,,,116008,THB,True,114005.16,
,,,116031,THB,True,9862777.86,
,,,116032,THB,True,3746160.86,
,,,116039,THB,True,4116895.97,
,,,117002,THB,True,745264.55,
,,,117004,THB,True,281033.73,
,,,117005,THB,True,65000000.00,
,,,117006,THB,True,354935.97,
,,,123001,THB,True,52433287.66,
,,,123002,THB,True,107358328.66,
,,,123003,THB,True,238452350.80,
,,,123004,THB,True,140893751.33,
,,,123005,THB,True,23201795.99,
,,,123006,THB,True,2209527.54,
,,,123007,THB,True,39618838.06,
,,,123008,THB,True,34325595.79,
,,,123010,THB,True,255994.40,
,,,123013,THB,True,,75985284.88
,,,123014,THB,True,,129495083.47
,,,123015,THB,True,,132382481.31
,,,123016,THB,True,,18014244.06
,,,123017,THB,True,,2088828.72
,,,123018,THB,True,,25884793.66
,,,124001,THB,True,9400040.55,
,,,124003,THB,True,1120000.00,
,,,124004,THB,True,,3548800.27
,,,999212001,THB,True,,50810205.32
,,,212004,THB,True,,13288522.48
,,,213003,THB,True,,36661618.00
,,,213007,THB,True,,14327087.03
,,,213008,THB,True,,218034.00
,,,213009,THB,True,,2291720.02
,,,213011,THB,True,,80576.49
,,,213012,THB,True,,3756973.38
,,,213016,THB,True,,3.10
,,,213018,THB,True,,6728.00
,,,213019,THB,True,,3414.00
,,,214004,THB,True,,2000.00
,,,215002,THB,True,,3260137.92
,,,215004,THB,True,,414699.47
,,,215005,THB,True,,96805.50
,,,215006,THB,True,,295005.23
,,,221005,THB,True,,3305420.02
,,,222001,THB,True,,33742195.73
,,,222002,THB,True,,1425000.00
,,,310001,THB,True,,30000000.00
,,,320001,THB,True,,2082376722.11
,,,320002,THB,True,,3000000.00
,,,410001,THB,True,,797770857.68
,,,410002,THB,True,,193735494.44
,,,410009,THB,True,,1592191.91
,,,410021,THB,True,,63704.69
,,,410032,THB,True,189736.33,
,,,420001,THB,True,,114136498.04
,,,420002,THB,True,,4595286.72
,,,430001,THB,True,,26759871.73
,,,430003,THB,True,151785.92,
,,,430004,THB,True,,2705553.27
,,,430005,THB,True,,2157320.19
,,,510001,THB,True,178393806.22,
,,,510002,THB,True,79940171.25,
,,,510009,THB,True,1758077.46,
,,,520001,THB,True,22733105.29,
,,,520002,THB,True,1600379.36,
,,,530001,THB,True,26795308.08,
,,,530003,THB,True,840349.00,
,,,530006,THB,True,4756974.00,
,,,530007,THB,True,2013999.76,
,,,530009,THB,True,308986.91,
,,,530011,THB,True,13575.30,
,,,530021,THB,True,9059164.39,
,,,530022,THB,True,126856.21,
,,,530023,THB,True,2394.00,
,,,530024,THB,True,3598.00,
,,,530025,THB,True,149.00,
,,,530026,THB,True,6340.00,
,,,530031,THB,True,134346.07,
,,,530032,THB,True,1018149.80,
,,,530012,THB,True,16560.00,
,,,530071,THB,True,3221108.01,
,,,530072,THB,True,13096006.55,
,,,530073,THB,True,2276821.60,
,,,530074,THB,True,1733.72,
,,,530061,THB,True,361507.98,
,,,530075,THB,True,1171194.11,
,,,530062,THB,True,1547576.86,
,,,530063,THB,True,754398.82,
,,,530053,THB,True,25392.76,
,,,530054,THB,True,5241299.28,
,,,530027,THB,True,1539019.80,
,,,530081,THB,True,26367.67,
,,,530082,THB,True,115851.18,
,,,530083,THB,True,1851805.05,
,,,530084,THB,True,,0.20
,,,590001,THB,True,,76311884.56
,,,600001,THB,True,1654955.91,
,,,600002,THB,True,1126262.60,
,,,600003,THB,True,17203616.44,
,,,600004,THB,True,16470064.05,
,,,600005,THB,True,3337618.62,
,,,600006,THB,True,306289.52,
,,,600008,THB,True,2322.83,
,,,600010,THB,True,254821.00,
,,,600021,THB,True,17640367.17,
,,,600025,THB,True,294772.00,
,,,600027,THB,True,333543.35,
,,,600029,THB,True,55100.00,
,,,600030,THB,True,6560.00,
,,,600032,THB,True,20180.79,
,,,600033,THB,True,2541778.56,
,,,600022,THB,True,5156282.00,
,,,600043,THB,True,44974.40,
,,,600023,THB,True,342213.00,
,,,600045,THB,True,38994.00,
,,,600052,THB,True,95498.12,
,,,600053,THB,True,45711.40,
,,,600054,THB,True,29200.00,
,,,600061,THB,True,1236664.56,
,,,600062,THB,True,684523.99,
,,,600083,THB,True,16751.87,
,,,600085,THB,True,461021.93,
,,,600092,THB,True,2053.04,
,,,600093,THB,True,24061.88,
,,,600095,THB,True,1875782.45,
,,,600064,THB,True,18123365.17,
,,,600065,THB,True,1366605.23,
,,,600067,THB,True,116035.00,
,,,600100,THB,True,265041.44,
,,,600011,THB,True,11382243.00,
,,,600097,THB,True,42115.73,
,,,600021,THB,True,52758437.67,
,,,600025,THB,True,174881.00,
,,,600026,THB,True,29594.00,
,,,600027,THB,True,681636.90,
,,,600034,THB,True,240900.00,
,,,600029,THB,True,196700.00,
,,,600030,THB,True,39845.75,
,,,600055,THB,True,,19387.92
,,,600032,THB,True,20884.76,
,,,600033,THB,True,334892.42,
,,,600041,THB,True,313406.65,
,,,600010,THB,True,4114006.53,
,,,600042,THB,True,10309.70,
,,,600043,THB,True,111017.19,
,,,600044,THB,True,2198.00,
,,,600045,THB,True,9710.00,
,,,600068,THB,True,1375655.28,
,,,600052,THB,True,258974.74,
,,,600053,THB,True,167703.81,
,,,600054,THB,True,184553.46,
,,,600069,THB,True,23100.00,
,,,600026,THB,True,455604.07,
,,,600027,THB,True,159430.07,
,,,600081,THB,True,272735.00,
,,,600082,THB,True,13740.00,
,,,600083,THB,True,85305.43,
,,,600084,THB,True,37850.45,
,,,600085,THB,True,606262.66,
,,,600091,THB,True,27480.85,
,,,600092,THB,True,192667.59,
,,,600093,THB,True,1251568.35,
,,,600094,THB,True,56923.78,
,,,600095,THB,True,1690045.11,
,,,600096,THB,True,947742.63,
,,,600064,THB,True,10822050.68,
,,,600097,THB,True,261678.19,
,,,600066,THB,True,2429082.46,
,,,600071,THB,True,1300.00,
,,,600056,THB,True,137.00,
,,,600072,THB,True,71700.00,
,,,600065,THB,True,5846.30,
,,,600074,THB,True,1094570.40,
,,,600075,THB,True,2794.20,
,,,600102,THB,True,23026067.91,
,,,600103,THB,True,7878410.18,
,,,600104,THB,True,0.03,
,,,600105,THB,True,12915.66,
,,,600100,THB,True,77769.39,
,,,600110,THB,True,,480.29
,,,600023,THB,True,222612.00,
,,,600113,THB,True,458183.33,
,,,800001,THB,True,119601.83,
,,,800002,THB,True,335562.18,
