po_no,vendor_ref,vendor_name,product_code,product_name,open_qty,unit_price,currency_src,delivery_date,reason
PO2500024,560,"SDS International (Japan) Co., Ltd.",805,เงินมัดจำจ่ายล่วงหน้า,1.0,19970000.0,JPB,,missing product; product missing in item master
PO2500284,13,บริษัท ฟิลแพค จำกัด,805,เงินมัดจำจ่ายล่วงหน้า,1.0,3748000.0,THB,,missing product; product missing in item master
PO2500285,878,WIRO Prazisions-Werkzeugbau Gmbh& Co.KG,990016,"hot runner nozzle complete setDrawing No : SW2545consisting of :-1x nozzle body (NZMSPB2A037-E)-1x torpedo tip (TPM002-2)-1x gate seal (TSM010-1)-3x retaining clips for thermocouple (1x TCRC19 ,2x TCRC21)-assembledH.S. Code :#84779080",1.0,1638.0,EUB,,missing product
PO2500285,878,WIRO Prazisions-Werkzeugbau Gmbh& Co.KG,990016,TPM002-2 MSP Torpedo E-Type Mold Max HHDrawing No : SW2545,3.0,164.0,EUB,,missing product
PO2500285,878,WIRO Prazisions-Werkzeugbau Gmbh& Co.KG,990016,TSM010-1 gate seal MSP torpedo E ViscoDrawing No. SW2545,3.0,98.0,EUB,,missing product
PO2500286,878,WIRO Prazisions-Werkzeugbau Gmbh& Co.KG,990011,mould insert ejector sideDrawing No.: SW2610 / pos. 21- unit price is only valid on acceptance of offered quantity,1.0,2565.0,EUB,,missing product
PO2500286,878,WIRO Prazisions-Werkzeugbau Gmbh& Co.KG,990011,hot runner nozzle complete setDrawing No.: SW2610 / Ewikon,2.0,3790.0,EUB,,missing product
PO2500286,878,WIRO Prazisions-Werkzeugbau Gmbh& Co.KG,990011,mould insert nozzle sideDrawing No.: SW2610 / pos. 20- unit price is only valid on acceptance of offered quantity,1.0,2040.0,EUB,,missing product
PO2500286,878,WIRO Prazisions-Werkzeugbau Gmbh& Co.KG,990011,torpedoDrawing No.: SW2610 / Ewikon,8.0,214.0,EUB,,missing product
PO2500287,878,WIRO Prazisions-Werkzeugbau Gmbh& Co.KG,990007,"hot runner nozzle complete setDrawing No.: SW2611 / pos. MMconsisting of:- 1x nozzle body (NZMSPB2A037-E)- 1x torpedo tip (TPM002-2)- 1x gate seal (TSM010)- 1x thermocouple (TCD1.0x150TH)- 3x retaining clips for thermocouple(1x TCRC19, 2x TCRC21)- assembledH.S. Code: #84779080",4.0,1638.0,EUB,,missing product
PO2500287,878,WIRO Prazisions-Werkzeugbau Gmbh& Co.KG,990007,TPM002-2 - MSP Torpedo E-Type Moldmax HHDrawing No.: SW2611 / pos. MM 14,32.0,164.0,EUB,,missing product
PO2500287,878,WIRO Prazisions-Werkzeugbau Gmbh& Co.KG,990007,TSM010 gate seal MSP torpedo E ViscoDrawing No.: SW2611 / pos. MM 15,4.0,98.0,EUB,,missing product
PO2500287,878,WIRO Prazisions-Werkzeugbau Gmbh& Co.KG,990007,cooling pipe - reworkedDrawing No.: SW2611 / pos. 78- unit price is only valid on acceptance of offered quantity,20.0,60.0,EUB,,missing product
PO2500288,878,WIRO Prazisions-Werkzeugbau Gmbh& Co.KG,990008,cycle counter HASCODrawing No.: SW2612 / Pos. 64,6.0,391.0,EUB,,missing product
PO2500288,878,WIRO Prazisions-Werkzeugbau Gmbh& Co.KG,990008,cooling pipe - reworkedDrawing No.: SW2612 / pos. 123- unit price is only valid on acceptance of offered quantity,60.0,20.0,EUB,,missing product
PO2500290,878,WIRO Prazisions-Werkzeugbau Gmbh& Co.KG,990010,mould insert ISDrawing No.: SW2614 / pos. 16- unit price is only valid on acceptance of offered quantity,16.0,782.0,EUB,,missing product
PO2500290,878,WIRO Prazisions-Werkzeugbau Gmbh& Co.KG,990010,mould core - cavity number moved upDrawing No.: SW2614 / pos. 18Attention!Engraving of cavity number moved upwards by approx. 5mm.- unit price is only valid on acceptance of offered quantity,12.0,593.0,EUB,,missing product
PO2500290,878,WIRO Prazisions-Werkzeugbau Gmbh& Co.KG,990010,"ejector sleeve, special designDrawing No.: SW2614 / pos. 91- unit price is only valid on acceptance of offered quantity",10.0,612.0,EUB,,missing product
PO2500290,878,WIRO Prazisions-Werkzeugbau Gmbh& Co.KG,990010,DP1 M-angled tip C nozzle L70Drawing No.: SW2614 / pos. MM 07,4.0,2450.0,EUB,,missing product
PO2500290,878,WIRO Prazisions-Werkzeugbau Gmbh& Co.KG,990010,special cooling pipe - reworkedDrawing No.: SW2614 / pos. 92- unit price is only valid on acceptance of offered quantity,20.0,110.0,EUB,,missing product
PO2500291,878,WIRO Prazisions-Werkzeugbau Gmbh& Co.KG,990012,mould core Drawing No.: SW2615 / pos. 18- unit price is only valid on acceptance of offered quantity,2.0,1267.0,EUB,,missing product
PO2500291,878,WIRO Prazisions-Werkzeugbau Gmbh& Co.KG,990012,mould sleeveDrawing No.: SW2615 / pos. 19- unit price is only valid on acceptance of offered quantity,3.0,778.0,EUB,,missing product
PO2500291,878,WIRO Prazisions-Werkzeugbau Gmbh& Co.KG,990012,mould shiftDrawing No.: SW2615 / pos. 21- unit price is only valid on acceptance of offered quantity,1.0,3183.0,EUB,,missing product
PO2500291,878,WIRO Prazisions-Werkzeugbau Gmbh& Co.KG,990012,"hot runner nozzle complete setDrawing No.: SW2615 / pos. MMconsisting of:- 1x nozzle body (NZMSFB2A097-G)- 1x torpedo tip (TPM022-2)- 1x gate seal (TSM200)- 1x thermocouple (TCD1.0x250TH)- 2x retaining clips for thermocouple(1x TCRC19, 1x TCRC26)- assembledH.S. Code: #84779080",2.0,1844.0,EUB,,missing product
PO2500291,878,WIRO Prazisions-Werkzeugbau Gmbh& Co.KG,990012,TPM 022-2 - MSF Torpedo E&F Type Moldmax HHDrawing No.: SW2615 / pos. MM,15.0,164.0,EUB,,missing product
PO2500291,878,WIRO Prazisions-Werkzeugbau Gmbh& Co.KG,990012,cooling pipe - reworkedDrawing No.: SW2615 / pos. 76- unit price is only valid on acceptance of offered quantity,20.0,60.0,EUB,,missing product
PO2500292,878,WIRO Prazisions-Werkzeugbau Gmbh& Co.KG,990017,TSM010-1 gate seal MSP torpedo E ViscoDrawing No. SW2544,3.0,98.0,EUB,,missing product
PO2500292,878,WIRO Prazisions-Werkzeugbau Gmbh& Co.KG,990017,TPM002-1 MSP Torpedo E-typeDrawing No. SW2544,6.0,174.0,EUB,,missing product
PO2500325,658,บริษัท กรุงเทพ เอ็กซิบิชั่น จำกัด,900011,ค่าดำเนินการมาสคอตโป๊ยเซียน (Fashion Island)1. ค่าทำความสะอาดมาสคอต 1 ตัว,1.0,2000.0,THB,,missing vendor
PO2500325,658,บริษัท กรุงเทพ เอ็กซิบิชั่น จำกัด,900011,2. ค่าขนส่งมาสคอต 1 ตัว,1.0,6000.0,THB,,missing vendor
PO2500325,658,บริษัท กรุงเทพ เอ็กซิบิชั่น จำกัด,900011,"3.ค่าสตาฟใส่มาสคอต 1 คน และสตาฟดูแลมาสคอต 1 คน (วันที่ 10,11,12,17,18/5/68)",1.0,25000.0,THB,,missing vendor
PO2500354,888,บริษัท เรียล สมาร์ท จำกัด,900023,Social Monitoring Service for POY-SIAN (Data Source from Thailand) Period of  Services 3 Months (1 Apr-30 Jun 2025),2.0,160000.0,THB,,missing vendor
PO2500495,633,บริษัท จี.ดี. โปรแพค จำกัด,286,ฉลากHS PePex2IN1พวงกุญแจ ตัวบน,100000.0,0.29,THB,,missing product; product missing in item master
PO2500495,633,บริษัท จี.ดี. โปรแพค จำกัด,287,ฉลากHS PePex2IN1พวงกุญแจ ตัวล่าง,100000.0,0.29,THB,,missing product; product missing in item master
PO2500528,831,บริษัท มณฑรัตน์ เทรดดิ้ง จำกัด,805,เงินมัดจำจ่ายล่วงหน้า,2.0,428000.0,THB,,missing product; product missing in item master
PO2500534,625,บริษัท เอที ออโต้ เทรดดิ้ง จำกัด,805,เงินมัดจำจ่ายล่วงหน้า,1.0,4200000.0,THB,,missing product; product missing in item master
PO2500540,899,บริษัท สามหกห้า อินโฟเทค จำกัด,805,เงินมัดจำจ่ายล่วงหน้า,2.0,700000.0,THB,,missing product; product missing in item master
PO2500568,383,บริษัท เอ็น.อาร์.พัฒนา จำกัด,533,พิมเสน Borneol White Snow,4000.0,656.0,THB,,missing product; product missing in item master
PO2500661,658,บริษัท กรุงเทพ เอ็กซิบิชั่น จำกัด,900023,"งาน Siam Thai Hub 2025ค่าใช้จ่ายส่วนงาน Production เพิ่มเติม- ค่าขนส่งติดตั้งรื้อถอนพร้อมค่าเช้า TV 55 นิ้ว จำนวน 3 วัน (Mockup ยาดมยักษ์, TV 55 นิ้วพร้อมขาตั้ง)",1.0,24000.0,THB,,missing vendor
PO2500661,658,บริษัท กรุงเทพ เอ็กซิบิชั่น จำกัด,900023,- ค่าสตาฟประจำบูธ 2 คน จำนวน 3 วัน (11.00-21.00 น.),1.0,12000.0,THB,,missing vendor
PO2500661,658,บริษัท กรุงเทพ เอ็กซิบิชั่น จำกัด,900023,"งาน Siam Street 2025- ค่าขนส่งติดตั้งรื้อถอนพร้อมค่าเช่า TV 55 นิ้ว จำนวน 3 วัน (Mockup ยาดมยักษ์, TV 55 นิ้ว พร้อมขาตั้ง)",1.0,24000.0,THB,,missing vendor
PO2500661,658,บริษัท กรุงเทพ เอ็กซิบิชั่น จำกัด,900023,- ค่าคนใส่ Mascot 1 คน และสตาฟดูแล Mascot 1 คน จำนวน 3 วัน,1.0,15000.0,THB,,missing vendor
PO2500661,658,บริษัท กรุงเทพ เอ็กซิบิชั่น จำกัด,900023,- ค่าของรางวัลสำหรับงาน Siam Street 2025,1.0,21000.0,THB,,missing vendor
PO2500661,658,บริษัท กรุงเทพ เอ็กซิบิชั่น จำกัด,900023,- ค่าซ่อมแซม Mock up ยาดมยักษ์ (ค่าซ่อมแซม แบบแรพแท่งยาดม+เปลี่ยนฐาน),1.0,42000.0,THB,,missing vendor
PO2500664,658,บริษัท กรุงเทพ เอ็กซิบิชั่น จำกัด,900023,ค่าใช้จ่ายเพิ่มเติม ออกกองถ่ายทำ Vlog จ.บุรีรัมย์ จำนวน 4 Ep. (วันที่ 14-17 ตุลาคม 2568)1.ค่ารถตู้ จำนวน 4 คิว,1.0,10000.0,THB,,missing vendor
PO2500664,658,บริษัท กรุงเทพ เอ็กซิบิชั่น จำกัด,900023,2.ค่าทางด่วนและค่ามัน จำนวน 4 คิว,1.0,7000.0,THB,,missing vendor
PO2500664,658,บริษัท กรุงเทพ เอ็กซิบิชั่น จำกัด,900023,3.ค่าที่พักทีมงาน จำนวน 6 ห้อง,1.0,18000.0,THB,,missing vendor
PO2500664,658,บริษัท กรุงเทพ เอ็กซิบิชั่น จำกัด,900023,4.ค่าช่างแต่งหน้า (วันเดินทาง ไป-กลับ) จำนวน 1 คน,1.0,5000.0,THB,,missing vendor
PO2500664,658,บริษัท กรุงเทพ เอ็กซิบิชั่น จำกัด,900023,5.ค่าช่างภาพ (วันเดินทาง ไป-กลับ) จำนวน 2 คน,1.0,20000.0,THB,,missing vendor
PO2500695,437,บริษัท ไทยธานีเคมี จำกัด,529,"Chinese Natural Menthol Crystals(Anhui Fengle Perfume Co.,Ltd )",8000.0,480.0,THB,,missing product; product missing in item master
PO2500696,437,บริษัท ไทยธานีเคมี จำกัด,529,"Chinese Natural Menthol Crystals(Anhui Fengle Perfume Co.,Ltd )",8000.0,480.0,THB,,missing product; product missing in item master
PO2500697,437,บริษัท ไทยธานีเคมี จำกัด,529,"Chinese Natural Menthol Crystals(Anhui Fengle Perfume Co.,Ltd )",8000.0,480.0,THB,,missing product; product missing in item master
PO2500735,722,บริษัท กิมไป๊ บรรจุภัณฑ์กระดาษ จำกัด,358,ยาดมPS สามัญ กล่อง 5 โหลLot No.     AA04125Mfg. Date 031125Exp. Date  031128,950.0,3.74,THB,2025-10-25,missing product; product missing in item master
PO2500735,722,บริษัท กิมไป๊ บรรจุภัณฑ์กระดาษ จำกัด,358,ยาดมPS สามัญ กล่อง 5 โหลLot No.     AA04325Mfg. Date 171125Exp. Date  171128,415.0,3.74,THB,2025-10-25,missing product; product missing in item master
PO2500735,722,บริษัท กิมไป๊ บรรจุภัณฑ์กระดาษ จำกัด,741,ยาดมPS สามัญ แผง3Lot No.     AA04125Mfg. Date 031125Exp. Date  031128,1300.0,3.13,THB,2025-10-25,missing product; product missing in item master
PO2500744,909,บริษัท สยาม ออโตเมชั่น ฟิลด์ เอ็นจิเนียริ่ง จำกัด,805,เงินมัดจำจ่ายล่วงหน้า,1.0,3200000.0,THB,,missing product; product missing in item master
PO2500745,909,บริษัท สยาม ออโตเมชั่น ฟิลด์ เอ็นจิเนียริ่ง จำกัด,805,เงินมัดจำจ่ายล่วงหน้า,1.0,800000.0,THB,,missing product; product missing in item master
PO2500746,909,บริษัท สยาม ออโตเมชั่น ฟิลด์ เอ็นจิเนียริ่ง จำกัด,805,เงินมัดจำจ่ายล่วงหน้า,1.0,2800000.0,THB,,missing product; product missing in item master
PO2500747,909,บริษัท สยาม ออโตเมชั่น ฟิลด์ เอ็นจิเนียริ่ง จำกัด,805,เงินมัดจำจ่ายล่วงหน้า,2.0,2800000.0,THB,,missing product; product missing in item master
PO2500748,909,บริษัท สยาม ออโตเมชั่น ฟิลด์ เอ็นจิเนียริ่ง จำกัด,805,เงินมัดจำจ่ายล่วงหน้า,1.0,400000.0,THB,,missing product; product missing in item master
PO2500787,377,บริษัท เอสแอนด์ดี อินดัสทรี้ จำกัด,607,ยาดมPS ลัง 80 โหล สีขาว (GMP-0039),30.0,31.04,THB,2025-11-01,missing product; product missing in item master
PO2500793,615,บริษัท อุตสาหกรรม วินิลเทค จำกัด,321,แคปซีลพิมเสนน้ำ 8cc PVCหุ้ม งานม้วน Lot No. FC00625Mfg Date 121125Exp Date  121128,5676.0,0.1,THB,2025-11-17,missing product; product missing in item master
PO2500804,913,บริษัท หรรษา 62 จำกัด,805,เงินมัดจำจ่ายล่วงหน้า,2.0,300000.0,THB,,missing product; product missing in item master
PO2500813,722,บริษัท กิมไป๊ บรรจุภัณฑ์กระดาษ จำกัด,358,ยาดมPS สามัญ กล่อง 5 โหลLot No.     AA04725Mfg. Date 181225Exp. Date  181228,50.0,3.78,THB,2025-11-24,missing product; product missing in item master
PO2500813,722,บริษัท กิมไป๊ บรรจุภัณฑ์กระดาษ จำกัด,741,ยาดมPS สามัญ แผง3Lot No.     AA04725Mfg. Date 181225Exp. Date  181228,300.0,3.13,THB,2025-11-24,missing product; product missing in item master
PO2500818,658,บริษัท กรุงเทพ เอ็กซิบิชั่น จำกัด,805,เงินมัดจำจ่ายล่วงหน้า,5.0,495000.0,THB,,missing vendor; missing product; product missing in item master
PO2500818,658,บริษัท กรุงเทพ เอ็กซิบิชั่น จำกัด,805,เงินมัดจำจ่ายล่วงหน้า,2.0,385000.0,THB,,missing vendor; missing product; product missing in item master
PO2500818,658,บริษัท กรุงเทพ เอ็กซิบิชั่น จำกัด,805,เงินมัดจำจ่ายล่วงหน้า,3.0,335000.0,THB,,missing vendor; missing product; product missing in item master
PO2500818,658,บริษัท กรุงเทพ เอ็กซิบิชั่น จำกัด,900023,"กิจกรรมและสื่อประชาสัมพันธ์ สินค้าโป๊ยเซียน ปี 25691.Vlog ""โป๊ยเซียน History"" จำนวน 26 ตอน",1.0,3420000.0,THB,,missing vendor
PO2500818,658,บริษัท กรุงเทพ เอ็กซิบิชั่น จำกัด,900023,2.LINE OFFICIAL + DATABASE,1.0,1000000.0,THB,,missing vendor
PO2500818,658,บริษัท กรุงเทพ เอ็กซิบิชั่น จำกัด,900023,"3.ดูแล Facebook / TikTok / YouTube เดือนมกราคม-มิถุนายน 2569(สำหรับระยะเวลา 6 เดือน ราคาปกติ 720,000 บาท)",1.0,660000.0,THB,,missing vendor
PO2500837,722,บริษัท กิมไป๊ บรรจุภัณฑ์กระดาษ จำกัด,357,000357 กล่องบรรจุแผงยาดมโป๊ยเซียน 2 โหล,5400.0,2.31,THB,2025-11-17,missing product; product missing in item master
PO2500869,658,บริษัท กรุงเทพ เอ็กซิบิชั่น จำกัด,900023,"ค่าดำเนินการขนส่ง เก้าอี้โป๊ยเซียน Go Green Together จำนวน 45 ตัว1.ค่าขนส่งเก้าอี้ จากจังหวัดลำพูน ไปอุทยาน ฯ (กระบี่, พังงา, ภูเก็ต)",1.0,960000.0,THB,,missing vendor
PO2500869,658,บริษัท กรุงเทพ เอ็กซิบิชั่น จำกัด,900023,2.ค่าขนส่งเก้าอี้ จากชายฝั่งไปยังเกาะ,1.0,200000.0,THB,,missing vendor
PO2500876,377,บริษัท เอสแอนด์ดี อินดัสทรี้ จำกัด,355,กล่องโป๊ยเซียน บรรจุ (2x6) 70 แพ็ค 7x10 โหล (GMP-0010) (แบบเก่า Lot. สุดท้าย),125.0,41.66,THB,2025-11-14,missing product; product missing in item master
PO2500884,444,ห้างหุ้นส่วนจำกัด ไทยแพคเกจ อินเตอร์ เทรด,650,โฟมใส่ฝา พิมเสนPS ขวดแก้วแบนใส,1800000.0,0.07,THB,,missing product; product missing in item master
PO2500898,731,เมธา เจริญธนาวัฒน์,805,เงินมัดจำจ่ายล่วงหน้า,1.0,658050.0,THB,,missing product; product missing in item master
PO2500900,230,บริษัท วรกิจออโต้ชริ้งค์แพค จำกัด,434,PVC 95 x 100 x 0.05 - 0.06 โค้ง V.4 เจาะรู 1 รู (บน) (หดสำลี 4 ขวด),3.4,115.0,THB,2025-12-06,missing product; product missing in item master
PO2500901,377,บริษัท เอสแอนด์ดี อินดัสทรี้ จำกัด,607,ยาดมPS ลัง 80 โหล สีขาว (GMP-0039),50.0,31.04,THB,2025-12-06,missing product; product missing in item master
PO2500908,722,บริษัท กิมไป๊ บรรจุภัณฑ์กระดาษ จำกัด,358,ยาดมPS สามัญ กล่อง 5 โหลLot No.     AA00426Mfg. Date 290126Exp. Date  290129,550.0,3.78,THB,,missing product; product missing in item master
PO2500908,722,บริษัท กิมไป๊ บรรจุภัณฑ์กระดาษ จำกัด,741,ยาดมPS สามัญ แผง3Lot No.     AA00126Mfg. Date 080126Exp. Date  080129,300.0,3.13,THB,,missing product; product missing in item master
PO2500920,560,"SDS International (Japan) Co., Ltd.",277,ฉลากHS PS สามัญ ตัวบน,42000000.0,0.34,JPB,,missing product; product missing in item master
PO2500920,560,"SDS International (Japan) Co., Ltd.",278,ฉลากHS PS สามัญ ตัวล่าง,39000000.0,0.34,JPB,,missing product; product missing in item master
PO2500920,560,"SDS International (Japan) Co., Ltd.",285,ฉลากHS PePex ตัวล่าง,1000000.0,0.62,JPB,,missing product; product missing in item master
PO2500937,722,บริษัท กิมไป๊ บรรจุภัณฑ์กระดาษ จำกัด,711,000711 พิมเสนน้ำPS สำลีถาด1โหล,1800.0,1.05,THB,2026-01-08,missing product; product missing in item master
PO2500938,377,บริษัท เอสแอนด์ดี อินดัสทรี้ จำกัด,714,กล่องนอก RollOn 4x20 โหล (GMP-0014),50.0,22.6,THB,2026-01-07,missing product; product missing in item master
PO2500948,382,ห้างหุ้นส่วนสามัญนิติบุคคล เอ็งจิ้นแซเชียง,854,ยูคาลิปตัส Eucalyptus-New(120ถังx55kg),4950.0,661.36,THB,,missing product; product missing in item master
PO2500961,377,บริษัท เอสแอนด์ดี อินดัสทรี้ จำกัด,349,กล่องยาดมตราโป๊ยเซียน บรรจุ (4x6) 50 แพ็ค 100 โหล (GMP-0003),90.0,24.92,THB,2026-01-10,missing product; product missing in item master
PO2500961,377,บริษัท เอสแอนด์ดี อินดัสทรี้ จำกัด,783,กล่องพิมเสนน้ำ Roll On บรรจุ (6x1) 40 แพ็ค 20 โหล (GMP-0007),40.0,8.21,THB,2026-01-10,missing product; product missing in item master
PO2500967,335,บริษัท เพชรไทยเคมีภัณฑ์ จำกัด,530,การบูร (กล่อง) Camphor  DAB-8,8000.0,200.0,THB,,missing product; product missing in item master
PO2500968,437,บริษัท ไทยธานีเคมี จำกัด,530,การบูร Camphor Synthetic DAB-8,7000.0,201.0,THB,,missing product; product missing in item master
PO2500968,437,บริษัท ไทยธานีเคมี จำกัด,530,การบูร Camphor Synthetic DAB-8 (FLAKES),1000.0,206.0,THB,,missing product; product missing in item master
PO2600003,722,บริษัท กิมไป๊ บรรจุภัณฑ์กระดาษ จำกัด,358,ยาดมPS สามัญ กล่อง 5 โหลLot No.     AA00726Mfg. Date 160226Exp. Date  160229,675.0,3.76,THB,2026-01-24,missing product; product missing in item master
PO2600003,722,บริษัท กิมไป๊ บรรจุภัณฑ์กระดาษ จำกัด,741,ยาดมPS สามัญ แผง3Lot No.     AA00526Mfg. Date 020226Exp. Date  020229,1100.0,3.13,THB,2026-01-24,missing product; product missing in item master
PO2600003,722,บริษัท กิมไป๊ บรรจุภัณฑ์กระดาษ จำกัด,741,ยาดมPS สามัญ แผง3Lot No.     AA00726Mfg. Date 160226Exp. Date  160229,400.0,3.13,THB,2026-01-24,missing product; product missing in item master
PO2600023,377,บริษัท เอสแอนด์ดี อินดัสทรี้ จำกัด,318,กล่องพิมเสนน้ำ บรรจุ (12x1) 30 แพ็ค 30 โหล (GMP-0012),20.0,8.84,THB,2026-01-26,missing product; product missing in item master
PO2600024,377,บริษัท เอสแอนด์ดี อินดัสทรี้ จำกัด,607,ยาดมPS ลัง 80 โหล สีขาว (GMP-0039),107.0,31.04,THB,2026-01-29,missing product; product missing in item master
PO2600024,377,บริษัท เอสแอนด์ดี อินดัสทรี้ จำกัด,782,กล่อง EXPORT MARKII KI (GMP-0033),43.0,37.3,THB,2026-01-29,missing product; product missing in item master
PO2600041,757,บริษัท ไทย ริจิด พลาสติกส์ จำกัด,109,"ด ฟอยด์ PVC ขนาด 18"",0.20mm",267.0,53.0,THB,,missing product; product missing in item master
PO2600064,722,บริษัท กิมไป๊ บรรจุภัณฑ์กระดาษ จำกัด,377,000377 กล่อง 5 โหล-ยาดมPePex,900.0,5.05,THB,2026-02-20,missing product; product missing in item master
PO2600066,377,บริษัท เอสแอนด์ดี อินดัสทรี้ จำกัด,355,กล่องโป๊ยเซียน บรรจุ (2x6) 70 แพ็ค 7x10 โหล (GMP-0010) (แบบใหม่),1000.0,41.66,THB,2026-02-23,missing product; product missing in item master
PO2600068,380,บริษัท เอแอลเอส แลบอราทอรี กรุ๊ป (ประเทศไทย) จำกัด,900002,Sample Name1. (Solution) POY-SIAN BRAND MARK II INHALER Lot no. AA048252. (Solution) POY-SIAN BRAND MARK II INHALER Lot no. AA001263. (Solution) MARK II INHALER Lot no. BA001264. (Solution) PE-PEX 2 IN 1 INHALER Lot no. CB001265. (Filter plug) POY-SIAN BRAND MARK II INHALER Lot no. AA048256. (Filter plug) POY-SIAN BRAND MARK II INHALER Lot no. AA001267. (Filter plug) MARK II INHALER Lot no. BA001268. (Filter plug) PE-PEX 2 IN 1 INHALER Lot no. CB00126Service Requested1. Metals Testing : Method : In-house method  - Arsenic ราคา 546 บาท- Cadmium ราคา 546 บาท- Lead ราคา 546 บาท- Mercury ราคา 429 บาท,8.0,2067.0,THB,,missing product
PO2600068,380,บริษัท เอแอลเอส แลบอราทอรี กรุ๊ป (ประเทศไทย) จำกัด,900002,2. Microbiological Testing : Method BP 2021   - APC - BP-herbal (CFU/g) ราคา 273 บาท   - Clostridium spp. - BP- herbal (1g) ราคา 468 บาท   - Ps. aeruginosa - BP- herbal (1g) ราคา 390 บาท   - S. aureus - BP- herbal (1g) ราคา 429 บาท   - Yeast and Mold - BP- herbal (CFU/g) ราคา 273 บาทหมายเหตุ : ตัวอย่างเข้า ALS Lab วันที่ 21/01/2026,8.0,1833.0,THB,,missing product
PO2600077,658,บริษัท กรุงเทพ เอ็กซิบิชั่น จำกัด,805,เงินมัดจำจ่ายล่วงหน้า,1.0,2000000.0,THB,,missing vendor; missing product; product missing in item master
PO2600077,658,บริษัท กรุงเทพ เอ็กซิบิชั่น จำกัด,900023,สนับสนุนกิจกรรม ปี 2569- สนับสนุนงาน สงกรานต์ฯ ปี 2569***รายละเอียดเพิ่มเติม***- พื่นที่จัดกิจกรรมและจำหน่ายสินค้าบริเวณ โซนโป๊ยเซียนสไลเดอร์ยักษ์- โต๊ะหน้าขาว จำนวน 4 ตัว และเก้าอี้ จำนวน 8 ตัว สำหรับวางสินค้าและทำกิจกรรม,1.0,3000000.0,THB,,missing vendor
PO2600081,954,บริษัท มาสทิป (ประเทศไทย) จำกัด,990018,39-810-120  THERMOCOUPLE,1.0,3510.0,THB,,missing vendor; missing product
PO2600081,954,บริษัท มาสทิป (ประเทศไทย) จำกัด,990018,39-800-086 MANIFOLD SURFACE T/C,1.0,3600.0,THB,,missing vendor; missing product
PO2600084,380,บริษัท เอแอลเอส แลบอราทอรี กรุ๊ป (ประเทศไทย) จำกัด,900002,Sample Name1. (Solution) PIM-SAEN BALM OIL POY-SIAN BRAND 5CCLot no. FB001262. (Solution) PIM-SAEN BALM OIL POY-SIAN BRAND 8CCLot no. FC001263. (Filter plug) PE-PEX  INHALER Lot no. CA00126Service Requested1. Metals Testing : Method : In-house method - Arsenic ราคา 546 บาท- Cadmium ราคา 546 บาท- Lead ราคา 546 บาท- Mercury ราคา 429 บาท,3.0,2067.0,THB,,missing product
PO2600084,380,บริษัท เอแอลเอส แลบอราทอรี กรุ๊ป (ประเทศไทย) จำกัด,900002,2. Microbiological Testing : Method BP 2021   - APC - BP-herbal (CFU/g) ราคา 273 บาท   - Clostridium spp. - BP- herbal (1g) ราคา 468 บาท   - Ps. aeruginosa - BP- herbal (1g) ราคา 390 บาท   - S. aureus - BP- herbal (1g) ราคา 429 บาท   - Yeast and Mold - BP- herbal (CFU/g) ราคา 273 บาทหมายเหตุ : ตัวอย่างเข้า ALS Lab วันที่ 30/01/2026,3.0,1833.0,THB,,missing product
PO2600086,377,บริษัท เอสแอนด์ดี อินดัสทรี้ จำกัด,325,(GMP-0024) พิมเสนPSขวดแก้วแบน3cc กล่อง 36 โหล,2000.0,10.75,THB,2026-02-26,missing product; product missing in item master
PO2600086,377,บริษัท เอสแอนด์ดี อินดัสทรี้ จำกัด,348,ยาดมPS กล่อง 100 โหล (GMP-0002),1000.0,22.8,THB,2026-02-26,missing product; product missing in item master
PO2600093,377,บริษัท เอสแอนด์ดี อินดัสทรี้ จำกัด,607,ยาดมPS ลัง 80 โหล สีขาว (GMP-0039),4000.0,31.04,THB,2026-02-25,missing product; product missing in item master
PO2600095,722,บริษัท กิมไป๊ บรรจุภัณฑ์กระดาษ จำกัด,358,ยาดมPS สามัญ กล่อง 5 โหลLot No.     AA00926Mfg. Date 030326Exp. Date  030329,19500.0,3.76,THB,2026-02-28,missing product; product missing in item master
PO2600095,722,บริษัท กิมไป๊ บรรจุภัณฑ์กระดาษ จำกัด,358,ยาดมPS สามัญ กล่อง 5 โหลLot No.     AA01026Mfg. Date 100326Exp. Date  100329,19500.0,3.76,THB,2026-02-28,missing product; product missing in item master
PO2600095,722,บริษัท กิมไป๊ บรรจุภัณฑ์กระดาษ จำกัด,358,ยาดมPS สามัญ กล่อง 5 โหลLot No.     AA01126Mfg. Date 170326Exp. Date  170329,19500.0,3.76,THB,2026-02-28,missing product; product missing in item master
PO2600095,722,บริษัท กิมไป๊ บรรจุภัณฑ์กระดาษ จำกัด,358,ยาดมPS สามัญ กล่อง 5 โหลLot No.     AA01226Mfg. Date 240326Exp. Date  240329,19500.0,3.76,THB,2026-02-28,missing product; product missing in item master
PO2600095,722,บริษัท กิมไป๊ บรรจุภัณฑ์กระดาษ จำกัด,741,ยาดมPS สามัญ แผง3Lot No.     AA00926Mfg. Date 030326Exp. Date  030329,100000.0,3.13,THB,2026-02-28,missing product; product missing in item master
PO2600095,722,บริษัท กิมไป๊ บรรจุภัณฑ์กระดาษ จำกัด,741,ยาดมPS สามัญ แผง3Lot No.     AA01026Mfg. Date 100326Exp. Date  100329,100000.0,3.13,THB,2026-02-28,missing product; product missing in item master
PO2600095,722,บริษัท กิมไป๊ บรรจุภัณฑ์กระดาษ จำกัด,741,ยาดมPS สามัญ แผง3Lot No.     AA01126Mfg. Date 170326Exp. Date  170329,100000.0,3.13,THB,2026-02-28,missing product; product missing in item master
PO2600095,722,บริษัท กิมไป๊ บรรจุภัณฑ์กระดาษ จำกัด,741,ยาดมPS สามัญ แผง3Lot No.     AA01226Mfg. Date 240326Exp. Date  240329,100000.0,3.13,THB,2026-02-28,missing product; product missing in item master
PO2600096,21,บริษัท ไทย เอ็มโพเรียม อินเตอร์เนชั่นแนล จำกัด,822,ขวดแก้วใสลูกกลิ้ง-ขวด 5cc,500000.0,1.7,THB,2026-02-21,missing product; product missing in item master
PO2600096,21,บริษัท ไทย เอ็มโพเรียม อินเตอร์เนชั่นแนล จำกัด,823,ขวดแก้วใสลูกกลิ้ง-ฝา 5cc,502500.0,2.8,THB,2026-02-21,missing product; product missing in item master
PO2600096,21,บริษัท ไทย เอ็มโพเรียม อินเตอร์เนชั่นแนล จำกัด,824,ขวดแก้วใสลูกกลิ้ง-จุก 5cc,500000.0,1.7,THB,2026-02-21,missing product; product missing in item master
PO2600103,658,บริษัท กรุงเทพ เอ็กซิบิชั่น จำกัด,900023,"ค่าผลิต Mascot 1 คาแรคเตอร์ จำนวน 2 ตัวรายละเอียดดังนี้- เนื้อผ้าขนสัตว์- มีพัดลมข้างใน- เปลี่ยนแถบปอกกลางตัวและขาโดยตีนตุ๊กแก- น้ำหนักโครงเบา- ส่วนสูง (ทั้งตัว) 160 ซม. + ขาคนใส่ (หัวและตัวติดกัน)- ความกว้างของผ้าคาด 15 ซม.- ความยาวส่วนตัว 85 ซม.- ความกว้างแนวขวาง 70-75 ซม.หมายเหตุ : ค่าทำความสะอาด Mascot ในระหว่างการใช้งาน ครั้งละ 3,000 บาท (ราคานี้รวมเก็บรายละเอียดชิ้นงานให้หากมีปัญหาเล็กน้อย เช่น เก็บขอบ หรือ จุดที่ขาดให้)",1.0,125000.0,THB,,missing vendor
PO2600107,355,บริษัท เวิลด์เฮ้าส์ จำกัด,709,ด สีผสมพลาสติก แดง MB1B 175B เข้ม,100.0,355.0,THB,,missing product; product missing in item master
PO2600109,377,บริษัท เอสแอนด์ดี อินดัสทรี้ จำกัด,314,(GMP-0011) กล่องพิมเสนน้ำ RollOn บรรจุ 20  โหล,2000.0,6.15,THB,2026-03-02,missing product; product missing in item master
PO2600109,377,บริษัท เอสแอนด์ดี อินดัสทรี้ จำกัด,318,กล่องพิมเสนน้ำ บรรจุ (12x1) 30 แพ็ค 30 โหล (GMP-0012),2000.0,8.84,THB,2026-03-02,missing product; product missing in item master
PO2600114,97,บริษัท ซันไรส์ เทคโนโลยี จำกัด,990027,[21201-M14x1.5-M]Mold Fitting Nipple (G-Type)201 M14x1.5,400.0,42.25,THB,,missing product
PO2600114,97,บริษัท ซันไรส์ เทคโนโลยี จำกัด,990028,[21201-4]Sockent G-Type 201 d14,400.0,318.5,THB,,missing product
PO2600118,372,บริษัท ฟิลโทรน่า จำกัด,402,"ก้นกรอง (ACT 108x24.7 PD170-6 cuts) จำนวน 250 ลัง(1 ลัง = 22,410 แท่ง x 6 ชิ้น = 134,460 ชิ้น)",33615000.0,0.07,THB,2026-05-21,missing product; product missing in item master
PO2600118,372,บริษัท ฟิลโทรน่า จำกัด,805,เงินมัดจำจ่ายล่วงหน้า,1.0,2353050.0,THB,2026-05-21,missing product; product missing in item master
PO2600119,324,บริษัท เซอร์วิส ซัพพลาย เซ็นเตอร์ จำกัด,298,2.8*5.7CM พิมเสนน้ำ 5CC ไทย(ฉลากสติ๊กเกอร์ พิมเสนPS Roll On สามัญ 5cc),1000000.0,0.12,THB,2026-03-20,missing product; product missing in item master
PO2600120,219,บริษัท รอยซ์ ยูนิเวอร์แซล จำกัด,756,ฟอยด์ A PET 0.250*0380 MM สีใส,15000.0,47.0,THB,,missing product; product missing in item master
PO2600121,2,บริษัท เอ็ชเอ็มซี โปลีเมอส์ จำกัด,716,ด เม็ดพลาสติก RP348N++BIG BAG750Kg,15000.0,36.0,THB,,missing product; product missing in item master
PO2600121,2,บริษัท เอ็ชเอ็มซี โปลีเมอส์ จำกัด,799,ด เม็ดพลาสติก MOPLEN HP648N 750 KG BAG,15000.0,34.0,THB,,missing product; product missing in item master
PO2600122,355,บริษัท เวิลด์เฮ้าส์ จำกัด,687,MB YELLOW-B L-690112/15 PP110NK = 2PHR [STD PT 012C],10.0,480.0,THB,,missing product; product missing in item master
PO2600122,355,บริษัท เวิลด์เฮ้าส์ จำกัด,688,MB BROWN-B L-690112/16 PP1100NK = 2PHR [STD PT6012C],10.0,400.0,THB,,missing product; product missing in item master
PO2600123,206,บริษัท มณีอุดมสุข จำกัด,300,ถุงPPใส่กระปุกPS 1 ใบ4.5x13x1.07mm(PP. ใส 4.5*13*0.065mm),180.0,56.0,THB,2026-03-03,missing product; product missing in item master
PO2600124,377,บริษัท เอสแอนด์ดี อินดัสทรี้ จำกัด,349,กล่องยาดมตราโป๊ยเซียน บรรจุ (4x6) 50 แพ็ค 100 โหล (GMP-0003),2000.0,24.92,THB,2026-03-05,missing product; product missing in item master
PO2600125,230,บริษัท วรกิจออโต้ชริ้งค์แพค จำกัด,323,PVC 135 x 160 x 0.05 - 0.06 โค้ง V.4 เจาะรู 1 รู (บน) (หดสำลี 1 โหล),100.0,115.0,THB,2026-03-09,missing product; product missing in item master
PO2600127,722,บริษัท กิมไป๊ บรรจุภัณฑ์กระดาษ จำกัด,366,ยาดมPS MarkII 3สูตร กล่อง5โหล(ThailandBest),40000.0,3.88,THB,2026-03-15,missing product; product missing in item master
PO2600128,722,บริษัท กิมไป๊ บรรจุภัณฑ์กระดาษ จำกัด,367,ยาดมPS MarkII 3สูตร แผง,300000.0,0.85,THB,2026-03-15,missing product; product missing in item master
PO2600129,27,บริษัท คีย์เอ็นซ์ (ไทยแลนด์) จำกัด,990068,FU-77TZ FIBER PHOTOELECTRIC SENSOR(HEAD),4.0,2500.0,THB,,missing product
PO2600133,615,บริษัท อุตสาหกรรม วินิลเทค จำกัด,320,แคปซีล 3cc Lot No. FA00326Mfg Date 180326Exp Date  180329,600000.0,0.07,THB,2026-03-16,missing product; product missing in item master
PO2600138,271,องค์การสุรา กรมสรรพสามิต,534,L PURE แอลกอฮอลล์ 95%  ถัง 200 ลิตร,40.0,10054.0,THB,,missing product; product missing in item master
PO2600138,271,องค์การสุรา กรมสรรพสามิต,805,เงินมัดจำจ่ายล่วงหน้า,1.0,402160.0,THB,,missing product; product missing in item master
PO2600140,372,บริษัท ฟิลโทรน่า จำกัด,402,"ก้นกรอง (ACT 108x24.7 PD170-6 cuts) จำนวน 250 ลัง(1 ลัง = 22,410 แท่ง x 6 ชิ้น = 134,460 ชิ้น)( 1 แท่งตัดเป็น 6 ชิ้น )",33615000.0,0.0,THB,,missing product; product missing in item master
PO2600140,372,บริษัท ฟิลโทรน่า จำกัด,805,เงินมัดจำจ่ายล่วงหน้า,1.0,0.0,THB,,missing product; product missing in item master
PO2600141,722,บริษัท กิมไป๊ บรรจุภัณฑ์กระดาษ จำกัด,784,ยาดมPS MarkII 3สูตร แผง GHANA,200000.0,0.87,THB,2026-03-21,missing product; product missing in item master
PO2600142,237,บริษัท วายซีเอช กรุ๊ป จำกัด,990072,GRIPPER CHAIN 08B   CHAIN 106-08B,24.0,7500.0,THB,,missing product
PO2600142,237,บริษัท วายซีเอช กรุ๊ป จำกัด,990072,REPLACE+INSTALLATION   3 MANDAYS,1.0,15000.0,THB,,missing product
PO2600146,951,ห้างหุ้นส่วนจำกัด ฟิวเจอร์เจท,900015,HP 151A,3.0,3050.0,THB,,missing vendor
PO2600146,951,ห้างหุ้นส่วนจำกัด ฟิวเจอร์เจท,900015,HP 30A CF230A,4.0,1900.0,THB,,missing vendor
PO2600146,951,ห้างหุ้นส่วนจำกัด ฟิวเจอร์เจท,900015,HP 32A CF-232A,3.0,2300.0,THB,,missing vendor
PO2600146,951,ห้างหุ้นส่วนจำกัด ฟิวเจอร์เจท,900015,HP GT-53 BK,1.0,230.0,THB,,missing vendor
PO2600147,948,บริษัท ซีเอสที ซัพพลายส์ จำกัด,900015,น้ำยาล้างห้องน้ำ 3.8 L กลิ่นพฤกษา 3M,30.0,168.0,THB,,missing vendor
PO2600149,282,บริษัท อันฟอร์ม จำกัด,814,"เสื้อโปโลสีครีม ปัก POYSIAN ""S""",1500.0,250.0,THB,,missing product; product missing in item master
PO2600149,282,บริษัท อันฟอร์ม จำกัด,814,"เสื้อโปโลสีครีม ปัก POYSIAN ""M""",3000.0,250.0,THB,,missing product; product missing in item master
PO2600149,282,บริษัท อันฟอร์ม จำกัด,814,"เสื้อโปโลสีครีม ปัก POYSIAN ""L""",2500.0,250.0,THB,,missing product; product missing in item master
PO2600149,282,บริษัท อันฟอร์ม จำกัด,814,"เสื้อโปโลสีครีม ปัก POYSIAN ""XL""",1000.0,250.0,THB,,missing product; product missing in item master
