PO Number,Vendor Ref,Vendor Name,Vendor ID (DB),Product Code,Product Name,Product Template ID (DB),Open Qty,Unit Price,Source Currency,Odoo Currency,Delivery Date
PO2600148,497,บริษัท คงธนา เซอร์วิส จำกัด,70435.0,900016,ถังบีบม็อบ ขนาด 36L,8117.0,2.0,1250.0,THB,THB,
PO2600145,163,บริษัท บิลเลี่ยน มิลเลี่ยน เทรดดิ้ง จำกัด,70592.0,900015,กระดาษม้วนชำระ (1หีบ12ม้วน),8116.0,15.0,750.0,THB,THB,
PO2600144,275,บริษัท ออฟฟิศเมท (ไทย) จำกัด,70761.0,900015,มีดคัทเตอร์ โอฟ่า  H-1รหัสสินค้า  2081310,8116.0,1.0,412.15,THB,THB,
PO2600144,275,บริษัท ออฟฟิศเมท (ไทย) จำกัด,70761.0,900015,ใบมีดคัทเตอร์ (หลอด 5 ใบ) โอฟ่า HB-5Bรหัสสินค้า 2091060,8116.0,2.0,172.9,THB,THB,
PO2600143,32,บริษัท ลินเด้ แมททีเรียล แฮนด์ลิ่ง (ประเทศไทย) จำกัด,70696.0,900022,LHT-150001  soild tire 15x4.5-8 EZ (black tyre),8167.0,2.0,3500.0,THB,THB,
PO2600143,32,บริษัท ลินเด้ แมททีเรียล แฮนด์ลิ่ง (ประเทศไทย) จำกัด,70696.0,900022,Service charge and Transportation,8167.0,1.0,2500.0,THB,THB,
PO2600139,496,บริษัท ดับเบิ้ล พริ้น อินเตอร์ จำกัด,70515.0,900017,ใบเสร็จรับเงินขนาด 19x27 ซม. เคมี 4 ชั้น พิมพ์ 1 สี รันนัมเบอร์ 2 ตำแหน่ง (ตามเอกสารแนบ)เข้าเล่มกาวหัว (กระดาษโอจิ) บรรจุ 50 ชุด/เล่ม,8358.0,205.0,160.0,THB,THB,
PO2600137,275,บริษัท ออฟฟิศเมท (ไทย) จำกัด,70761.0,900017,กระดาษสีถ่ายเอกสาร 8 A4 80 แกรม ชมพู (500 แผ่น) ONE,8358.0,1.0,266.36,THB,THB,
PO2600136,666,บริษัท บิทคอมไบน์ จำกัด,70591.0,900020,อะไหล่ bitVisitor SN : BP23061347 (PM),8164.0,1.0,4500.0,THB,THB,
PO2600136,666,บริษัท บิทคอมไบน์ จำกัด,70591.0,900020,หน้าจอสัมผัสเครื่อง 7 Inch (เปลี่ยนจอใหม่),8164.0,1.0,5000.0,THB,THB,
PO2600135,227,ห้างหุ้นส่วนจำกัด รุ่งโรจน์ เซอร์วิส เอ็นจิเนียริ่ง,71144.0,900023,ค่าบริการสัญญาเครื่องปรับอากาศออฟฟิศชั้นนอก/ออฟฟิศชั้นใน/คลังสินค้าโรงงานยา/โรงงานยาชั้น1/ตึก4ชั้น+ห้องช่าง/โรงงานชั้น2/ภายนอกอาคารวันที่ทำสัญญา 01/01/2026 อ้างอิงสัญญาเลขที่ RRS2026010,8114.0,1.0,92820.0,THB,THB,
PO2600135,227,ห้างหุ้นส่วนจำกัด รุ่งโรจน์ เซอร์วิส เอ็นจิเนียริ่ง,71144.0,900023,ค่าบริการสัญญาเครื่องปรับอากาศ-แผนกพลาสติก/ห้องพิมพ์/ห้องประกอบ/ห้องวิศวะวันที่ทำสัญญา 01/01/2026 อ้างอิงสัญญาเลขที่ RRS2026012,8114.0,1.0,51000.0,THB,THB,
PO2600135,227,ห้างหุ้นส่วนจำกัด รุ่งโรจน์ เซอร์วิส เอ็นจิเนียริ่ง,71144.0,900023,ค่าบริการสัญญาเครื่องปรับอากาศ-ห้องสุ่มตัวอย่างวัตถุดิบ/ห้องวัตถุดิบ/ห้อง LABวันที่ทำสัญญา 26/03/2026 อ้างอิงสัญญาเลขที่ RRS2024010,8114.0,1.0,21420.0,THB,THB,
PO2600134,615,บริษัท อุตสาหกรรม วินิลเทค จำกัด,70818.0,900023,ค่าแก้ไขแม่พิมพ์ Capseal 3 ccLot No. FA00326Mfg Date 180326Exp Date  180329,8114.0,1.0,2900.0,THB,THB,
PO2600132,216,บริษัท ยูเนี่ยน ฟอร์ม พริ้นติ้ง จำกัด,70680.0,900017,"ใบเสร็จรับเงิน/ใบส่งสินค้า ขนาด 9x11 นิ้ว 5 ชั้น- กระดาษเคมีโอจิ (ขาว,เหลือง,ชมพู,เขียว,ฟ้า)- พิมพ์ 2 สี , บรรจุกล่องละ 500 ชุด*** UFC-001469[6] ***",8358.0,40.0,1300.0,THB,THB,
PO2600131,763,บริษัท โตโยต้า ทูโช ฟอร์คลิฟท์ (ไทยแลนด์) จำกัด,71020.0,900023,SV_CONTRACT6SERVICE CONTRACT 6 TIMES/YEAR,8114.0,1.0,4000.0,THB,THB,
PO2600126,731,เมธา เจริญธนาวัฒน์,71184.0,900023,ผลิต - การ์ดเกม,8114.0,2000.0,5.6,THB,THB,2026-02-28
PO2600126,731,เมธา เจริญธนาวัฒน์,71184.0,900023,ผลิต - สไลด์แพ็ค,8114.0,5000.0,3.4,THB,THB,2026-02-28
PO2600117,831,บริษัท มณฑรัตน์ เทรดดิ้ง จำกัด,70660.0,900073,Tablet ขนาด 10.1 นิ้ว แบบใส่ซิมมือถือได้ ยี่ห้อ Zebra รุ่น ET45,8359.0,7.0,30000.0,THB,THB,
PO2600117,831,บริษัท มณฑรัตน์ เทรดดิ้ง จำกัด,70660.0,900073,สายชาร์จ USB C to USB A ขนาดความยาว 1 เมตร,8359.0,7.0,500.0,THB,THB,
PO2600117,831,บริษัท มณฑรัตน์ เทรดดิ้ง จำกัด,70660.0,900073,อแดปเตอร์ชาร์จ Tablet ยี่ห้อ Zebra,8359.0,7.0,1000.0,THB,THB,
PO2600117,831,บริษัท มณฑรัตน์ เทรดดิ้ง จำกัด,70660.0,900016,"เคสกันกระแทกสำหรับ Tablet (Rugged boot for 10""ET4X 10"" Tablet)",8117.0,7.0,4000.0,THB,THB,
PO2600117,831,บริษัท มณฑรัตน์ เทรดดิ้ง จำกัด,70660.0,900016,D-clips หูเกี่ยวสายคล้อง (คู่),8117.0,7.0,1100.0,THB,THB,
PO2600117,831,บริษัท มณฑรัตน์ เทรดดิ้ง จำกัด,70660.0,900016,Universal shoulder strap สายคล้องไหล่,8117.0,7.0,600.0,THB,THB,
PO2600117,831,บริษัท มณฑรัตน์ เทรดดิ้ง จำกัด,70660.0,900023,"บริการเสริม Zebra OneCare,Essential สำหรับ Zebra ET4010A",8114.0,7.0,9200.0,THB,THB,
PO2600115,32,บริษัท ลินเด้ แมททีเรียล แฮนด์ลิ่ง (ประเทศไทย) จำกัด,70696.0,900023,Preventive maintenanceModel : C11275L0415Serise : 1275*not inciude consumable,8114.0,6.0,3500.0,THB,THB,
PO2600113,831,บริษัท มณฑรัตน์ เทรดดิ้ง จำกัด,70660.0,900073,แท่นชาร์จ รองรับการชาร์จ Tablet สูงสุด 4 เครื่อง พร้อม อแดปเตอร์ สำหรับต่อแท่นชาร์จ และสายเชื่อมต่ออุปกรณ์,8359.0,2.0,34000.0,THB,THB,
PO2600112,366,บริษัท เอส.เอ็ม.เคมีคอล ซัพพลาย จำกัด,70935.0,900015,"100983.2500Ethanol, absolute for analysis EMSURE®ACS,ISO, Reag.Ph Eur, 2.5L",8116.0,4.0,950.0,THB,THB,
PO2600112,366,บริษัท เอส.เอ็ม.เคมีคอล ซัพพลาย จำกัด,70935.0,900015,"104391.4000n-Hexane for liquid chromatography LiChrosolv®, 4L",8116.0,2.0,3200.0,THB,THB,
PO2600112,366,บริษัท เอส.เอ็ม.เคมีคอล ซัพพลาย จำกัด,70935.0,900015,"PM-996Parafilm M 4""x 125 Ft. USA",8116.0,1.0,950.0,THB,THB,
PO2600112,366,บริษัท เอส.เอ็ม.เคมีคอล ซัพพลาย จำกัด,70935.0,900015,C000060213mm Nylon Syringe Filter 0.22um with Outer Ring. 100PCs/PK,8116.0,1.0,560.0,THB,THB,
PO2600111,731,เมธา เจริญธนาวัฒน์,71184.0,900023,ค่าบริการ - ขึ้นบล็อค 1 ครั้งต่อ 1 แบบ(งานพิเศษฝ่ายขาย),8114.0,1.0,15000.0,THB,THB,
PO2600110,66,ห้างหุ้นส่วนจำกัด กฤตพล เอ็นจิเนียริ่ง,71122.0,900015,ฟิล์มยืด 17 ไมครอน,8116.0,120.0,110.0,THB,THB,2026-02-28
PO2600108,235,บริษัท วัฒนาฟุตแวร์ จำกัด,70704.0,900015,Buddy Shoes รุ่น AS-213 สีขาวเบอร์ 35,8116.0,10.0,158.0,THB,THB,
PO2600108,235,บริษัท วัฒนาฟุตแวร์ จำกัด,70704.0,900015,Buddy Shoes รุ่น AS-213 สีขาวเบอร์ 36,8116.0,5.0,158.0,THB,THB,
PO2600108,235,บริษัท วัฒนาฟุตแวร์ จำกัด,70704.0,900015,Buddy Shoes รุ่น AS-213 สีขาวเบอร์ 37,8116.0,10.0,158.0,THB,THB,
PO2600108,235,บริษัท วัฒนาฟุตแวร์ จำกัด,70704.0,900015,Buddy Shoes รุ่น AS-213 สีขาวเบอร์ 38,8116.0,5.0,158.0,THB,THB,
PO2600108,235,บริษัท วัฒนาฟุตแวร์ จำกัด,70704.0,900015,Buddy Shoes รุ่น AS-213 สีขาวเบอร์ 40,8116.0,5.0,158.0,THB,THB,
PO2600108,235,บริษัท วัฒนาฟุตแวร์ จำกัด,70704.0,900015,Buddy Shoes รุ่น AS-213 สีขาวเบอร์ 41,8116.0,3.0,158.0,THB,THB,
PO2600108,235,บริษัท วัฒนาฟุตแวร์ จำกัด,70704.0,900015,Buddy Shoes รุ่น AS-213 สีขาวเบอร์ 42,8116.0,3.0,158.0,THB,THB,
PO2600108,235,บริษัท วัฒนาฟุตแวร์ จำกัด,70704.0,900015,Buddy Shoes รุ่น AS-113 สีกรม เบอร์ 38,8116.0,5.0,158.0,THB,THB,
PO2600108,235,บริษัท วัฒนาฟุตแวร์ จำกัด,70704.0,900015,Buddy Shoes รุ่น AS-113 สีกรม เบอร์ 39,8116.0,10.0,158.0,THB,THB,
PO2600108,235,บริษัท วัฒนาฟุตแวร์ จำกัด,70704.0,900015,Buddy Shoes รุ่น AS-113 สีกรม เบอร์ 41,8116.0,2.0,158.0,THB,THB,
PO2600108,235,บริษัท วัฒนาฟุตแวร์ จำกัด,70704.0,900015,Buddy Shoes รุ่น AS-113 สีกรม เบอร์ 43,8116.0,1.0,158.0,THB,THB,
PO2600108,235,บริษัท วัฒนาฟุตแวร์ จำกัด,70704.0,900015,Buddy Shoes รุ่น AS-113 สีดำเบอร์ 36,8116.0,2.0,158.0,THB,THB,
PO2600108,235,บริษัท วัฒนาฟุตแวร์ จำกัด,70704.0,900015,Buddy Shoes รุ่น AS-113 สีดำเบอร์ 37,8116.0,5.0,158.0,THB,THB,
PO2600108,235,บริษัท วัฒนาฟุตแวร์ จำกัด,70704.0,900015,Buddy Shoes รุ่น AS-113 สีดำเบอร์ 38,8116.0,2.0,158.0,THB,THB,
PO2600108,235,บริษัท วัฒนาฟุตแวร์ จำกัด,70704.0,900015,Buddy Shoes รุ่น AS-113 สีดำเบอร์ 40,8116.0,2.0,158.0,THB,THB,
PO2600104,656,บริษัท รูท มีเดีย จำกัด,70695.0,900023,1.ราคาค่าผลิต + ค่าขนส่ง เก้าอี้โรงพยาบาลอ่างทอง จ.อ่างทอง (จำนวน 100 ตัว) (แบบ Indoor)วัสดุ : ขึ้นรูปโครงสร้างโดยเหล็กกล่อง ขนาด 2 x 1 นิ้ว หนา 1.2 มิลลิเมตร- ฐานที่นั่งเป็นคอมโพสิต ขนาด 40 x 120 ซม. หนา 4 มิลลิเมตร- พนักพิงเป็นคอมโพสิต ขนาด 35 x 120 ซม. / หนา 3 มิลลิเมตร / เอียง 15 องศา- พนักพิงติดสติ๊กเกอร์ inkjet เคลือบด้าน ชนิด Outdoor ความละเอียด 1440 Dpi.- พ่นสีกันสนิม และพ่นสีอุตสาหกรรม ชนิด Outdoor สีเขียว- ใส่น็อตปรับระดับระยะเวลาการผลิต : 30 วันขนาด : กว้าง 120 cm. x สูง 80 cm. x ลึก 40 cm.หมายเหตุ : ราคาดังกล่าวจัดส่งเก้าอี้ จังหวัดละ 1 จุด เท่านั้น (ตัวอำเภอเมือง)                : ราคาดังกล่าวรวมค่าขนส่ง / ค่าแรงทีมงาน / ค่าน้ำมัน / เรียบร้อยแล้ว,8114.0,100.0,3900.0,THB,THB,
PO2600102,807,บริษัท ดิจิตอล เน็กซ์ โซลูชั่นส์ จำกัด,70517.0,900023,Online Media Communlc ationStrategy & Creative Idea+ Strategy Idea for campaign+ Creative Idea for campaign,8114.0,1.0,140000.0,THB,THB,
PO2600102,807,บริษัท ดิจิตอล เน็กซ์ โซลูชั่นส์ จำกัด,70517.0,900023,Creative Content Production+ Hinl : Single Photo+ Open Collection : Animate+ 3 Lookbook Content : Animate- The Elite Style- FAB Style- Fun Style+ 4 Activity Content : Single Photo- Run Fresh Flow- Fresh Celebrate- Fresh Up Feel Alive- สไลด์สดชื่น สบายทั่วไทย+ 1 Activety Content : Short VDO- โป๊ยเซียนมหาสงกรานต์+ 4 Winner Announce Content : Single Photo- Run Fresh Flow- Fresh Celebrate- สไลด์สดชื่น สบายทั่วไทย- Fresh Up Feel Alive,8114.0,1.0,120000.0,THB,THB,
PO2600102,807,บริษัท ดิจิตอล เน็กซ์ โซลูชั่นส์ จำกัด,70517.0,900023,Songkran Content+ Songkran Activity 1 Content,8114.0,1.0,40000.0,THB,THB,
PO2600102,807,บริษัท ดิจิตอล เน็กซ์ โซลูชั่นส์ จำกัด,70517.0,900023,Branded Content Ads.+ Facebook+ Tiktok,8114.0,1.0,80000.0,THB,THB,
PO2600102,807,บริษัท ดิจิตอล เน็กซ์ โซลูชั่นส์ จำกัด,70517.0,900023,KOL Content and Ads.+ Macro 3 KOLs (GQ x poysian act),8114.0,1.0,360000.0,THB,THB,
PO2600102,807,บริษัท ดิจิตอล เน็กซ์ โซลูชั่นส์ จำกัด,70517.0,900023,+ Micro 18 KOLs + 4 ภาค : GQ x poysian Act : 12 Content + สงกรานต์ : 6 Content,8114.0,1.0,270000.0,THB,THB,
PO2600102,807,บริษัท ดิจิตอล เน็กซ์ โซลูชั่นส์ จำกัด,70517.0,900023,Ads. On Tiktok,8114.0,1.0,70000.0,THB,THB,
PO2600102,807,บริษัท ดิจิตอล เน็กซ์ โซลูชั่นส์ จำกัด,70517.0,900023,GRAND TOTAL (Inc. fees 10%),8114.0,1.0,108000.0,THB,THB,
PO2600101,940,บริษัท สไวป์ไวบส์ จำกัด,270764.0,900015,ค่าชุดนักเรียน (เสื้อ และ กางเกง) คุณต้นคูณ สำหรับถ่ายคอนเทนต์ วันที่ 4 กุมภาพันธ์ 2569,8116.0,1.0,762.89,THB,THB,
PO2600097,210,บริษัท มาย การพิมพ์ จำกัด,70666.0,900017,"แบบฟอร์ม""ใบเบิกเงินสดย่อย""บริษัท โกลด์ มิ้นท์ โปรดักส์ จำกัด",8358.0,200.0,17.0,THB,THB,
PO2600091,608,บริษัท เค.ที. ซัพพอร์ท แอนด์ เปเปอร์ จำกัด,70827.0,900023,ค่าบริการจัดทำเงินเดือน ประจำปี 2569มกราคม - ธันวาคม 2569,8114.0,11.0,8000.0,THB,THB,
PO2600091,608,บริษัท เค.ที. ซัพพอร์ท แอนด์ เปเปอร์ จำกัด,70827.0,900023,ค่าบริการพิมพ์สลิปเงินเดือนพนักงานรายวัน,8114.0,11.0,2000.0,THB,THB,
PO2600070,859,บริษัท ซินเทค กรุ๊ป จำกัด,70485.0,900001,ค่าบริการสอบเทียบTV System Melting Point MP80Serial Number : B901042038Full Preventive Maintenance OnSite EABrand : Mettler Toledo,8630.0,1.0,21000.0,THB,THB,
PO2600063,755,บริษัท ทริปเปิล วี บรอดคาสท์ จำกัด,70530.0,900011,"1.1 รายการไทนรัฐนิวส์โชว์ (ช่อง2) เบรก 3 : Product Placement จำนวน 12 เดือน- VTR ความยาว 5 วินาที / Placement เบรก 3 / Logo End Credit1.2 กิจกรรมไทยรัฐแฟร์ ปี 2569 : รูปแบบ Co Sponsor จำนวน 3 ครั้ง- ครั้งที่ 1 : วันที่ 12-15 มันาคม 69 สถานที่ เดอะมอลล์ บางแค- ครั้งที่ 2 : สถานที่ ฟิวเจอร์ปาร์ค รังสิต (TBC)- ครั้งที่ 3 : สถานที่ เดอะมอลล์ บางกะปิ (TBC)Sponsor Benefits : On Ground1.พื้นที่ Booth สำหรับขายสินค้าหรือจัดกิจกรรม 6x3m.- Logo สินค้าบนเวที, Logo สินค้า ขนาด 30x30 cm.- Logo บน Awchway หน้าทางเข้างาน ขนาด 30x30 cm.2.Live บรรยากาศงาน (Facebook หรือ Tiktok)- พิธีกรร่วมประชาสัมพันธ์ที่บูธผู้สนับสนุน ช่วง Live ครั้งละ 5 นาที จำนวน 2 ครั้ง/กิจกรรมSponsor Benefits : Thairath Online - Pre Promote- Logo ผู้สนับสนุนในภาพ Key Visual Promote งาน (ทุกช่องทาง)- Logo ผู้สนับสนุนบน Page Graphic พร้อมพูดประชาสัมพันธ์งาน ในช่องไทยรัฐทีวี- Logo คาดท้าย Spot Promote งาน (ทุกช่องทาง)Sponsor Benefits : Thairath Online - Post Promote- Photo ภามรวมบรรยากาศในงาน บน Soci",8120.0,10.0,550000.0,THB,THB,
PO2600063,755,บริษัท ทริปเปิล วี บรอดคาสท์ จำกัด,70530.0,900011,"1.1 รายการไทนรัฐนิวส์โชว์ (ช่อง2) เบรก 3 : Product Placement จำนวน 12 เดือน- VTR ความยาว 5 วินาที / Placement เบรก 3 / Logo End Credit1.2 กิจกรรมไทยรัฐแฟร์ ปี 2569 : รูปแบบ Co Sponsor จำนวน 3 ครั้ง- ครั้งที่ 1 : วันที่ 12-15 มันาคม 69 สถานที่ เดอะมอลล์ บางแค- ครั้งที่ 2 : สถานที่ ฟิวเจอร์ปาร์ค รังสิต (TBC)- ครั้งที่ 3 : สถานที่ เดอะมอลล์ บางกะปิ (TBC)Sponsor Benefits : On Ground1.พื้นที่ Booth สำหรับขายสินค้าหรือจัดกิจกรรม 6x3m.- Logo สินค้าบนเวที, Logo สินค้า ขนาด 30x30 cm.- Logo บน Awchway หน้าทางเข้างาน ขนาด 30x30 cm.2.Live บรรยากาศงาน (Facebook หรือ Tiktok)- พิธีกรร่วมประชาสัมพันธ์ที่บูธผู้สนับสนุน ช่วง Live ครั้งละ 5 นาที จำนวน 2 ครั้ง/กิจกรรมSponsor Benefits : Thairath Online - Pre Promote- Logo ผู้สนับสนุนในภาพ Key Visual Promote งาน (ทุกช่องทาง)- Logo ผู้สนับสนุนบน Page Graphic พร้อมพูดประชาสัมพันธ์งาน ในช่องไทยรัฐทีวี- Logo คาดท้าย Spot Promote งาน (ทุกช่องทาง)Sponsor Benefits : Thairath Online - Post Promote- Photo ภามรวมบรรยากาศในงาน บน Soci",8120.0,1.0,450000.0,THB,THB,
PO2600062,656,บริษัท รูท มีเดีย จำกัด,70695.0,900023,1.ราคาค่าผลิต + ค่าขนส่ง เก้าอี้อัลลอยอลูมิเนียมลายไม้ (แบบ Outdoor) รายชื่อดังนี้1. สวนสาธารณะหนองประจักษ์2. สวนสาธารณะหนองบัว3. สวนสาธารณะหนองสิมวัสดุ : ขาม้านั่ง และพนักพิง ทำจากเหล็กหล่อขึ้นรูปจากแม่พิมพ์- ตัวขาม้านั่งอัลลอย ทำ สีเขียว- ฐานที่นั่งเป็น เส้นอลูมิเนียมลายไม้ สีน้ำตาล- โลโก้ เป็นอัลลอยหล่อขึ้นรูป / ทำ สีขาวระยะเวลาการผลิต : 30 วันขนาด : กล้าง 120 cm. x สูง 80 cm. x ลึก 40 cm.,8114.0,50.0,13900.0,THB,THB,
PO2600062,656,บริษัท รูท มีเดีย จำกัด,70695.0,900023,2. ราคาค่าผลิต + ค่าขนส่ง เก้าอี้โรงพยาบาล (แบบ Idoor)1. โรงพยาบาลเทศบาล และศูนย์บริการสาธารณสุขวัสดุ : ขึ้นรูปโครงสร้างโดยเหล็กกล่อง ขนาด 2 x 1 นิ้ว หนา 1.2 มิลลิเมตร- ฐานที่นั่งเป็นคอมโพสิต ขนาด 40 x 120 ซม. หนา 4 มิลลิเมตร- พนักพิงเป็นแผ่นคอมโพสิต ขนาด 35 x 120 ซม. / หนา 3 มิลลิเมตร / เอียง 15 องศา- พนักพิงติดสติ๊กเกอร์ inkjet เคลือบด้าน ชนิด Outdoor ความละเอียด 1440 Dpi.- พ่นสีกันสนิม และพ่นสีอุตสาหกรรม ชนิด outdoor สีเขียว- ใส่น็อตปรับระดับระยะเวลาการผลิต : 1 เดือนขนาด : กว้าง 120 cm. x สูง 80 cm. x ลึก 40 cm. หมายเหตุ : ราคาดังกล่างรวมค่าขนส่ง / ค่าแรงทีมงาน / ค่าน้ำมัน / ค่าที่พัก และค่าใช้จ่ายด้านการเดินทาง (ตั๋วเครื่องบิน) และค่าอาหารสำหรับลูกค้า จำนวน 2 ท่าน เรียบร้อยแล้ว,8114.0,20.0,3900.0,THB,THB,
PO2600061,656,บริษัท รูท มีเดีย จำกัด,70695.0,900023,ราคาค่าผลิต + ค่าขนส่ง เก้าอี้โรงพยาบาล ประจำปี 2569 (แนบ Indoor) รายชื่อจังหวัด ดังนี้1.จังหวัดสิงห์บุรี จำนวน 250 ตัว2.จังหวัดอ่างทอง จำนวน 133 ตัว3.จังหวัดแพร่ จำนวน 192 ตัว4.จังหวัดเลย จำนวน 270 ตัว5.จังหวัดชลบุรี จำนวน 360 ตัว6.จังหวัดกาฬสินธุ์ จำนวน 487 ตัว7.จังหวัดฉะเชิงเทรา จำนวน 200 ตัว8.จังหวัดเพชรบูรณ์ จำนวน 120 ตัว9.จังหวัดกาญจนบุรี จำนวน 170 ตัววัสดุ : ขึ้นรูปโครงสร้างโดยเหล็กกล่อง ขนาด 2 x 1 นิ้ว หนา 1.2 มิลลิเมตร- ฐานที่นั่งเป็นคอมโพสิต ขนา 40 x 120 ซม. หนา 4 มิลลิเมตร- พนักพิงเป็นแผ่นคอมโพสิต ขนาด 35 x 120 ซม. / หนา 3 มิลลิเมตร / เอียง 15 องศา- พนักพิงสติ๊กเกอร์ inkjet เคลือบด้าน ชนิด Outdoor ความละเอียด 1440 Dpi.- พ่นสีกันสนิม และพ่นสีอุตสาหกรรม ชนิด outdoor สีเขียว- ใส่น็อตปรับระดับระยะเวลาการผลิต : 5 เดือนขนาด : กว้าง 120 cm. x สูง 80 cm. x ลึก 40 cm.,8114.0,2182.0,3900.0,THB,THB,
PO2600055,121,บริษัท ตลิ่งไทยพัฒนา จำกัด,70527.0,900023,สัญญาบริการตรวจเช็คเครื่องจักร 4 ครั้ง/ปี1.เครื่องซัก RX240 s/n.240RX005554MM2.เครื่องอบ T24-E s/n.24T009233KYR3.เครื่องซัก PC60-E s/n.2208600135,8114.0,4.0,4000.0,THB,THB,
PO2600054,629,นาย บรรพต รักษณรงค์,70361.0,900036,1.รวมราคางานทางเข้า2.รวมราคางานห้องบรรจุพิมเสน3.รวมราคางานทางเดินหลังลิฟท์ไปห้องประกอบพิมเสน4.รวมราคางานห้องประกอบพิมเสน5.รวมราคางานห้องเปลี่ยนชุดด้านหลัง6.รวมราคางานห้องเก็บชิ้นส่วนและทางเดิน7.รวมราคางานห้องเครื่องที่ 78.รวมราคางานห้องล้างเครื่องมือ9.รวมราคางานห้องบรรจุพิมเสนน้ำสำลี10รวมราคางานทางเดินหน้าลิฟท์หน้าห้องผสม11.รวมราคางานห้องชุบยา,8168.0,1.0,414538.85,THB,THB,
PO2600049,615,บริษัท อุตสาหกรรม วินิลเทค จำกัด,70818.0,900023,ค่าบล็อค แคปซีล8ccLot No. FC00226Mfg Date 020326Exp Date  020329,8114.0,1.0,2600.0,THB,THB,
PO2600033,940,บริษัท สไวป์ไวบส์ จำกัด,270764.0,900023,ค่าจัดทำคอนเทนต์ เพื่อโปรโมทผลิตภัณฑ์ Poysian ในปี 2026 (เดือนมกราคม - ธันวาคม 2026)ประกอบไปด้วย :- คอนเทนต์เดือนละ 13 คลิป ลงช่องทาง Instagram และ Tiktok ทั้งหมด 12 เดือน- ค่ายิง ads เพื่อเพิ่มการเข้าถง- ค่าจ้าง KOLs จำนวน 3 คน- ค่าจัดทำ Oline Creative Campaign 1 ครั้ง,8114.0,11.0,187500.0,THB,THB,
PO2600025,831,บริษัท มณฑรัตน์ เทรดดิ้ง จำกัด,70660.0,900023,ค่าบริการรายเดือน เจ้าหน้าที่ ดูแลด้าน IT จำนวน 1 คน ประจำปี 2569วันทำงาน : วันจันทร์ - วันศุกร์ 09.00-16.00 น. และ ON CALL ตลอดเวลาทำงาน,8114.0,11.0,23400.0,THB,THB,
PO2600025,831,บริษัท มณฑรัตน์ เทรดดิ้ง จำกัด,70660.0,900023,ค่าบริการรายเดือน งานดูแลและบริหารจัดการ แม่ข่ายและอุปกรณ์เครือข่าย ประจำปี 2569,8114.0,11.0,8900.0,THB,THB,
PO2600012,375,บริษัท เอส.เอ.เอ็นจิเนียร์ริ่ง 2018 จำกัด,70932.0,900023,ค่าบริการบำรุงรักษาเครื่องปรับอากาศระบบ Chiller York Model : YEWS100HA50Eวันที่เริ่ม สัณญา 1 มกราคม 2569 วันสิ้นสุดสัณญา 31 ธันวาคม 2569,8114.0,1.0,35000.0,THB,THB,
PO2600008,831,บริษัท มณฑรัตน์ เทรดดิ้ง จำกัด,70660.0,900016,"เคสกันกระแทกสำหรับ Tablet (Rugged boot for 8""ET401 Tablet)",8117.0,2.0,3750.0,THB,THB,
PO2600008,831,บริษัท มณฑรัตน์ เทรดดิ้ง จำกัด,70660.0,900016,D-clips หูเกี่ยวสายคล้อง (คู่),8117.0,2.0,1100.0,THB,THB,
PO2600008,831,บริษัท มณฑรัตน์ เทรดดิ้ง จำกัด,70660.0,900016,Universal shoulder strap สายคล้องไหล่,8117.0,2.0,600.0,THB,THB,
PO2600008,831,บริษัท มณฑรัตน์ เทรดดิ้ง จำกัด,70660.0,900023,"บริการเสริม Zebra OneCare,Essential สำหรับ Zebra ET40",8114.0,2.0,7500.0,THB,THB,
PO2600008,831,บริษัท มณฑรัตน์ เทรดดิ้ง จำกัด,70660.0,900023,"บริการเสริม Zebra OneCare,Essential สำหรับ Zebra ZQ521",8114.0,1.0,7500.0,THB,THB,
PO2600008,831,บริษัท มณฑรัตน์ เทรดดิ้ง จำกัด,70660.0,900073,Tablet ขนาด 8 นิ้ว แบบใส่ซิมมือถือได้ ยี่ห้อ Zebra รุ่น ET401,8359.0,5.0,30000.0,THB,THB,
PO2600008,831,บริษัท มณฑรัตน์ เทรดดิ้ง จำกัด,70660.0,900073,สายชาร์จ USB C to USB A ขนาดความยาว 1 เมตร,8359.0,5.0,500.0,THB,THB,
PO2600008,831,บริษัท มณฑรัตน์ เทรดดิ้ง จำกัด,70660.0,900073,อะแดปเตอร์ชาร์จ Tablet ยี่ห้อ Zebra,8359.0,5.0,1000.0,THB,THB,
PO2600008,831,บริษัท มณฑรัตน์ เทรดดิ้ง จำกัด,70660.0,900016,"เคสกันกระแทกสำหรับ Tablet (Rugged boot for 8""ET401 Tablet)",8117.0,5.0,4000.0,THB,THB,
PO2600008,831,บริษัท มณฑรัตน์ เทรดดิ้ง จำกัด,70660.0,900016,D-clips หูเกี่ยวสายคล้อง (คู่),8117.0,5.0,1100.0,THB,THB,
PO2600008,831,บริษัท มณฑรัตน์ เทรดดิ้ง จำกัด,70660.0,900016,Universal shoulder strap สายคล้องไหล่,8117.0,5.0,600.0,THB,THB,
PO2600008,831,บริษัท มณฑรัตน์ เทรดดิ้ง จำกัด,70660.0,900023,"บริการเสริม Zebra OneCare,Essential สำหรับ Zebra ET401",8114.0,5.0,9200.0,THB,THB,
PO2501005,759,บริษัท ช้างไท เอ็นเทอร์เทนเมนท์ จำกัด,70476.0,900011,"ค่าโฆษณาคลื่น FM90 ลูกทุ่งรักไทยระยะเวลา ( ม.ค. - ธ.ค. 69 ) รวม 12 เดือนรายละเอียดสิ่งที่ได้รับต่อเดือน1.) สปอตวิทยุ ความยาว 30 วิ. (6 ครั้ง/วัน/จ.-อ.)2.) Jingle+PR 1 นาที (2 ครั้ง/วัน/จ.-อา)3.) ผลิต Scoop*4 version ความยาว 1 นาที (1 ครั้ง/วัน จ.- อา)แถม Banner Ad เพจข่าวลูกทุ่ง (4 ครั้ง/เดือน)แภม พิเศษ สื่อวิทยุ + ออนไลน์ ใช้ 2 เดือน (พ.ย. - ธ.ค.69 )  1.) สปอตวิทยุ ความยาว 30 วิ. (2 ครั้ง/วัน/จ.อ.)  2.) Jingie+PR 1 นาที ( 1 ครั้ง/วัน/จ.-อา)   3.) Banner Ad เพจข่าวลูกทุ่ง (2 ครั้ง/เดือน)แถม กิจกรรมลูกทุ่งฮอลิเดย์ (Co Sponsor) 3 ครั้ง (มี.ค.,ก.ค.,ต.ค.69)       กิจกรรมลูกทุ่งฮอลิเดย์ Exclusive โป๊ยเซียน 1 ครั้ง",8120.0,11.0,125000.0,THB,THB,
PO2501002,260,บริษัท สหยูนิคอร์กรุ๊ป จำกัด,70742.0,900023,บริการกำจัดปลวก แบบปีต่อปี- บริการ 2 เดือนครั้ง- เริ่ม 1 ม.ค.2569 ถึง 31 ธ.ค.2569 (1ปี),8114.0,1.0,38500.0,THB,THB,
PO2501001,260,บริษัท สหยูนิคอร์กรุ๊ป จำกัด,70742.0,900023,บริการกำจัดปลวก แบบปีต่อปี- บริการ 2 เดือนครั้ง- เริ่ม 1 ม.ค.2569 ถึง 31 ธ.ค.2569 (1ปี),8114.0,1.0,37075.5,THB,THB,
PO2500989,737,บริษัท เวือร์ท (ประเทศไทย)จำกัด,70908.0,900016,10 07149211     ปืนเป่าลม ระบบลม     ปืนเป่าลมปากงอยาว 90 มม(ด้ามสีดำ),8117.0,6.0,750.0,THB,THB,
PO2500988,316,บริษัท เจดับบลิวเทค จำกัด,70842.0,900010,197387  PUN-H-12X-BL; Plastic tubing,8165.0,50.0,88.0,THB,THB,
PO2500988,316,บริษัท เจดับบลิวเทค จำกัด,70842.0,900010,8113152  NPQE-T-Q12-E-P10; Push-in T connector,8165.0,20.0,149.0,THB,THB,
PO2500974,797,บริษัท แอดซ์ เจ้าพระยา จำกัด,70996.0,900023,"สินค้า ""โป๊ยเซียน""ค่าบริการพื้นที่สื่อโฆษณาบนเรือริว่าเอ็กซ์เพลส จำนวน 1 ลำจุดติดตั้งสื่อโฆษณาตามรายละเอียดดังต่อไปนี้1.รอบนอกเรือ จำนวน 1 ลำ2.ป้ายด้านในเรือชั้น 1 จำนวน 9 ป้าย / ลำ3.ป้ายด้านหลังเก้าอี้ชั้น 2 จำนวน 10 ป้าย / ลำ  - แถมฟรี ป้ายหลังเก้าอี้ชั้น 2 เพิ่มอีก 2 ป้าย รวมจำนวน 12 ป้ายรวมเป็นจำนวนเงิน 230,000 บาท / เดือน ส่วนลดพิเศษ 80,000 บาท เหลือ 150,000 บาท / เดือนระยะเวลา 12 เดือน(วันที่ 1 มกราคม 2569 ถึง วันที่ 31 ธันวาคม 2569)",8114.0,11.0,230000.0,THB,THB,
PO2500947,344,บริษัท เมทเล่อร์-โทเลโด (ประเทศไทย) จำกัด,70887.0,900001,1. Model Type: Spectrophotometer UV5 L8030Serial Number: C104028564Item No. 101 : Basic Care Full Preventive Maintenance OnSite,8630.0,1.0,9310.0,THB,THB,
PO2500947,344,บริษัท เมทเล่อร์-โทเลโด (ประเทศไทย) จำกัด,70887.0,900001,Item No. 104 : Calibrate SCC,8630.0,1.0,18240.0,THB,THB,
PO2500947,344,บริษัท เมทเล่อร์-โทเลโด (ประเทศไทย) จำกัด,70887.0,900001,2. Model Type: SevenDirect SD23 L8036Serial Number: C321199971Item No. 201 : Calibrate SCC*หมายเหตุ: เดือนที่จะเข้าทำงาน 03.2026,8630.0,1.0,5415.0,THB,THB,
PO2500932,937,บริษัท แบ่งค้อเฆี่ยน จำกัด,270761.0,900023,1.งานออกแบบและทำต้นแบบยาดม,8114.0,2.0,251750.0,THB,THB,
PO2500932,937,บริษัท แบ่งค้อเฆี่ยน จำกัด,270761.0,900023,2.แม่พิมพ์ AYT กระปุก และฝาแบบ Twist-lock,8114.0,1.0,370000.0,THB,THB,
PO2500932,937,บริษัท แบ่งค้อเฆี่ยน จำกัด,270761.0,900023,3.แม่พิมพ์ NKR กระปุก และฝาแบบ Twist-lock,8114.0,1.0,260000.0,THB,THB,
PO2500932,937,บริษัท แบ่งค้อเฆี่ยน จำกัด,270761.0,900023,4.แม่พิมพ์ ตัวกรอง (ใช้ร่วมกันทั้ง 2 แบบ),8114.0,1.0,48000.0,THB,THB,
PO2500932,937,บริษัท แบ่งค้อเฆี่ยน จำกัด,270761.0,900023,5.แม่พิมพ์ ฐานและหลอดบรรจุไส้ยาดม (ใช้ร่วมกันทั้ง 2 แบบ),8114.0,1.0,270000.0,THB,THB,
PO2500932,937,บริษัท แบ่งค้อเฆี่ยน จำกัด,270761.0,900023,"6.ชิ้นงาน AYT,NKR จำนวนแบบละ 10,000 ชุด ในชุดประกอบด้วย กระปุก, ฝา, ตัวกรอง และฐาน",8114.0,20000.0,52.3,THB,THB,
PO2500930,656,บริษัท รูท มีเดีย จำกัด,70695.0,900023,"1.ค่าแรง Supervisor สำหรับ ประสานงาน / ดูแลทีมงาน (1 คน)  1.1 ค่าแรงสำหรับวันทำงาน (วันละ 2,500 บาท x 1 คน = 2,500 บาท / วัน)",8114.0,2.0,2500.0,THB,THB,
PO2500930,656,บริษัท รูท มีเดีย จำกัด,70695.0,900023,"2.ค่าแรง Staff สำหรับทำกิจกรรม (2 คน)  2.2 ค่าแรงสำหรับวันทำงาน ( วันละ 1,800 บาท x 2 คน = 3,600 บาท / วัน)",8114.0,2.0,3600.0,THB,THB,
PO2500930,656,บริษัท รูท มีเดีย จำกัด,70695.0,900023,"3.ค่ารถกระบะ + Staff คนขับ (รวมค่าน้ำมัน และค่าทางด่วนแล้ว)  3.1 ค่าแรงสำหรับวันทำงาน (วันละ 6,000 บาท x 1 คัน = 6,000 บาท / วัน)",8114.0,1.5,6000.0,THB,THB,
PO2500930,656,บริษัท รูท มีเดีย จำกัด,70695.0,900023,4.ค่าเช่าเครื่องเสียง (ลำโพง / ไมค์),8114.0,1.0,900.0,THB,THB,
PO2500930,656,บริษัท รูท มีเดีย จำกัด,70695.0,900023,5.ค่าอาหาร + เครื่องดื่ม สำหรับทีมงาน,8114.0,1.0,2000.0,THB,THB,
PO2500898,731,เมธา เจริญธนาวัฒน์,71184.0,900023,โครงการ Power of love สำหรับ 410 โรงเรียน,8114.0,1.0,2193500.0,THB,THB,
PO2500897,731,เมธา เจริญธนาวัฒน์,71184.0,900023,โครงการเสริมสร้างการศึกษาผ่านสื่อการเรียนรู้ในรูปแบบบอร์ดเกม สำหรับ 90 โรงเรียน,8114.0,1.0,2407500.0,THB,THB,
PO2500851,17,บริษัท เอจิเลนต์ เทคโนโลยีส์ (ประเทศไทย) จำกัด,70916.0,900001,1. Model Description: Cary 630 FTIRService Description: CROSSLAB PREVENTIVE MAINTENANCESerial Number: US11380773Model Description: Cary 630 FTIR Instrument ZnSeSerial Number: US11452084Model Description: Cary 630 1B Diamond ATR Module ZnSeSerial Number: US11443057Model Description: Cary 630 DialPath Custom PL 30-1000u (3),8630.0,1.0,36432.0,THB,THB,
PO2500851,17,บริษัท เอจิเลนต์ เทคโนโลยีส์ (ประเทศไทย) จำกัด,70916.0,900001,2. Model Description: Cary 630 FTIRService Description: CROSSLAB OQSerial Number: US11380773Model Description: Cary 630 FTIR Instrument ZnSeSerial Number: US11452084Model Description: Cary 630 1B Diamond ATR Module ZnSeSerial Number: US11443057Model Description: Cary 630 DialPath Custom PL 30-1000u (3)*หมายเหตุ : สอบเทียบ ปี 2026,8630.0,1.0,43356.0,THB,THB,
PO2500831,237,บริษัท วายซีเอช กรุ๊ป จำกัด,70706.0,900071,Part For Auto Blister YCH 700-200CPL เครื่อง อัดใหญ่ Mc3. ใช้งานร่วมกับใบสั่งซื้อเลขที่ของเครื่องจักร QTT-23-12-026-R3 13/03/24,8353.0,1.0,143900.0,THB,THB,
PO2500823,713,บริษัท กรุงไทยคาร์เร้นท์ แอนด์ ลีส จำกัด (มหาชน),70428.0,900018,ค่าเช่ารถยนต์ TOYOTA Yaris Ativ 1.2 Preminm AT ทะเบียน 6ขห2094,8119.0,56.2,12305.0,THB,THB,
PO2500804,913,บริษัท หรรษา 62 จำกัด,270737.0,900023,1. Service BOI for Investment in Thailand By Privilege and Investment capital     - Investment project>500MBhtService of BOI by Man-Hours base Scope of Service  1.1 Consult on BOI new project apply by validate business group.  1.2 Prepare documents for apply BOI promotion.2. Implement BOI incentive for BOI Announcement 2025  2.1 Consult for report Project progress Report in February and July before Project Operation Start-up.  2.2 Consult for fully utilize previlege for Section 31 CIT excemption.  2.3 Consult for fully utilize previlege fo Section 34 exemption of corporate income tax on the net profit and dividends derived.  2.4 Consult for fully utilize previlege for Section 28/29 exempion/reduction of import duties on machinery.  2.5 Consult for fully utilize previlege for Section 36 exemption of import duty on raw or essential materials imported for use in production for export.  2.6 Consult for Project Operation Start-up.,8114.0,1.0,1000000.0,THB,THB,
PO2500802,797,บริษัท แอดซ์ เจ้าพระยา จำกัด,70996.0,900023,"1.สินค้า ""โป๊ยเซียน""ค่าบริการพื่นที่สื่อโฆษณาบนเรือข้ามฟากวัดอรุณ - วัดโพธิ์ จำนวน 1 ลำจุดติดตั้งสื่อโฆษณาตามรายละเอียดดังต่อไปนี้1.ป้ายด้านหน้าเรือ จำนวน 3 ป้าย / ลำ แบ่งตามขนาดดังนี้  1.1 ป้ายขนาด 0.55 x 2.13 เมตร จำนวน 1 ป้าย  1.2 ป้ายขนาด 0.55 x 2.50 เมตร จำนวน 1 ป้าย  1.3 ป้ายขนาด 0.55 x 1.97 เมตร จำนวน 1 ป้าย2.ป้ายด้านท้ายเรือ (ขนาด 0.8 x 2.5 เมตร) จำนวน 2 ป้าย / ลำ3.ป้ายด้านข้างเรือจำนวน 16 ป้าย / ลำ แบ่งตามขนาดดังนี้  3.1 ป้ายขนาด 0.55 x 1.50 เมตร จำนวน 8 ป้าย  3.2 ป้ายขนาด 0.55 x 1.10 เมตร จำนวน 8 ป้าย4.ป้ายสามเหลี่ยมบนหลังคาเรือ (ขนาด 0.8 x 2.5 เมตร) จำนวน 4 ป้าย / ลำ  - ตัด di-cut ตามแบบสูงจากขอบป้ายด้านบนไม่เกิน 10 ซม.5.หลอดยาดมติดเสาเรือ (ขนาดสูงไม่เกิน 50 ซม.) จำนวน 3 หลอดรวมเป็นจำนวนเงิน 150,000 บาท / เดือน ส่วนลดพิเศษ 35% เหลือ 97,500 บาท / เดือนระยะเวลา 12 เดือน (วันที่ 1พฤศจิกายน 2568 ถึง วันที่ 31 ตุลาคม 2569)",8114.0,9.0,150000.0,THB,THB,
PO2500800,656,บริษัท รูท มีเดีย จำกัด,70695.0,900023,1.ราคาผลิต เก้าอี้วัดพระธาตุประจำปีเกิด รายชื่อวัดดังนี้   1.วัดพระธาตุจอมทอง จ.เชียงใหม่ ปีชวด (หนู),8114.0,30.0,9500.0,THB,THB,
PO2500800,656,บริษัท รูท มีเดีย จำกัด,70695.0,900023,2.วัดพระธาตุดอยสุเทพ จ.เชียงใหม่ ปีมะแม (แพะ),8114.0,30.0,9500.0,THB,THB,
PO2500800,656,บริษัท รูท มีเดีย จำกัด,70695.0,900023,3.วัดพระสิงห์ จ.เชียงใหม่ ปีมะโรง (งูใหญ่),8114.0,50.0,9500.0,THB,THB,
PO2500800,656,บริษัท รูท มีเดีย จำกัด,70695.0,900023,4.วัดเกตการาม จ.เชียงใหม่ ปีจอ (สุนัข),8114.0,20.0,9500.0,THB,THB,
PO2500800,656,บริษัท รูท มีเดีย จำกัด,70695.0,900023,5.วัดพันเตา จ.เชียงใหม่ ปีมะเมีย (ม้า),8114.0,30.0,9500.0,THB,THB,
PO2500800,656,บริษัท รูท มีเดีย จำกัด,70695.0,900023,6.วัดเจ็ดยอด จ.เชียงใหม่ ปีมะเส็ง (งูเล็ก),8114.0,30.0,9500.0,THB,THB,
PO2500800,656,บริษัท รูท มีเดีย จำกัด,70695.0,900023,7.วัดพระธาตุดอยตุง จ.เชียงราย ปีกุน (หมู),8114.0,30.0,9500.0,THB,THB,
PO2500800,656,บริษัท รูท มีเดีย จำกัด,70695.0,900023,8.วัดพระธาตุลำปางหลวง .ลำปาง ปีฉลู (วัว),8114.0,40.0,9500.0,THB,THB,
PO2500800,656,บริษัท รูท มีเดีย จำกัด,70695.0,900023,9.วัดพระธาตุหริภุญชัย จ.ลำพูน ปีระกา (ไก่),8114.0,30.0,9500.0,THB,THB,
PO2500800,656,บริษัท รูท มีเดีย จำกัด,70695.0,900023,10.วัดพระธาตุช่อแฮ จ.แพร่ ปีขาล (เสือ),8114.0,30.0,9500.0,THB,THB,
PO2500800,656,บริษัท รูท มีเดีย จำกัด,70695.0,900023,11.วัดพระธาตุแช่แห้ง จ.น่าน ปีเถาะ (กระต่าย),8114.0,30.0,9500.0,THB,THB,
PO2500800,656,บริษัท รูท มีเดีย จำกัด,70695.0,900023,12.พระธาตุพนม จ.นครพนม ปีวอก (ลิง),8114.0,30.0,9500.0,THB,THB,
PO2500800,656,บริษัท รูท มีเดีย จำกัด,70695.0,900023,13.วัดเจดีย์หลวงวรวิหาร จ.เชียงใหม่,8114.0,10.0,9500.0,THB,THB,
PO2500800,656,บริษัท รูท มีเดีย จำกัด,70695.0,900023,14.วัดพระบรมธาตุไชยา จ.สุราษฎร์ธานี,8114.0,30.0,9500.0,THB,THB,
PO2500800,656,บริษัท รูท มีเดีย จำกัด,70695.0,900023,15.วัดพระบรมธาตุสวี จ.ชุมพร,8114.0,20.0,9500.0,THB,THB,
PO2500800,656,บริษัท รูท มีเดีย จำกัด,70695.0,900023,16.จวนเจ้าเมืองระนอง จ.ระนอง,8114.0,20.0,9500.0,THB,THB,
PO2500800,656,บริษัท รูท มีเดีย จำกัด,70695.0,900023,17.วัดพระมหาธาตุวรมหาวิหาร จ.นครศรีธรรมราชวัสดุ : ตัวขาเก้าอี้เป็นอัลลอย ทำจากอลูมิเนียมผสม หล่อขึ้นรูปจากแม่พิมพ์       : พนักพิงเป็นแผ่นคอมโพสิตฉลุเลเซอร์ หนา 4 มิลลิเมตร       : ฐานที่นั่งเป็นกล่องอลูมิเนียม ขนาด 2.5 นิ้ว / หนา 5/8 นิ้ว พ่นสีน้ำตาลขนาด : กว้าง 120 x สูง 85 x ลึก 53 CM.โลโก้ : โลโก้เป็นตัวหนังสือ ฉลุ ใช้แผ่นปิดด้านหลัง แล้วพ่นสีทับด้านหลังระยะเวลาการผลิต : 60 วันหมายเหตุ : ราคาดังกล่าวรวมค่า รถขนส่ง / ทีมงานยกเก้าอี้ลงตามจุด / ค่าน้ำมัน / ค่าที่พัก เรียบร้อยแล้ว,8114.0,40.0,9500.0,THB,THB,
PO2500748,909,บริษัท สยาม ออโตเมชั่น ฟิลด์ เอ็นจิเนียริ่ง จำกัด,263374.0,900071,POY-SIAN IOT Mornitoring,8353.0,1.0,1204300.0,THB,THB,
PO2500747,909,บริษัท สยาม ออโตเมชั่น ฟิลด์ เอ็นจิเนียริ่ง จำกัด,263374.0,900071,POY-SIAN HOT FOIL STAMPING MACHINE No5,8353.0,1.0,3600000.0,THB,THB,
PO2500747,909,บริษัท สยาม ออโตเมชั่น ฟิลด์ เอ็นจิเนียริ่ง จำกัด,263374.0,900071,POY-SIAN HOT FOIL STAMPING MACHINE No6,8353.0,1.0,3600000.0,THB,THB,
PO2500746,909,บริษัท สยาม ออโตเมชั่น ฟิลด์ เอ็นจิเนียริ่ง จำกัด,263374.0,900071,POY-SIAN HOT FOIL STAMPING MACHINE No3,8353.0,1.0,3600000.0,THB,THB,
PO2500746,909,บริษัท สยาม ออโตเมชั่น ฟิลด์ เอ็นจิเนียริ่ง จำกัด,263374.0,900071,POY-SIAN HOT FOIL STAMPING MACHINE No4,8353.0,1.0,3600000.0,THB,THB,
PO2500745,909,บริษัท สยาม ออโตเมชั่น ฟิลด์ เอ็นจิเนียริ่ง จำกัด,263374.0,900071,Goldmint Inspection Borneol,8353.0,1.0,2824100.0,THB,THB,
PO2500744,909,บริษัท สยาม ออโตเมชั่น ฟิลด์ เอ็นจิเนียริ่ง จำกัด,263374.0,900071,Goldmint Automatic borneol Liquid Filling Machine(กำลังการผลิตไม่ต่ำกว่า 100 Pcs/min),8353.0,1.0,8136400.0,THB,THB,
PO2500683,114,ห้างหุ้นส่วนจำกัด ดี สเตเบิ้ล,71124.0,900015,แบตเตอรี่ ขนาด 24V 75Ah แบตฯลิเธียม,8116.0,1.0,29040.0,THB,THB,
PO2500683,114,ห้างหุ้นส่วนจำกัด ดี สเตเบิ้ล,71124.0,900015,ตู้ชาร์จ ขนาด 24V 30 Ah,8116.0,1.0,9500.0,THB,THB,
PO2500683,114,ห้างหุ้นส่วนจำกัด ดี สเตเบิ้ล,71124.0,900015,น้ำมันเฟืองท้าย,8116.0,1.0,180.0,THB,THB,
PO2500683,114,ห้างหุ้นส่วนจำกัด ดี สเตเบิ้ล,71124.0,900015,ค่าน้ำมัน HDY.,8116.0,5.0,180.0,THB,THB,
PO2500683,114,ห้างหุ้นส่วนจำกัด ดี สเตเบิ้ล,71124.0,900015,ค่าแรง,8116.0,1.0,800.0,THB,THB,
PO2500648,797,บริษัท แอดซ์ เจ้าพระยา จำกัด,70996.0,900023,"สินค้า ""โป๊ยเซียน""ต่อสัญญาค่าบริการพื้นที่สื่อโฆษณาบนเรือข้ามฟาก (วังหลัง - ท่าช้าง / ท่ามหาราช / ท่าพระจันทร์) จำนวน 1 ลำจุดติดตั้งสื่อโฆษณา รายละเอียดดังต่อไปนี้1.ด้านหน้าและขอบรอบเรือทั้งลำ2.ป้ายสามเหลี่ยมบนหลังคาเรือ (ขนาด 0.8 x 2.5 เมตร) จำนวน 2 ด้าน / ป้าย3.ป้ายด้านข้างเรือ (ขนาด 0.6 x 1.5 เมตร) จำนวน 8 ป้าย / ลำระยะเวลา 12 เดือน(วันที่ 1 กันยายน 2568 ถึง วันที่ 31 สิงหาคม 2569)",8114.0,7.0,100000.0,THB,THB,
PO2500645,888,บริษัท เรียล สมาร์ท จำกัด (มหาชน),70895.0,900023,"Social Monitoring Service for POY-SIAN(Data Source from Thailand)Period of Service 6 Months (1 Sep 25 - 28 Feb 26)DTS-001 : Social Monitoring ServicesScope of workSoftware - Social Listening Tool - Monitor about POY-SIAN and 7 Competitors (หงส์ไทย, Peppermint field, ถ้วยทอง, Vapex, Dumble inhaler, Pastel, Black inhaler) in social online channels - Social Monitoring from Facebook Fanpage, X, Tiktok, Instagram, Pantip, Web board, Blog, News - Max Messages : 50,000 messagea per month (300,000 messages per 6 months) - Unlimited Keywords but under the terms of Real SmartRealSmart+Application on Mobile (for Alert Case) - Display the filtered monitoring output from the social monitoring tool - Include 4 Features : Alert, Watch, Crisis, and Trend - 5 log-in userTeams - Data Cleansing & Analysis by Human - Monitoring from 9.00 a.m. - 6.00 p.m. Mon to Sun including weekends & public holidaysReport - Daily Monitoring Report - Monthly Monitoring",8114.0,2.0,160000.0,THB,THB,
PO2500540,899,บริษัท สามหกห้า อินโฟเทค จำกัด,70743.0,900023,โครงการพัฒนาระบบวางแผนและการจัดการฐานข้อมูลในองค์กร แบบครบวงจร-ค่าพัฒนาระบบการจัดการฐานข้อมูลในองค์กรแบบครบวงจรขอบเขตงานโครงการ-ดำเนินการวิเคราะห์ ออกแบบ และพัฒนาระบบงาน ดำเนินการวางแผนและการจัดการฐานข้อมูลในองค์กรแบบครบวงจร-ระยะเวลาในการดำเนินการ 240 วัน และใช้ทรัพยากรบุคลากรทั้งหมด 360 mandays***รายละเอียดอ้างอิงตามเอกสาร Project Proposal-ราคานี้ไม่รวมค่า Odoo Licenses สำหรับใช้งานตามจริง US$ 25.50/User/Month ซึ่งจะมีการเสนอราคาให้ลูกค้าหลังส่งมอบระบบ-ราคานี้ไม่รวม Server หรือ Cloud สำหรับติดตั้งระบบ,8114.0,1.0,2800000.0,THB,THB,
PO2500534,625,บริษัท เอที ออโต้ เทรดดิ้ง จำกัด,70918.0,900071,เครื่องบรรจุพิมเสน 5 CC 140  pcs/min,8353.0,1.0,11815000.0,THB,THB,
PO2500530,35,บริษัท โคเน่เครนส์ แมททีเรียล แฮนด์ลิง (ประเทศไทย) จำกัด,71012.0,900023,MAINMAN Planned MaintenanceSingle girder EOT-1 trolley wire rope hoist,8114.0,1.0,4500.0,THB,THB,
PO2500530,35,บริษัท โคเน่เครนส์ แมททีเรียล แฮนด์ลิง (ประเทศไทย) จำกัด,71012.0,900023,LOAD Test-Bridge and Gantry Cranes-THA Single girder EOT-1 trolley wire rope hoist,8114.0,1.0,5000.0,THB,THB,
PO2500528,831,บริษัท มณฑรัตน์ เทรดดิ้ง จำกัด,70660.0,900023,ค่าที่ปรึกษาโครงการวิเคราะห์ ออกแบบ พัฒนาและติดตั้ง ระบบวางแผนและการจัดการฐานข้อมูลในองค์กรแบบครบวงจรแบ่งชำระ 5 งวด ดังนี้งวดที่ 1 ชำระ 20% ชำระทันทีเมื่อตกลงว่าจ้างงวดที่ 2 ชำระ 20% เมื่อทีมพัฒนาได้ดำเนินการวิเคราะห์และออกแบบระบบเรียบร้อยงวดที่ 3 ชำระ 25% เมื่อทีมพัฒนาได้ดำเนินการพัฒนาระบบและส่งมอบระบบ Accounting Management System เรียบร้อยงวดที่ 4 ชำระ 25% เมื่อทีมพัฒนาได้ดำเนินการพัฒนาระบบและส่งมอบระบบ1.Sales Management System2.Purchase Management System3.Inventory Management System4.Manufacturing Management System5.UAT Test Casesงวดที่ 5 ชำระ 10% เมื่อทีมพัฒนาได้ดำเนินการอบรมการใช้งาน และ สามารถ Go Live ระบบได้,8114.0,1.0,1712000.0,THB,THB,
PO2500515,825,นายชาลี  มานะวานิช,70373.0,900073,แอร์ชนิดแขวนใต้ฝ้า รุ่น 42TGV0361CP/38TGV0361A1 ขนาด 36000 BTU,8359.0,1.0,46700.0,THB,THB,
PO2500515,825,นายชาลี  มานะวานิช,70373.0,900023,ค่าบริการติดตั้งแอร์แขวนใต้ฝ้า ขนาด 36000 BTU,8114.0,1.0,6500.0,THB,THB,
PO2500509,662,บริษัท ดรีม 168 จำกัด,70510.0,900011,"ค่าโฆษณา Air Bus Half Wrap ราคา 20,500.- ต่อคัน จำนวน 10 คัน- NGV เส้นทางที่ 1 1-38 (60) สวนสยาม-ปากคลองตลาด จำนวน 2 คัน- EURO เส้นทางที่ 21-40 (93) หมู่บ้านนักกีฬา-สี่พระยา จำนวน 1 คัน- EV เส้นทางที่ 33-1 ปากน้ำ-ท่าเรือสะพานพุทธ จำนวน 2 คัน- EV เส้นทางที่ 43-11 มหาวิทยาลัยรามคำแหง วิทยาเขตบางนา-ท่าช้าง จำนวน 2 คัน- EV เส้นทางที่ 54-39 สถานีขนส่งผู้โดยสารกรุงเทพ (ถนนบรมราชชนนี)-สถานีขนส่งผู้โดยสารกรุงเทพ (เอกมัย) จำนวน 1 คัน- EV เส้นทางที่ 64-55 สถานี้รถไฟฟ้าศาลายา-สถานีรถไฟฟ้าสนามกีฬาแห่งชาติ จำนวน 2 คัน",8120.0,5.0,205000.0,THB,THB,
PO2500493,633,บริษัท จี.ดี. โปรแพค จำกัด,70464.0,900071,1.บล็อคหัวเพชร จำนวน 2 ลูก2.บล็อคเลเซอร์ จำนวน 3 ลูก,8353.0,1.0,0.0,THB,THB,
PO2500398,275,บริษัท ออฟฟิศเมท (ไทย) จำกัด,70761.0,900015,Himel Cable Tie T8 (20cm x 4.8mm) 100/pack,8116.0,2.0,570.09,THB,THB,
PO2500381,227,ห้างหุ้นส่วนจำกัด รุ่งโรจน์ เซอร์วิส เอ็นจิเนียริ่ง,71144.0,900009,Motor Condensing แบบมรปีกนกขนาด 1/4 HP,8166.0,1.0,2500.0,THB,THB,2025-05-21
PO2500376,831,บริษัท มณฑรัตน์ เทรดดิ้ง จำกัด,70660.0,900023,ค่าเช่าบริการอินเตอร์เน็ตไฟเบอร์ พร้อม Fixed IP รายเดือน- บริการอินเตอร์เน็ตความเร็วสูงสุด (ดาวน์โหลด/อัพโหลด) 500/500 Mbps- มี Ficed IP 1 IP Address- กรณีลูกค้าพบปัญหาการใช้งาน สามารถติดต่อ 1740 ได้ตลอด 24 ชม. หลังได้รับแจ้ง มีบริการแก้ปัญหาโดยทีมช่างผู้เชี่ยวชาญภายใน 12 ชม.  และ บริการซ่อมสายไฟเบอร์ ภายใน 24 ชม.- รับสิทธิ์ยืมอุปกรณ์ โดยผู้ใช้บริการต้องคืนอุปกรณ์เมื่อสิ้นสุดการใช้บริการ,8114.0,13.0,2500.0,THB,THB,
PO2500353,875,บริษัท แปซิฟิค คอร์ปอเรชั่น จำกัด,70975.0,900011,โครงการ 88 ปี โป๊ยเซียน 8 ทิศ 8 ภาษา มหัศจรรย์แห่งการเดินทางจัดทำกิจกรรม : ทริปพาเที่ยวปลอดภัย และสื่อประชาสัมพันธ์สถานีวิทยุ จส.100 สื่อวิทยุ และสื่อออนไลน์Period : เมษายน 2568-มกราคม 2569 (10เดือน),8120.0,1.0,1000000.0,THB,THB,
PO2500350,656,บริษัท รูท มีเดีย จำกัด,70695.0,900023,กิจกรรมแจกกระปุกออมสิน ปั๊ม PT ค่าแรง Supervisor,8114.0,1.0,2500.0,THB,THB,
PO2500350,656,บริษัท รูท มีเดีย จำกัด,70695.0,900023,ค่าแรง Staff สำหรับแจกของ,8114.0,2.0,1800.0,THB,THB,
PO2500350,656,บริษัท รูท มีเดีย จำกัด,70695.0,900023,ค่าแรง MC,8114.0,1.0,3000.0,THB,THB,
PO2500350,656,บริษัท รูท มีเดีย จำกัด,70695.0,900023,ค่าแรง Mascot,8114.0,1.0,3000.0,THB,THB,
PO2500350,656,บริษัท รูท มีเดีย จำกัด,70695.0,900023,ค่าแรง พี่เลี้ยง Mascot,8114.0,1.0,1800.0,THB,THB,
PO2500350,656,บริษัท รูท มีเดีย จำกัด,70695.0,900023,ค่ารถ 4 ล้อ (เหมาทั้งวัน),8114.0,1.0,6000.0,THB,THB,
PO2500350,656,บริษัท รูท มีเดีย จำกัด,70695.0,900023,ค่ารถตู้ สำหรับ รับ-ส่ง ทีมงาน,8114.0,1.0,4500.0,THB,THB,
PO2500327,805,บริษัท ท่องไทย อินฟอร์เมชั่น แอนด์ เทคโนโลยี จำกัด,70563.0,900011,Xiaohongshu Social Media Management (April 2025 - March 2026),8120.0,1.0,44726.0,THB,THB,
PO2500326,805,บริษัท ท่องไทย อินฟอร์เมชั่น แอนด์ เทคโนโลยี จำกัด,70563.0,900011,Douyin Social Media Management (April 2025 - March 2026),8120.0,1.0,209880.0,THB,THB,
PO2500284,13,บริษัท ฟิลแพค จำกัด,70654.0,900071,เครื่องประกอบหลอดน้ำกับตัวอุดอัตโนมัติระบบโรตารี่ 18 หัวกด,8353.0,1.0,4600000.0,THB,THB,
PO2500284,13,บริษัท ฟิลแพค จำกัด,70654.0,900071,เครื่องประกอบหลอดน้ำกับฐานเกลียวอัตโนมัติระบบโรตารี่ 18 หัวกด,8353.0,1.0,4500000.0,THB,THB,
PO2500284,13,บริษัท ฟิลแพค จำกัด,70654.0,900071,ระบบตรวจสอบชิ้นงานเช็คฝาหลอดน้ำที่ผลิตโดย Optical vision 3 ชุดและระบบ Auto reject,8353.0,1.0,600000.0,THB,THB,
PO2500178,541,บริษัท ซินโดม อิเลคทรอนิคส์ อินดัสตรี จำกัด,70489.0,900015,LP12-7.0 BATTERY LEOCHCapacity : 12 V 7 Ahรับประกันสินค้า 1 ปีสินค้าไม่สามารถเปลี่ยน หรือ ยกเลิก รบกวนตรวจสอบสเปคก่อนสั่งซื้อ,8116.0,16.0,570.0,THB,THB,
PO2500171,402,บริษัท แมททีเรียล เวิลด์ จำกัด,70984.0,900015,PLASTIC PALLET 1200x1000x160MMEN4 1210M,8116.0,200.0,1550.0,THB,THB,
PO2500155,98,บริษัท ซายน์ลูชั่น จำกัด,70482.0,900071,"SCI-0633 Leakage Tester Touch Screen,Model TL-700P,Proogramm Memory-timer start-Loop",8353.0,1.0,95000.0,THB,THB,2025-02-26
PO2500155,98,บริษัท ซายน์ลูชั่น จำกัด,70482.0,900071,"SCI-0500 Degasing Chamber,Stanless size by costomer requestDiligent , Madw in THAILANDCER-0034 สอบเทียบ ค่าสูญญากาศ CER-0034, Certifcate Vacuum gauge (ISO-17025) จำนวน 3,500 บาท (ฟรี)รับประกัน 1 ปีค่าแรง อะไหล่ ไม่รวมค่าเดินทางราคาที่เสนอ รวม ส่งสินค้า ติดตั้งและสอนการใช้งาน @ กทม.(ไม่มีค่าจ้าง)",8353.0,1.0,106000.0,THB,THB,2025-02-26
PO2500145,731,เมธา เจริญธนาวัฒน์,71184.0,900015,ผลิตกล่องพับ ขนาดกางออก 154x163+เคลือบเงา+ขึ้นรูปกล่อง,8116.0,1000.0,7.0,THB,THB,
PO2500097,656,บริษัท รูท มีเดีย จำกัด,70695.0,900023,ผลิตเก้าอี้โรงพยาบาล  2 แห่ง 1.จังหวัดหาดใหญ่ (ม.อ.) จำนวน 10 ตัว2.จังหวัดบึงกาฬ จำนวน 35 ตัว,8114.0,45.0,13700.0,THB,THB,
PO2500097,656,บริษัท รูท มีเดีย จำกัด,70695.0,900023,ค่าบริการขนส่งเก้าอี้,8114.0,45.0,1300.0,THB,THB,
PO2500024,560,"SDS International (Japan) Co., Ltd.",70306.0,900071,Hot Stamping Machine (Upper Label)for both normal type and Key holder type,8353.0,2.0,12481250.0,JPB,JPY,
PO2500024,560,"SDS International (Japan) Co., Ltd.",70306.0,900071,Hot Stamping Machine (Lower Label),8353.0,2.0,12481250.0,JPB,JPY,
