Product ID,Product,Routes
8768,[00763] 001,"Auto Transfer RM (Pharma), Buy"
8766,[00761] 002,"Auto Transfer RM (Pharma), Buy"
8669,10% on เงินมัดจำจ่ายล่วงหน้า,Buy
9024,9000079,Buy
9030,[900019] 900019,Buy
9025,900079,Buy
9023,900079,Buy
9026,90046,Buy
8703,Building Improvement,Buy
7963,[MK-CLD-XX-00001] Calendar,Buy
8670,Calibration ,Buy
7967,"[FG-MTK-IL-01001] Classification No.: 90.18 Dragon Inhaler Mark II with keyholder
(Nasal Inhaler 24 Units in display+shrink)","Manufacture (Pharma), Replenish on Order (MTO)"
8671,Computer,Buy
8723,Employee Advance,Buy
5556,Free Product - กระปุกออมสิน Mark II,Buy
15,Gift Card,Buy
8690,Injection Machine,Buy
7971,"[FG-MTS-TW-01001] Mark II Aroma Oil Stick (Taiwan) (1*1)
( Each carton contains 2,000 sticks )","Manufacture (Pharma), Replenish on Order (MTO)"
7972,"[FG-MTS-GH-01001] Mark II Inhaler (Ghana) 10*6 (5 dz)
( Each carton contains 20 units )","Manufacture (Pharma), Replenish on Order (MTO)"
7965,"[FG-MTS-XX-01001] Mark II Inhaler 10*6 (5 dz)
( Each carton contains 20 units )","Manufacture (Pharma), Replenish on Order (MTO)"
7970,"[FG-MTS-JP-01001] Mark II Nose Mint Inhaler (1*1) (Blue)
( Each carton contains 2,000 sticks )","Manufacture (Pharma), Replenish on Order (MTO)"
8771,Opening Balance,Buy
8197,[RM-PET-RO-00001] PETแบบม้วน  380x0.25mm  สีใส,"Auto Transfer RM (Packaging), Buy"
8004,[PK-SHF-PS-01007] PVC หด Israel 2 โหล 175x210,"Auto Transfer RM (Packaging), Replenish on Order (MTO), Buy"
8005,[PK-SHF-PS-01006] PVC หด PS 2 โหล 160x340,"Auto Transfer RM (Packaging), Buy"
7997,"[RM-PVC-RO-01001] PVCแบบม้วน ขนาด 15""x0.25mm
","Auto Transfer RM (Plastic), Buy"
7998,"[RM-PVC-RO-01002] PVCแบบม้วน ขนาด 18""x0.20mm","Auto Transfer RM (Plastic), Buy"
7999,"[RM-PVC-RO-01003] PVCแบบม้วน ขนาด 18""x0.40mm
","Auto Transfer RM (Plastic), Buy"
8000,"[RM-PVC-RO-01004] PVCแบบม้วน ขนาด 27""x0.20mm
","Auto Transfer RM (Plastic), Buy"
8001,[RM-PVC-RO-01006] PVCแบบม้วน ขนาด 385x0.20mm,"Auto Transfer RM (Plastic), Buy"
8002,[RM-PVC-RO-01005] PVCแบบม้วน ขนาด 600x0.20mm,"Auto Transfer RM (Plastic), Buy"
8237,"[FG-PAK-XX-01001] Pax 2 Ways Inhaler with keyholder blue 10*6 (5dz)
( Each carton contains 20 units )","Manufacture (Pharma), Replenish on Order (MTO)"
8235,"[FG-PAS-XX-01001] Pax 2 Ways Inhaler without keyholder blue 10*6 (5dz)
( Each carton contains 20 units )","Manufacture (Pharma), Replenish on Order (MTO)"
8208,[FG-PPK-TH-01002] Pepex 2in1 with keyholder (1*1)( Each carton contains 216 units ),Manufacture (Pharma)
8211,"[FG-PPR-TH-01002] Pepex One Way Inhaler 10*6 (5dz)
( Each carton contains 12 units )",Manufacture (Pharma)
8034,[FG-PSS-PB-01002] Piggy Bank - Mark II,Manufacture (Plastic)
8035,[FG-PSS-PB-01001] Piggy Bank - Poysian,Manufacture (Plastic)
7982,"[FG-PNF-XX-01001] Pim Saen Balm Oil (3cc Bottle) English Label 12*1
(Each carton contains 72 dozen)","Manufacture (Pharma), Replenish on Order (MTO)"
7974,"[FG-PNF-ID-01001] Pim Saen Balm Oil (3cc Bottle) Indonesia Label 12*1
(Each carton contains 72 dozen)","Manufacture (Pharma), Replenish on Order (MTO)"
7973,"[FG-PNF-TH-01001] Pim Saen Balm Oil (3cc Bottle) Thai Label 12*1
(Each carton contains 72 dozen)",Manufacture (Pharma)
7981,"[FG-PNR-XX-01001] Pim Saen Balm Oil (5cc Roll On) English Label 12*1
(Each carton contains 80 dozen)","Manufacture (Pharma), Replenish on Order (MTO)"
7990,"[FG-PNR-ID-01001] Pim Saen Balm Oil (5cc Roll On) Indonesia Label 12*1
(Each carton contains 80 dozen)","Manufacture (Pharma), Replenish on Order (MTO)"
7991,"[FG-PNR-MM-01001] Pim Saen Balm Oil (5cc Roll On) Myanmar Label 12*1
(Each carton contains 80 dozen)","Manufacture (Pharma), Replenish on Order (MTO)"
7994,"[FG-PNR-TW-01001] Pim Saen Balm Oil (5cc Roll On) Taiwan Label 24*1
(Each carton contains 100 dozen)","Manufacture (Pharma), Replenish on Order (MTO)"
7989,"[FG-PNR-TH-01001] Pim Saen Balm Oil (5cc Roll On) Thai Label 12*1
(Each carton contains 80 dozen)",Manufacture (Pharma)
7976,"[FG-PNC-XX-01001] Pim Saen Balm Oil (8cc Cotton) English Label 12*1
(Each carton contains 120 dozen)","Manufacture (Pharma), Replenish on Order (MTO)"
7987,"[FG-PNC-ID-01001] Pim Saen Balm Oil (8cc Cotton) Indonesia Label 12*1
(Each carton contains 120 dozen)","Manufacture (Pharma), Replenish on Order (MTO)"
7978,"[FG-PNC-MM-01001] Pim Saen Balm Oil (8cc Cotton) Myanmar Label 12*1 
(Each carton contains 120 dozen)","Manufacture (Pharma), Replenish on Order (MTO)"
7983,"[FG-PNC-TH-01002] Pim Saen Balm Oil (8cc Cotton) Thai Label 12*1
(Each carton contains 120 dozen)",Manufacture (Pharma)
8015,[MK-SHR-PS-02003] Polo Shirt,Buy
8229,"[FG-PSS-DE-01001] Poy-Sian Aroma Oil Stick (Germany) 10*6 (5dz)
( Each carton contains 20 units ) ","Manufacture (Pharma), Replenish on Order (MTO)"
8226,[FG-PSS-MY-01001] Poy-Sian Brand Mark II Inhaler  (Malaysia) 10*6 (5dz) MAL 20106012X ( Each carton contains 20 units ) ,"Manufacture (Pharma), Replenish on Order (MTO)"
8227,"[FG-PSS-MM-01001] Poy-Sian Brand Mark II Inhaler  (Myanmar) 10*6 (5dz)
( Each carton contains 20 units ) ","Manufacture (Pharma), Replenish on Order (MTO)"
8204,"[FG-PSS-XX-01001] Poy-Sian Brand Mark II Inhaler  (Thai Label) (Laos) 10*6 (5dz)
( Each carton contains 20 units ) ","Manufacture (Pharma), Replenish on Order (MTO)"
8224,"[FG-PSS-TH-01005] Poy-Sian Brand Mark II Inhaler  (Thai Label) 10*6 (5dz)
( Each carton contains 16 units )","Manufacture (Pharma), Replenish on Order (MTO)"
8215,[FG-PSS-TH-01002] Poy-Sian Brand Mark II Inhaler  (Thai Label) 10*6 (5dz)( Each carton contains 20 units ),"Manufacture (Pharma), Replenish on Order (MTO)"
8205,"[FG-PSK-TH-01002] Poy-Sian Inhaler with keyholder (Nigeria) 10*6 (5dz)
( Each carton contains 14 units ) ",Manufacture (Pharma)
2,Service on Timesheets,Buy
8232,[PK-SHF-PS-01003] ShrinkFilm ยาดม PS-PePex  5โหล 360x700x19,"Auto Transfer RM (Packaging), Buy"
8231,[PK-SHF-PS-01001] ShrinkFilm ยาดม PS-PePex 5โหล,"Auto Transfer RM (Packaging), Buy"
7996,[PK-SHF-PS-01002] ShrinkFilm ยาดม PePex2IN1 พวงกุญแจ 6หลอด,"Auto Transfer RM (Packaging), Buy"
11,Standard delivery,Buy
8013,[MK-STD-PN-00002] Standโชว์ Lotus,Buy
8014,[MK-STD-PN-00001] Standโชว์พิมเสนรุ่นฝาปิด,Buy
9040,TMP Backorder Product/20260423020047916103,Buy
9041,TMP Backorder Product/20260423020139465131,Buy
8724,Toilet Paper,Buy
14,Top-up eWallet,Buy
9027,test,Buy
8760,[00065] ก PAX 2way-Key ตัวบน,Buy
8020,[SM-PNC-PB-02001] กระปุกพิมเสนน้ำ 4 โหล กึ่งสำเร็จ,"Auto Transfer Semi (Pharma), Manufacture (Plastic)"
8312,[SM-PNC-PB-01001] กระปุกพิมเสนน้ำ 4 โหล สำเร็จ,"Auto Transfer Semi (Pharma), Manufacture (Plastic)"
8571,[FG-PSS-PB-03001] กระปุกออมสิน,Manufacture (Plastic)
8021,[SM-PLS-PB-00001] กระปุกออมสิน PS,"Auto Transfer Semi (Pharma), Manufacture (Plastic)"
8570,[FG-PSS-PB-02001] กระปุกออมสิน ฉลาก PS,Manufacture (Plastic)
8831,กระปุกออมสินโป๊ยเซียน(1x1),Buy
8075,[PK-BOX-PS-07001] กล่องขาวลายไทย 5x9x2.5,"Auto Transfer RM (Packaging), Buy"
8064,[PK-BOX-PN-03003] กล่องพิมเสน 2โหล,"Auto Transfer RM (Packaging), Buy"
8037,[PK-BOX-PN-02002] กล่องพิมเสน RollOn 12ขวด,"Auto Transfer RM (Packaging), Buy"
8062,[PK-BOX-PN-02004] กล่องพิมเสน RollOn 12ขวด อินโดนีเซีย,"Auto Transfer RM (Packaging), Replenish on Order (MTO), Buy"
8039,[PK-BOX-PN-02003] กล่องพิมเสน RollOn 2โหล,"Auto Transfer RM (Packaging), Buy"
8052,[PK-BOX-PN-02001] กล่องพิมเสน RollOn 6ขวด,"Auto Transfer RM (Packaging), Buy"
8044,[PK-BOX-PS-02003] กล่องยาดม 24หลอด อิสราเอล,"Auto Transfer RM (Packaging), Replenish on Order (MTO), Buy"
8220,[PK-BOX-PS-01004] กล่องยาดม PS 5โหล จีน,"Auto Transfer RM (Packaging), Buy"
8051,[PK-BOX-PS-01003] กล่องยาดม PS 5โหล มาเลเซีย,"Auto Transfer RM (Packaging), Buy"
8054,[PK-BOX-PS-01005] กล่องยาดม PS 5โหล เยอรมัน,"Auto Transfer RM (Packaging), Replenish on Order (MTO), Buy"
8049,[PK-BOX-PS-06001] กล่องยาดม PS Key 5โหล,"Auto Transfer RM (Packaging), Buy"
8070,[PK-BOX-PS-02002] กล่องยาดม PS MarkII 3สูตร 5โหล,"Auto Transfer RM (Packaging), Buy"
8069,[PK-BOX-PS-02001] กล่องยาดม PS MarkII 3สูตร 5โหล (ThailandBest),"Auto Transfer RM (Packaging), Replenish on Order (MTO), Buy"
8065,[PK-BOX-PS-01001] กล่องยาดม PS สามัญ 2 โหล,"Auto Transfer RM (Packaging), Manufacture (Pharma), Buy"
8071,[PK-BOX-PS-01002] กล่องยาดม PS สามัญ กล่อง 5โหล,"Auto Transfer RM (Packaging), Buy"
8068,[PK-BOX-PS-05001] กล่องยาดม Pax2way หัวมน 5โหล,"Auto Transfer RM (Packaging), Buy"
8048,[PK-BOX-PS-03001] กล่องยาดม PePex 5โหล,"Auto Transfer RM (Packaging), Buy"
8077,[PK-BOX-PS-04002] กล่องยาดม PePex2IN1 พวงกุญแจ,"Auto Transfer RM (Packaging), Buy"
8762,[00530] การบูร (กล่อง) Camphor,"Auto Transfer RM (Pharma), Buy"
8083,[RM-FIL-PS-01002] ก้นกรอง,"Auto Transfer RM (Packaging), Buy"
8572,[RM-FIL-PS-01003] ก้นกรองกระปุก,"Auto Transfer RM (Pharma), Auto Transfer Semi (Pharma), Manufacture (Plastic), Buy"
8704,ก้นกรองชุบน้ำยา,Buy
8575,[RM-FIL-PS-01006] ก้นกรองชุบน้ำยา MarkII,"Auto Transfer RM (Packaging), Buy, Replenish on Order (MTO)"
8747,[RM-FIL-PS-01007] ก้นกรองชุบน้ำยา PAX,Buy
8573,[RM-FIL-PS-01004] ก้นกรองชุบน้ำยา PS,"Auto Transfer RM (Packaging), Auto Transfer Semi (Pharma), Manufacture (Pharma), Buy"
8574,[RM-FIL-PS-01005] ก้นกรองชุบน้ำยา Pepex,"Auto Transfer RM (Packaging), Manufacture (Pharma), Buy"
8084,[RM-FIL-PS-01001] ก้นกรองมัดสำเร็จ,"Auto Transfer RM (Pharma), Buy, Replenish on Order (MTO)"
8086,[PK-BOT-RD-01001] ขวด-ลูกกลิ้ง-ฝาทอง 5cc,"Auto Transfer RM (Packaging), Buy"
8019,[SM-PNC-BT-03001] ขวดพิมเสนน้ำสำลี กึ่งสำเร็จ,"Auto Transfer Semi (Pharma), Manufacture (Plastic), Replenish on Order (MTO)"
8311,[SM-PNC-BT-02001] ขวดพิมเสนน้ำสำลี สำเร็จ,"Auto Transfer Semi (Pharma), Manufacture (Plastic)"
8569,[SM-PNC-BT-04003] ขวดพิมเสนน้ำสำลี สำเร็จ ตปท,"Auto Transfer Semi (Pharma), Manufacture (Plastic), Replenish on Order (MTO)"
8568,[SM-PNC-BT-04002] ขวดพิมเสนน้ำสำลี สำเร็จ พม่า,"Auto Transfer Semi (Pharma), Manufacture (Plastic), Replenish on Order (MTO)"
8567,[SM-PNC-BT-04001] ขวดพิมเสนน้ำสำลี สำเร็จ อินโดนีเซีย,"Auto Transfer Semi (Pharma), Manufacture (Plastic), Replenish on Order (MTO)"
8085,[PK-BOT-RD-02001] ขวดแก้ว Balm 20cc,"Auto Transfer RM (Packaging), Buy"
8087,[PK-BOT-FT-01001] ขวดแก้วแบน 3cc,"Auto Transfer RM (Packaging), Buy"
8986,ขายพาเลทไม้,Buy
8673,ค่ากำจัดปลวก,Buy
8893,ค่าขนส่ง,Buy
8124,[900019] ค่าจดทะเบียนและภาษียานพาหนะ,Buy
8726,[900047] ค่าจัดส่ง,Buy
8167,[900022] ค่าซ่อมแซมบำรุงรักษา - ยานพาหนะ,Buy
8168,[900036] ค่าซ่อมแซมบำรุงรักษา - อาคารและสิ่งปลูกสร้าง,Buy
8165,[900010] ค่าซ่อมแซมบำรุงรักษา - เครื่องจักร,Buy
8163,[900021] ค่าซ่อมแซมบำรุงรักษา - เครื่องตกแต่ง,Buy
8166,[900009] ค่าซ่อมแซมบำรุงรักษา - เครื่องมือเครื่องใช้,Buy
8164,[900020] ค่าซ่อมแซมบำรุงรักษา - เครื่องใช้สำนักงาน,Buy
9029,ค่าตราชั่ง,Buy
8112,[900043] ค่าธรรมเนียมวิชาชีพ,Buy
8113,[900024] ค่าธรรมเนียมอื่น ๆ,Buy
9031,ค่านำเข้าสินค้า,Buy
8727,ค่าน้ำมัน,Buy
8114,[900023] ค่าบริการจ่าย,Buy
8189,[900025] ค่าบริการติดตาม GPS,Buy
9032,ค่าประกันภัย,Buy
8115,[900031] ค่ารักษาความปลอดภัย,Buy
8728,ค่ารับรองลูกค้า,Buy
8250,[900014] ค่าวารสารและสมาชิก,Buy
8630,[900001] ค่าสอบเทียบเครื่องมือ,Buy
8729,ค่าสึกหรอ,Buy
8730,ค่าสื่อสาร,Buy
8118,[900008] ค่าอบรมสัมมนา,Buy
8631,ค่าอากรขาเข้า,Buy
8352,[900030] ค่าอินเทอร์เน็ต,Buy
8119,[900018] ค่าเช่ารถยนต์,Buy
8360,[900035] ค่าเช่าอุปกรณ์สำนักงาน,Buy
8732,ค่าเดินทางและที่พัก,Buy
8367,[900027] ค่าแบบฟอร์มพนักงาน,Buy
8120,[900011] ค่าโฆษณา,Buy
8121,[900013] ค่าโทรศัพท์,Buy
8734,ค่าใช้จ่ายทั่วไป,Buy
8122,[900042] ค่าใช้จ่ายเบ็ดเตล็ด,Buy
8125,[900028] ค่าใช้จ่ายในการจัดหาพนักงาน,Buy
8123,[900044] ค่าใช้จ่ายในการแก้ไขสินค้า,Buy
8878,ค่าไฟบริการ (ตู้ขนม) เดือน 12/68,Buy
8877,ค่าไฟบริการ (ตู้น้ำ) เดือน 12/68,Buy
8127,[RM-HTF-XX-01001] ฉลาก HTF MarkII 2สูตร ตัวบน,"Auto Transfer RM (Packaging), Buy"
8128,[RM-HTF-XX-01002] ฉลาก HTF MarkII 2สูตร ตัวล่าง,"Auto Transfer RM (Packaging), Buy"
8129,[RM-HTF-XX-00001] ฉลาก HTF MarkII 3สูตร ตัวบน,"Auto Transfer RM (Packaging), Replenish on Order (MTO), Buy"
8130,[RM-HTF-XX-00002] ฉลาก HTF MarkII 3สูตร ตัวล่าง,"Auto Transfer RM (Packaging), Replenish on Order (MTO), Buy"
8135,[RM-HTF-JP-00001] ฉลาก HTF MarkII NOSE MINT ตัวบน,"Auto Transfer RM (Packaging), Replenish on Order (MTO), Buy"
8134,[RM-HTF-JP-00002] ฉลาก HTF MarkII NOSE MINT ตัวล่าง,"Auto Transfer RM (Packaging), Replenish on Order (MTO), Buy"
8136,[RM-HTF-IL-00001] ฉลาก HTF MarkII อิสราเอล ตัวบน,"Auto Transfer RM (Packaging), Replenish on Order (MTO), Buy"
8131,[RM-HTF-IL-00002] ฉลาก HTF MarkII อิสราเอล ตัวล่าง,"Auto Transfer RM (Packaging), Replenish on Order (MTO), Buy"
8137,[RM-HTF-KR-00001] ฉลาก HTF MarkII เกาหลี ตัวบน ,"Auto Transfer RM (Packaging), Buy"
8132,[RM-HTF-KR-00002] ฉลาก HTF MarkII เกาหลี ตัวล่าง ,"Auto Transfer RM (Packaging), Buy"
8138,[RM-HTF-TW-00001] ฉลาก HTF MarkII ไต้หวัน ตัวบน,"Auto Transfer RM (Packaging), Replenish on Order (MTO), Buy"
8133,[RM-HTF-TW-00002] ฉลาก HTF MarkII ไต้หวัน ตัวล่าง,"Auto Transfer RM (Packaging), Replenish on Order (MTO), Buy"
8150,[RM-HTF-TH-00001] ฉลาก HTF PS ตัวบน,"Auto Transfer RM (Packaging), Buy"
8146,[RM-HTF-CN-00001] ฉลาก HTF PS ตัวบน จีน,"Auto Transfer RM (Packaging), Buy"
8145,[RM-HTF-MY-00001] ฉลาก HTF PS ตัวบน มาเลเซีย,"Auto Transfer RM (Packaging), Buy"
8147,[RM-HTF-DE-00001] ฉลาก HTF PS ตัวบน เยอรมัน,"Auto Transfer RM (Packaging), Replenish on Order (MTO), Buy"
8149,[RM-HTF-TH-00002] ฉลาก HTF PS ตัวล่าง,"Auto Transfer RM (Packaging), Buy"
8152,[RM-HTF-CN-00002] ฉลาก HTF PS ตัวล่าง จีน,"Auto Transfer RM (Packaging), Buy"
8144,[RM-HTF-MY-00002] ฉลาก HTF PS ตัวล่าง มาเลเซีย,"Auto Transfer RM (Packaging), Buy"
8148,[RM-HTF-DE-00002] ฉลาก HTF PS ตัวล่าง เยอรมัน,"Auto Transfer RM (Packaging), Replenish on Order (MTO), Buy"
8143,[RM-HTF-TH-03001] ฉลาก HTF PSKey ตัวบน,"Auto Transfer RM (Packaging), Buy"
8142,[RM-HTF-TH-03002] ฉลาก HTF PSKey ตัวล่าง,"Auto Transfer RM (Packaging), Buy"
8154,[RM-HTF-XX-02001] ฉลาก HTF Pax-key ตัวบน,"Auto Transfer RM (Packaging), Buy"
8153,[RM-HTF-XX-02002] ฉลาก HTF Pax-key ตัวล่าง,"Auto Transfer RM (Packaging), Buy"
8141,[RM-HTF-TH-01001] ฉลาก HTF PePex ตัวล่าง,"Auto Transfer RM (Packaging), Buy"
8140,[RM-HTF-TH-02001] ฉลาก HTF PePex2IN1พวงกุญแจ ตัวบน,"Auto Transfer RM (Packaging), Buy"
8139,[RM-HTF-TH-02002] ฉลาก HTF PePex2IN1พวงกุญแจ ตัวล่าง,"Auto Transfer RM (Packaging), Buy"
8151,[RM-HTF-TH-04001] ฉลาก HTF พิมเสนสำลี,"Auto Transfer RM (Packaging), Buy"
8155,[PK-SHF-PN-04001] ฉลาก ShrinkFilm Balm 20CC,"Auto Transfer RM (Packaging), Buy"
8159,[PK-SHF-PB-01003] ฉลาก ShrinkFilm กระปุกMarkII,"Auto Transfer RM (Packaging), Buy"
8161,[PK-SHF-PB-01001] ฉลาก ShrinkFilm กระปุกPS,"Auto Transfer RM (Packaging), Buy"
8160,[PK-SHF-PB-01002] ฉลาก ShrinkFilm กระปุกPePex,"Auto Transfer RM (Packaging), Buy"
8156,[PK-SHF-PN-01001] ฉลาก ShrinkFilm พิมเสนขวดแบน 3cc,"Auto Transfer RM (Packaging), Buy"
8158,[PK-SHF-PN-03005] ฉลาก ShrinkFilm พิมเสนสำลี 8CC,"Auto Transfer RM (Packaging), Buy"
8162,[PK-SHF-PN-03004] ฉลาก ShrinkFilm พิมเสนสำลี 8CC 4โหล,"Auto Transfer RM (Packaging), Buy"
8157,[PK-SHF-PN-01002] ฉลาก ShrinkFilm พิมเสนแก้วแบน 3cc อินโดนีเซีย,"Auto Transfer RM (Packaging), Replenish on Order (MTO), Buy"
8329,[PK-STK-PN-01001] ฉลากสติกเกอร์ น้ำเต้า1936-1.7cm,"Auto Transfer RM (Packaging), Buy"
8336,[PK-STK-PN-02003] ฉลากสติ๊กเกอร์ พิมเสน Roll On 5cc พม่า ,"Auto Transfer RM (Packaging), Replenish on Order (MTO), Buy"
8330,[PK-STK-PN-02002] ฉลากสติ๊กเกอร์ พิมเสน Roll On 5cc ส่งนอก,"Auto Transfer RM (Packaging), Replenish on Order (MTO), Buy"
8335,[PK-STK-PN-02004] ฉลากสติ๊กเกอร์ พิมเสน Roll On 5cc อินโดนีเซีย,"Auto Transfer RM (Packaging), Replenish on Order (MTO), Buy"
8333,[PK-STK-PN-02005] ฉลากสติ๊กเกอร์ พิมเสน Roll On 5cc ไต้หวัน,"Auto Transfer RM (Packaging), Replenish on Order (MTO), Buy"
8334,[PK-STK-PN-02001] ฉลากสติ๊กเกอร์ พิมเสน Roll On 5cc ไทย,"Auto Transfer RM (Packaging), Buy"
8332,[PK-STK-PN-03001] ฉลากสติ๊กเกอร์ พิมเสนสำลี,"Auto Transfer RM (Packaging), Replenish on Order (MTO), Buy"
8337,[PK-STK-PN-03003] ฉลากสติ๊กเกอร์ พิมเสนสำลี พม่า,"Auto Transfer RM (Packaging), Replenish on Order (MTO), Buy"
8126,[PK-STK-PN-03002] ฉลากสติ๊กเกอร์ พิมเสนสำลี อินโดนีเซีย,"Auto Transfer RM (Packaging), Replenish on Order (MTO), Buy"
8331,[PK-STK-PN-01001] ฉลากสติ๊กเกอร์ พิมเสนแก้วแบน 3cc,"Auto Transfer RM (Packaging), Replenish on Order (MTO), Buy"
8338,[PK-STK-BM-01001] ฉลากสติ๊กเกอร์ ยาหม่องพญายอ 22g,"Auto Transfer RM (Packaging), Buy"
8252,[SM-MTS-XX-03001] ชิ้นส่วนยาดม MarkII 3สูตร ตัวบน,"Manufacture (Plastic), Auto Transfer Semi (Pharma), Replenish on Order (MTO)"
8269,[SM-MTS-XX-02001] ชิ้นส่วนยาดม MarkII 3สูตร ตัวบน+ตัวกลาง,"Manufacture (Plastic), Auto Transfer Semi (Pharma), Replenish on Order (MTO)"
8251,[SM-MTS-XX-03002] ชิ้นส่วนยาดม MarkII 3สูตร ตัวล่าง,"Manufacture (Plastic), Auto Transfer Semi (Pharma), Replenish on Order (MTO)"
8328,[SM-MTS-XX-02002] ชิ้นส่วนยาดม MarkII 3สูตร ตัวล่าง+หลอดน้ำ,"Manufacture (Plastic), Auto Transfer Semi (Pharma), Replenish on Order (MTO)"
8255,[SM-PSK-IS-03001] ชิ้นส่วนยาดม MarkII Isarel ตัวบน,"Manufacture (Plastic), Auto Transfer Semi (Pharma), Replenish on Order (MTO)"
8256,[SM-PSK-IS-02001] ชิ้นส่วนยาดม MarkII Isarel ตัวบน+ตัวกลาง,"Manufacture (Plastic), Auto Transfer Semi (Pharma), Replenish on Order (MTO)"
8253,[SM-PSK-IS-03002] ชิ้นส่วนยาดม MarkII Isarel ตัวล่าง,"Auto Transfer Semi (Pharma), Manufacture (Plastic), Replenish on Order (MTO)"
8254,[SM-PSK-IS-02002] ชิ้นส่วนยาดม MarkII Isarel ตัวล่าง+หลอดน้ำ,"Manufacture (Plastic), Auto Transfer Semi (Pharma), Replenish on Order (MTO)"
8261,[SM-MTS-JP-03001] ชิ้นส่วนยาดม MarkII NOSE MINT ตัวบน,"Manufacture (Plastic), Auto Transfer Semi (Pharma), Replenish on Order (MTO)"
8262,[SM-MTS-JP-02001] ชิ้นส่วนยาดม MarkII NOSE MINT ตัวบน+ตัวกลาง,"Auto Transfer Semi (Pharma), Manufacture (Plastic), Replenish on Order (MTO)"
8259,[SM-MTS-JP-03002] ชิ้นส่วนยาดม MarkII NOSE MINT ตัวล่าง,"Manufacture (Plastic), Auto Transfer Semi (Pharma), Replenish on Order (MTO)"
8260,[SM-MTS-JP-02002] ชิ้นส่วนยาดม MarkII NOSE MINT ตัวล่าง+หลอดน้ำ,"Auto Transfer Semi (Pharma), Manufacture (Plastic), Replenish on Order (MTO)"
8265,[SM-MTS-TW-03001] ชิ้นส่วนยาดม MarkII Taiwan ตัวบน,"Manufacture (Plastic), Auto Transfer Semi (Pharma), Replenish on Order (MTO)"
8266,[SM-MTS-TW-02001] ชิ้นส่วนยาดม MarkII Taiwan ตัวบน+ตัวกลาง,"Manufacture (Plastic), Auto Transfer Semi (Pharma), Replenish on Order (MTO)"
8263,[SM-MTS-TW-03002] ชิ้นส่วนยาดม MarkII Taiwan ตัวล่าง,"Auto Transfer Semi (Pharma), Manufacture (Plastic), Replenish on Order (MTO)"
8264,[SM-MTS-TW-02002] ชิ้นส่วนยาดม MarkII Taiwan ตัวล่าง+หลอดน้ำ,"Manufacture (Plastic), Auto Transfer Semi (Pharma), Replenish on Order (MTO)"
8267,[SM-MTS-XX-03003] ชิ้นส่วนยาดม MarkII ตัวบน,"Auto Transfer Semi (Pharma), Manufacture (Plastic)"
8268,[SM-MTS-XX-02003] ชิ้นส่วนยาดม MarkII ตัวบน+ตัวกลาง,"Auto Transfer Semi (Pharma), Manufacture (Plastic)"
8257,[SM-MTS-XX-03004] ชิ้นส่วนยาดม MarkII ตัวล่าง,"Auto Transfer Semi (Pharma), Manufacture (Plastic)"
8258,[SM-MTS-XX-02004] ชิ้นส่วนยาดม MarkII ตัวล่าง+หลอดน้ำ,"Auto Transfer Semi (Pharma), Manufacture (Plastic)"
8271,[SM-PAS-XX-03001] ชิ้นส่วนยาดม PAX 2way ตัวบน,"Manufacture (Plastic), Auto Transfer Semi (Pharma)"
8272,[SM-PAS-XX-02001] ชิ้นส่วนยาดม PAX 2way ตัวบน+ตัวกลาง,"Manufacture (Plastic), Auto Transfer Semi (Pharma)"
8270,[SM-PAS-XX-02002] ชิ้นส่วนยาดม PAX 2way ตัวล่าง+หลอดน้ำ,"Manufacture (Plastic), Auto Transfer Semi (Pharma)"
8275,[SM-PAK-XX-03001] ชิ้นส่วนยาดม PAX 2way-Key ตัวบน,"Auto Transfer Semi (Pharma), Manufacture (Plastic)"
8276,[SM-PAK-XX-02001] ชิ้นส่วนยาดม PAX 2way-Key ตัวบน+ตัวกลาง,"Auto Transfer Semi (Pharma), Manufacture (Plastic)"
8274,[SM-PAK-XX-03002] ชิ้นส่วนยาดม PAX 2way-Key ตัวล่าง,"Manufacture (Plastic), Auto Transfer Semi (Pharma)"
8290,[SM-PSK-TH-03001] ชิ้นส่วนยาดม PS Key ตัวบน,"Auto Transfer Semi (Pharma), Manufacture (Plastic)"
8291,[SM-PSK-TH-02001] ชิ้นส่วนยาดม PS Key ตัวบน+ตัวกลาง,"Manufacture (Plastic), Auto Transfer Semi (Pharma)"
8288,[SM-PSK-TH-03002] ชิ้นส่วนยาดม PS Key ตัวล่าง,"Auto Transfer Semi (Pharma), Manufacture (Plastic)"
8289,[SM-PSK-TH-02002] ชิ้นส่วนยาดม PS Key ตัวล่าง+หลอดน้ำ,"Auto Transfer Semi (Pharma), Manufacture (Plastic)"
8307,[SM-PSS-TH-03001] ชิ้นส่วนยาดม PS ตัวบน,"Manufacture (Plastic), Auto Transfer Semi (Pharma)"
8322,[SM-PSS-CN-03001] ชิ้นส่วนยาดม PS ตัวบน จีน,"Auto Transfer Semi (Pharma), Manufacture (Plastic)"
8321,[SM-PSS-MY-03001] ชิ้นส่วนยาดม PS ตัวบน มาเลเซีย,"Auto Transfer Semi (Pharma), Manufacture (Plastic)"
8323,[SM-PSS-DE-03001] ชิ้นส่วนยาดม PS ตัวบน เยอรมัน,"Manufacture (Plastic), Auto Transfer Semi (Pharma), Replenish on Order (MTO)"
8308,[SM-PSS-TH-02001] ชิ้นส่วนยาดม PS ตัวบน+ตัวกลาง,"Manufacture (Plastic), Auto Transfer Semi (Pharma)"
8325,[SM-PSS-CN-02001] ชิ้นส่วนยาดม PS ตัวบน+ตัวกลาง จีน,"Auto Transfer Semi (Pharma), Manufacture (Plastic)"
8324,[SM-PSS-MY-02001] ชิ้นส่วนยาดม PS ตัวบน+ตัวกลาง มาเลเซีย,"Manufacture (Plastic), Auto Transfer Semi (Pharma)"
8326,[SM-PSS-DE-02001] ชิ้นส่วนยาดม PS ตัวบน+ตัวกลาง เยอรมัน,"Auto Transfer Semi (Pharma), Manufacture (Plastic), Replenish on Order (MTO)"
8305,[SM-PSS-TH-03002] ชิ้นส่วนยาดม PS ตัวล่าง,"Manufacture (Plastic), Auto Transfer Semi (Pharma)"
8315,[SM-PSS-CN-03002] ชิ้นส่วนยาดม PS ตัวล่าง จีน,"Auto Transfer Semi (Pharma), Manufacture (Plastic)"
8314,[SM-PSS-MY-03002] ชิ้นส่วนยาดม PS ตัวล่าง มาเลเซีย,"Manufacture (Plastic), Auto Transfer Semi (Pharma)"
8316,[SM-PSS-DE-03002] ชิ้นส่วนยาดม PS ตัวล่าง เยอรมัน,"Auto Transfer Semi (Pharma), Manufacture (Plastic), Replenish on Order (MTO)"
8306,[SM-PSS-TH-02002] ชิ้นส่วนยาดม PS ตัวล่าง+หลอดน้ำ,"Auto Transfer Semi (Pharma), Manufacture (Plastic)"
8319,[SM-PSS-CN-02002] ชิ้นส่วนยาดม PS ตัวล่าง+หลอดน้ำ จีน,"Auto Transfer Semi (Pharma), Manufacture (Plastic)"
8318,[SM-PSS-MY-02002] ชิ้นส่วนยาดม PS ตัวล่าง+หลอดน้ำ มาเลเซีย,"Auto Transfer Semi (Pharma), Manufacture (Plastic)"
8317,[SM-PSS-DE-02002] ชิ้นส่วนยาดม PS ตัวล่าง+หลอดน้ำ เยอรมัน,"Manufacture (Plastic), Auto Transfer Semi (Pharma), Replenish on Order (MTO)"
8025,[SM-PLS-LO-01001] ชิ้นส่วนยาดม PS ตัวล่างW01,"Manufacture (Plastic), Auto Transfer Semi (Pharma)"
8281,[SM-PPK-TH-03001] ชิ้นส่วนยาดม PePex 2IN1 ตัวบน พวงกุญแจสำเร็จ,"Auto Transfer Semi (Pharma), Manufacture (Plastic)"
8282,[SM-PPK-TH-02001] ชิ้นส่วนยาดม PePex 2IN1 ตัวบน+ตัวกลาง,"Manufacture (Plastic), Auto Transfer Semi (Pharma)"
8279,[SM-PPK-TH-03002] ชิ้นส่วนยาดม PePex 2IN1 ตัวล่าง,"Auto Transfer Semi (Pharma), Manufacture (Plastic)"
8280,[SM-PPK-TH-02002] ชิ้นส่วนยาดม PePex 2IN1 ตัวล่าง+หลอดน้ำ,"Manufacture (Plastic), Auto Transfer Semi (Pharma)"
8286,[SM-PPR-TH-02003] ชิ้นส่วนยาดม PePex แดง ตัวกลาง,"Auto Transfer Semi (Pharma), Manufacture (Plastic)"
8287,[SM-PPR-TH-02001] ชิ้นส่วนยาดม PePex แดง ตัวบน,"Manufacture (Plastic), Auto Transfer Semi (Pharma)"
8024,[SM-PPR-TH-03002] ชิ้นส่วนยาดม PePexแดง ตัวล่าง กึ่งสำเร็จ,"Auto Transfer Semi (Pharma), Manufacture (Plastic)"
8285,[SM-PPR-TH-02002] ชิ้นส่วนยาดม PePexแดง ตัวล่าง สำเร็จ,"Manufacture (Plastic), Auto Transfer Semi (Pharma)"
8017,[SM-PLR-UP-00001] ชิ้นส่วนยาดม ตัวบน หัวมนพวงกุญแจ,"Auto Transfer Semi (Pharma), Manufacture (Plastic)"
8327,[SM-PLS-MI-01001] ชิ้นส่วนยาดมตัวกลางW01,"Manufacture (Plastic), Auto Transfer Semi (Pharma)"
8320,[SM-PLS-MI-02001] ชิ้นส่วนยาดมตัวกลางW02,"Manufacture (Plastic), Auto Transfer Semi (Pharma), Replenish on Order (MTO)"
8031,[SM-PLS-UP-01001] ชิ้นส่วนยาดมตัวบน W01,"Manufacture (Plastic), Auto Transfer Semi (Pharma)"
8032,[SM-PLS-UP-02001] ชิ้นส่วนยาดมตัวบน W02,"Manufacture (Plastic), Auto Transfer Semi (Pharma), Replenish on Order (MTO)"
8023,[SM-PLK-UP-00001] ชิ้นส่วนยาดมตัวบนพวงกุญแจ,"Manufacture (Plastic), Auto Transfer Semi (Pharma)"
8026,[SM-PLS-LO-02001] ชิ้นส่วนยาดมตัวล่างW02,"Manufacture (Plastic), Auto Transfer Semi (Pharma), Replenish on Order (MTO)"
8027,[SM-PLS-PU-01001] ชิ้นส่วนยาดมตัวอุดหลอดน้ำW01,"Manufacture (Plastic), Auto Transfer Semi (Pharma)"
8028,[SM-PLS-PU-02001] ชิ้นส่วนยาดมตัวอุดหลอดน้ำW02,"Manufacture (Plastic), Auto Transfer Semi (Pharma), Replenish on Order (MTO)"
8029,[SM-PLS-TU-01001] ชิ้นส่วนยาดมหลอดน้ำW01,"Manufacture (Plastic), Auto Transfer Semi (Pharma)"
8030,[SM-PLS-TU-02001] ชิ้นส่วนยาดมหลอดน้ำW02,"Auto Transfer Semi (Pharma), Manufacture (Plastic), Replenish on Order (MTO)"
8292,[SM-JOI-PK-01001] ตัวต่อสี W01 ชมพู,"Manufacture (Plastic), Auto Transfer Semi (Pharma)"
8293,[SM-JOI-PK-01002] ตัวต่อสี W01 ชมพูสะท้อนแสง,"Manufacture (Plastic), Auto Transfer Semi (Pharma)"
8294,[SM-JOI-BU-01001] ตัวต่อสี W01 ฟ้า,"Manufacture (Plastic), Auto Transfer Semi (Pharma)"
8295,[SM-JOI-PP-01001] ตัวต่อสี W01 ม่วง,"Manufacture (Plastic), Auto Transfer Semi (Pharma)"
8296,[SM-JOI-GR-02001] ตัวต่อสี W01 เขียว,"Manufacture (Plastic), Auto Transfer Semi (Pharma)"
8297,[SM-JOI-YW-01001] ตัวต่อสี W01 เหลือง,"Manufacture (Plastic), Auto Transfer Semi (Pharma)"
8298,[SM-JOI-PK-02001] ตัวต่อสี W02 ชมพู,"Manufacture (Plastic), Auto Transfer Semi (Pharma)"
8299,[SM-JOI-PK-02002] ตัวต่อสี W02 ชมพูสะท้อนแสง,"Manufacture (Plastic), Auto Transfer Semi (Pharma)"
8300,[SM-JOI-BU-02001] ตัวต่อสี W02 ฟ้า,"Manufacture (Plastic), Auto Transfer Semi (Pharma)"
8301,[SM-JOI-PP-02001] ตัวต่อสี W02 ม่วง,"Manufacture (Plastic), Auto Transfer Semi (Pharma)"
8302,[SM-JOI-GN-01001] ตัวต่อสี W02 เขียว,"Manufacture (Plastic), Auto Transfer Semi (Pharma)"
8303,[SM-JOI-YW-02001] ตัวต่อสี W02 เหลือง,"Manufacture (Plastic), Auto Transfer Semi (Pharma)"
8283,[SM-JOI-RE-02001] ตัวต่อสี W02 แดง,"Manufacture (Plastic), Auto Transfer Semi (Pharma)"
8968,ถังเหล็ก,Buy
8171,[PK-BOX-PN-01001] ถาดพิมเสนขวดแบน 1โหล,"Auto Transfer RM (Packaging), Buy"
8173,[PK-BOX-PN-01002] ถาดพิมเสนขวดแบน 1โหล อินโดนีเซีย,"Auto Transfer RM (Packaging), Replenish on Order (MTO), Buy"
8172,[PK-BOX-PN-03001] ถาดพิมเสนสำลี 1โหล,"Auto Transfer RM (Packaging), Replenish on Order (MTO), Buy"
8170,[PK-BOX-PN-03002] ถาดพิมเสนสำลี 1โหล อินโดนีเซีย,"Auto Transfer RM (Packaging), Replenish on Order (MTO), Buy"
8174,[PK-BOX-PS-04001] ถาดใส่แผงยาดม PePex2IN1 พวงกุญแจ,"Auto Transfer RM (Packaging), Buy"
8175,[PK-BAG-PS-01004] ถุง PP ใส 9x14 บรรจุ 100 หลอด,"Auto Transfer RM (Packaging), Replenish on Order (MTO), Buy"
8176,[PK-BAG-PS-01003] ถุง PP ใส่กระปุก PS 1ใบ 4.5x13x.08,"Auto Transfer RM (Packaging), Buy"
8177,[PK-BAG-PS-01002] ถุง PP ใส่กระปุก PS 5ใบ,"Auto Transfer RM (Packaging), Buy"
8003,[PK-SHF-PS-01004] ถุงยาดม PePex 1โหล แม็คโคร (115x340),"Auto Transfer RM (Packaging), Buy"
8178,[PK-BAG-PS-01001] ถุงหิ้ว PS,"Auto Transfer RM (Packaging), Buy"
8179,[MK-SHR-PS-01002] ทีเชิ้ต โป๊ยเซียน(T-Shirt),Buy
8180,[900069] ที่ดิน,Buy
8993,ท่อ,Buy
8763,[00532] น้ำมันระกำ,"Auto Transfer RM (Pharma), Buy"
8769,[00798] น้ำมันเปปเปอร์มิ้นท์,"Auto Transfer RM (Pharma), Buy"
8181,[SO-MTS-XX-01001] น้ำยา Mark II Solution,"Manufacture (Pharma), Auto Transfer Semi (Pharma), Replenish on Order (MTO)"
8674,น้ำยา Mark II Solution (A),"Auto Transfer RM (Pharma), Buy"
8694,น้ำยา Mark II Solution (B),"Auto Transfer RM (Pharma), Buy"
8692,น้ำยา Mark II Solution (C),"Auto Transfer RM (Pharma), Buy"
8697,น้ำยา Mark II Solution (D),"Auto Transfer RM (Pharma), Buy"
8184,[SO-PSS-UP-01001] น้ำยา PS Inhaler,"Manufacture (Pharma), Auto Transfer Semi (Pharma), Auto Transfer MTS (Pharma), Replenish on Order (MTO)"
8185,[SO-PSS-LO-01001] น้ำยา PS Solution,"Manufacture (Pharma), Auto Transfer Semi (Pharma), Auto Transfer MTS (Pharma), Replenish on Order (MTO)"
8186,[SO-PAS-XX-01002] น้ำยา Pax,"Manufacture (Pharma), Auto Transfer Semi (Pharma), Replenish on Order (MTO)"
8187,[SO-PAS-XX-01001] น้ำยา PaxNox,"Manufacture (Pharma), Auto Transfer Semi (Pharma), Replenish on Order (MTO)"
8183,[SO-PPR-UP-01001] น้ำยา PePex Inhaler,"Manufacture (Pharma), Auto Transfer Semi (Pharma)"
8678,น้ำยา PePex Inhaler (A),"Auto Transfer RM (Pharma), Buy"
8679,น้ำยา PePex Inhaler (B),"Auto Transfer RM (Pharma), Buy"
8680,น้ำยา PePex Inhaler (C),"Auto Transfer RM (Pharma), Buy"
8681,น้ำยา PePex Inhaler (D),"Auto Transfer RM (Pharma), Buy"
8182,[SO-PPS-LO-01001] น้ำยา PePex2in1 Solution,"Manufacture (Pharma), Auto Transfer Semi (Pharma)"
8691,น้ำยา PePex2in1 Solution (A),"Auto Transfer RM (Pharma), Buy"
8693,น้ำยา PePex2in1 Solution (B),"Auto Transfer RM (Pharma), Buy"
8682,น้ำยา PePex2in1 Solution (C),"Auto Transfer RM (Pharma), Buy"
8683,น้ำยา PePex2in1 Solution (D),"Auto Transfer RM (Pharma), Buy"
8188,[SO-PNS-XX-01001] น้ำยา PimSaen,"Manufacture (Pharma), Auto Transfer Semi (Pharma)"
9035,น้ำยาInhaler,Buy
9036,น้ำยาInhaler PS,Buy
9033,น้ำยาPS,Buy
9034,น้ำยาPS Inhaler,Buy
8675,น้ำยาสำหรับผลิต PAX (A),"Auto Transfer RM (Pharma), Buy"
8676,น้ำยาสำหรับผลิต PAX (B),"Auto Transfer RM (Pharma), Buy"
8698,น้ำยาสำหรับผลิต PAX (C),"Auto Transfer RM (Pharma), Buy"
8677,น้ำยาสำหรับผลิต PAX (D),"Auto Transfer RM (Pharma), Buy"
8647,น้ำยาสำหรับผลิต PimSaen (A),"Auto Transfer RM (Pharma), Buy"
8702,น้ำยาสำหรับผลิต PimSaen (B),"Auto Transfer RM (Pharma), Buy"
8695,น้ำยาสำหรับผลิต PimSaen (C),"Auto Transfer RM (Pharma), Buy"
8643,น้ำยาสำหรับผลิต Ps Inhaler (A),"Auto Transfer RM (Pharma), Buy"
8644,น้ำยาสำหรับผลิต Ps Inhaler (B),"Auto Transfer RM (Pharma), Buy"
8645,น้ำยาสำหรับผลิต Ps Inhaler (C),"Auto Transfer RM (Pharma), Buy"
8646,น้ำยาสำหรับผลิต Ps Inhaler (D),"Auto Transfer RM (Pharma), Buy"
8640,น้ำยาสำหรับผลิต Ps Solution (A),"Auto Transfer RM (Pharma), Buy"
8641,น้ำยาสำหรับผลิต Ps Solution (B),"Auto Transfer RM (Pharma), Buy"
8642,น้ำยาสำหรับผลิต Ps Solution (C),"Auto Transfer RM (Pharma), Buy"
8639,น้ำยาสำหรับผลิต Ps Solution (D),"Auto Transfer RM (Pharma), Buy"
9021,[900045] บัญชีพักจากการจำหน่ายสินทรัพย์,Buy
8772,[900079] ผลต่างราคา,Buy
8169,[PK-BOT-AC-02001] ฝา Balm 20cc,"Auto Transfer RM (Packaging), Buy"
8313,[SM-PNC-PB-01002] ฝากระปุกพิมเสนน้ำ 4 โหล,"Auto Transfer Semi (Pharma), Manufacture (Plastic)"
8310,[SM-PNC-CA-02001] ฝาพิมเสนน้ำสำลี W01,"Manufacture (Plastic), Auto Transfer Semi (Pharma), Replenish on Order (MTO)"
8022,[SM-PNF-CA-02001] ฝาเขียวแก้วแบน 3CC กึ่งสำเร็จ,"Manufacture (Plastic), Auto Transfer Semi (Pharma)"
8309,[SM-PNF-CA-01001] ฝาเขียวแก้วแบน 3CC สำเร็จ,"Manufacture (Plastic), Auto Transfer Semi (Pharma)"
8192,[PK-KEY-PS-01001] พวงกุญแจ ห่วงโซ่ + วงกลม,"Auto Transfer RM (Packaging), Buy"
8684,พวงกุญแจห่วงโซ่สามเหลี่ยม,Buy
8764,[00533] พิมเสน (กล่อง) Borneol,"Auto Transfer RM (Pharma), Buy"
7964,[PK-BOX-PN-00001] พิมเสน PS card,"Auto Transfer RM (Packaging), Buy"
7975,[FG-PNF-TH-01002] พิมเสน แก้วแบน 3cc (12x1) 20U,Manufacture (Pharma)
8620,[FG-PNF-TH-02001] พิมเสน แก้วแบน 3cc 1โหล,Manufacture (Pharma)
8540,[FG-PNF-XX-02001] พิมเสน แก้วแบน 3cc 1โหล ตปท,"Manufacture (Pharma), Replenish on Order (MTO)"
8527,[FG-PNF-ID-02001] พิมเสน แก้วแบน 3cc 1โหล อินโดนีเซีย,"Manufacture (Pharma), Replenish on Order (MTO)"
8621,[FG-PNF-TH-03001] พิมเสน แก้วแบน 3cc หุ้ม,Manufacture (Pharma)
8541,[FG-PNF-XX-03001] พิมเสน แก้วแบน 3cc หุ้ม ตปท,"Manufacture (Pharma), Replenish on Order (MTO)"
8528,[FG-PNF-ID-03001] พิมเสน แก้วแบน 3cc หุ้ม อินโดนีเซีย,"Manufacture (Pharma), Replenish on Order (MTO)"
8622,[FG-PNF-TH-04001] พิมเสน แก้วแบน 3cc ไม่หุ้ม,Manufacture (Pharma)
8542,[FG-PNF-XX-04001] พิมเสน แก้วแบน 3cc ไม่หุ้ม ตปท,"Manufacture (Pharma), Replenish on Order (MTO)"
8529,[FG-PNF-ID-04001] พิมเสน แก้วแบน 3cc ไม่หุ้ม อินโดนีเซีย,"Manufacture (Pharma), Replenish on Order (MTO)"
8007,[PK-SHF-PN-02002] พิมเสนPS RollOn PVCหุ้มขวด30x75x0.05mm,"Auto Transfer RM (Packaging), Buy"
8200,[PK-SHF-PN-02001] พิมเสนPS RollOn ฟอยด์หด กล่อง 12ขวด,"Auto Transfer RM (Packaging), Buy"
8008,[PK-SHF-PN-01003] พิมเสนPS ขวดแบน 3cc PVCหุ้มฝา ลูกศรสีน้ำเงิน,"Auto Transfer RM (Packaging), Buy"
8193,[PK-SHF-PN-03001] พิมเสนPS ฟอยด์หด,"Auto Transfer RM (Packaging), Replenish on Order (MTO), Buy"
8700,พิมเสนPS ฟอยด์หดกล่อง 1โหล,"Auto Transfer RM (Packaging), Buy"
8201,[PK-SHF-PN-03003] พิมเสนPS ฟอยด์หดกล่อง2 โหล,"Auto Transfer RM (Packaging), Buy"
8202,[PK-SHF-PN-03002] พิมเสนPS ฟอยด์หดถาด 1 โหล,"Auto Transfer RM (Packaging), Replenish on Order (MTO), Buy"
8198,[PK-SHF-PN-01004] พิมเสนPSขวดแก้วแบน3cc ฟอยด์หด,"Auto Transfer RM (Packaging), Buy"
8199,[PK-SHF-PN-03006] พิมเสนPSสำลี ฟอยด์หด 4ขวด 95x100x0.03,"Auto Transfer RM (Packaging), Buy"
8894,พิมเสนน้ำโป๊ยเซียนขวดแก้วแบน 3CC ชั้น (1*1),Buy
8380,[000809] พิมเสนน้ำโป๊ยเซียนสำลี ชิ้น (1*1),Buy
8895,พิมเสนน้ำโป๊ยเซียนโรลออน5cc ชิ้น (1*1),Buy
7984,[FG-PNC-TH-01004] พิมเสนสำลี 8cc (12x1) 30U,Manufacture (Pharma)
8012,[FG-PNC-TH-01005] พิมเสนสำลี 8cc (1x1),Manufacture (Pharma)
7985,[FG-PNC-TH-01001] พิมเสนสำลี 8cc (24x1),Manufacture (Pharma)
7986,[FG-PNC-TH-01003] พิมเสนสำลี 8cc (4x1) 100U,Manufacture (Pharma)
7977,[FG-PNC-XX-01002] พิมเสนสำลี 8cc (6x1) ตปท,"Replenish on Order (MTO), Buy"
8563,[FG-PNC-TH-02002] พิมเสนสำลี 8cc 1โหล,Manufacture (Pharma)
8531,[FG-PNC-XX-02003] พิมเสนสำลี 8cc 1โหล ตปท,"Manufacture (Pharma), Replenish on Order (MTO)"
8534,[FG-PNC-MM-02001] พิมเสนสำลี 8cc 1โหล พม่า,"Manufacture (Pharma), Replenish on Order (MTO)"
8543,[FG-PNC-ID-02001] พิมเสนสำลี 8cc 1โหล อินโดนีเซีย,"Manufacture (Pharma), Replenish on Order (MTO)"
8685,พิมเสนสำลี 8cc 2โหล,Buy
8686,พิมเสนสำลี 8cc 4ขวด,Buy
8530,[FG-PNC-XX-02002] พิมเสนสำลี 8cc ครึ่งโหล ตปท,Replenish on Order (MTO)
8564,[FG-PNC-TH-03001] พิมเสนสำลี 8cc หุ้ม,Manufacture (Pharma)
8532,[FG-PNC-XX-03001] พิมเสนสำลี 8cc หุ้ม ตปท,"Manufacture (Pharma), Replenish on Order (MTO)"
8535,[FG-PNC-MM-03001] พิมเสนสำลี 8cc หุ้ม พม่า,"Manufacture (Pharma), Replenish on Order (MTO)"
8544,[FG-PNC-ID-03001] พิมเสนสำลี 8cc หุ้ม อินโดนีเซีย,"Manufacture (Pharma), Replenish on Order (MTO)"
8565,[FG-PNC-TH-04001] พิมเสนสำลี 8cc ไม่หุ้ม,Manufacture (Pharma)
8533,[FG-PNC-XX-04001] พิมเสนสำลี 8cc ไม่หุ้ม ตปท,"Manufacture (Pharma), Replenish on Order (MTO)"
8536,[FG-PNC-MM-04001] พิมเสนสำลี 8cc ไม่หุ้ม พม่า,"Manufacture (Pharma), Replenish on Order (MTO)"
8545,[FG-PNC-ID-04001] พิมเสนสำลี 8cc ไม่หุ้ม อินโดนีเซีย,"Manufacture (Pharma), Replenish on Order (MTO)"
8835,พิมเสนโป๊ยเซียน ขวดแก้วแบน3cc(12x1),Buy
8834,พิมเสนโป๊ยเซียนสำลี(12x1),Buy
8862,พิมเสนโป๊ยเซียนสำลี(24x1),Buy
8859,พิมเสนโป๊ยเซียนสำลี(4x1)100U,Buy
8832,พิมเสนโป๊ยเซียนโรลออน5cc(12x1),Buy
8863,พิมเสนโป๊ยเซียนโรลออน5cc(24x1),Buy
8857,พิมเสนโป๊ยเซียนโรลออน5cc(6x1)40U,Buy
8382,[FG-PNR-TH-01005] พิมเสนโรลออน 5cc (1*1) ขวดเดี่ยว,Manufacture (Pharma)
8009,[FG-PNR-TH-01004] พิมเสนโรลออน 5cc (1x1) กล่องขาว,Manufacture (Pharma)
7993,[FG-PNR-TH-01002] พิมเสนโรลออน 5cc (24x1),Manufacture (Pharma)
7995,[FG-PNR-TW-01002] พิมเสนโรลออน 5cc (24x1) 50U ไต้หวัน,"Replenish on Order (MTO), Buy"
7992,[FG-PNR-TH-01003] พิมเสนโรลออน 5cc (6x1) 40U,Manufacture (Pharma)
7979,[FG-PNR-XX-01002] พิมเสนโรลออน 5cc (6x1) ตปท,"Buy, Replenish on Order (MTO)"
8624,[FG-PNR-TH-02002] พิมเสนโรลออน 5cc 1โหล,Manufacture (Pharma)
8537,[FG-PNR-XX-02001] พิมเสนโรลออน 5cc 1โหล ตปท,"Manufacture (Pharma), Replenish on Order (MTO)"
8549,[FG-PNR-MM-02001] พิมเสนโรลออน 5cc 1โหล พม่า,"Manufacture (Pharma), Replenish on Order (MTO)"
8546,[FG-PNR-ID-02001] พิมเสนโรลออน 5cc 1โหล อินโดนีเซีย,"Manufacture (Pharma), Replenish on Order (MTO)"
8552,[FG-PNR-TW-02001] พิมเสนโรลออน 5cc 1โหล ไต้หวัน,"Manufacture (Pharma), Replenish on Order (MTO)"
8625,[FG-PNR-TH-02003] พิมเสนโรลออน 5cc 2โหล,Manufacture (Pharma)
8553,[FG-PNR-TW-02002] พิมเสนโรลออน 5cc 2โหล ไต้หวัน,"Manufacture (Pharma), Replenish on Order (MTO)"
8623,[FG-PNR-TH-02001] พิมเสนโรลออน 5cc ครึ่งโหล,Manufacture (Pharma)
8626,[FG-PNR-TH-03001] พิมเสนโรลออน 5cc หุ้ม,Manufacture (Pharma)
8538,[FG-PNR-XX-03001] พิมเสนโรลออน 5cc หุ้ม ตปท,"Manufacture (Pharma), Replenish on Order (MTO)"
8550,[FG-PNR-MM-03001] พิมเสนโรลออน 5cc หุ้ม พม่า,"Manufacture (Pharma), Replenish on Order (MTO)"
8547,[FG-PNR-ID-03001] พิมเสนโรลออน 5cc หุ้ม อินโดนีเซีย,"Manufacture (Pharma), Replenish on Order (MTO)"
8554,[FG-PNR-TW-03001] พิมเสนโรลออน 5cc หุ้ม ไต้หวัน,"Manufacture (Pharma), Replenish on Order (MTO)"
8627,[FG-PNR-TH-04001] พิมเสนโรลออน 5cc ไม่หุ้ม ,Manufacture (Pharma)
8539,[FG-PNR-XX-04001] พิมเสนโรลออน 5cc ไม่หุ้ม ตปท,"Manufacture (Pharma), Replenish on Order (MTO)"
8551,[FG-PNR-MM-04001] พิมเสนโรลออน 5cc ไม่หุ้ม พม่า,"Manufacture (Pharma), Replenish on Order (MTO)"
8548,[FG-PNR-ID-04001] พิมเสนโรลออน 5cc ไม่หุ้ม อินโดนีเซีย,"Manufacture (Pharma), Replenish on Order (MTO)"
8555,[FG-PNR-TW-04001] พิมเสนโรลออน 5cc ไม่หุ้ม ไต้หวัน,"Manufacture (Pharma), Replenish on Order (MTO)"
8304,[SM-BLS-FO-00005] ฟอยด์ยาดม PS,"Auto Transfer Semi (Pharma), Manufacture (Plastic), Replenish on Order (MTO)"
8284,[SM-BLS-FO-00003] ฟอยด์ยาดม PePex,"Manufacture (Plastic), Auto Transfer Semi (Pharma)"
8006,"[PK-SHF-HG-01001] ฟอยด์หด PVC""18x13.5""หดไม้แขวนเสื้อ","Auto Transfer RM (Packaging), Buy"
8067,[PK-SHF-PS-01005] ฟอยด์หดยาดม Pax2way key ลัง 5โหล 410x273x0.03,"Auto Transfer RM (Packaging), Buy"
8018,[SM-BLS-FO-00001] ฟอยล์ยาดม PAX 2way-Key,"Auto Transfer Semi (Pharma), Manufacture (Plastic)"
8278,[SM-BLS-FO-00004] ฟอยล์ยาดม PePex2IN1 พวงกุญแจ,"Manufacture (Plastic), Auto Transfer Semi (Pharma)"
8891,ยาดม Mark II (10x6)5dz,Buy
7968,[FG-MTS-XX-01002] ยาดม Mark II (1x6) แผง,"Replenish on Order (MTO), Buy"
8890,ยาดม Mark II NOSE MINT (1x1),Buy
8510,[FG-MTS-XX-02001] ยาดม Mark II กล่อง 5 โหล (หุ้ม),"Manufacture (Pharma), Replenish on Order (MTO)"
8525,[FG-MTS-GH-02001] ยาดม Mark II กล่อง 5 โหล กาน่า(หุ้ม),"Manufacture (Pharma), Replenish on Order (MTO)"
8518,[FG-MTS-JP-02001] ยาดม Mark II ญี่ปุ่น,"Manufacture (Pharma), Replenish on Order (MTO)"
8514,[FG-MTS-XX-04003] ยาดม Mark II สีชมพู,"Manufacture (Pharma), Replenish on Order (MTO)"
8512,[FG-MTS-XX-04001] ยาดม Mark II สีชมพูสะท้อนแสง,"Manufacture (Pharma), Replenish on Order (MTO)"
8515,[FG-MTS-XX-04004] ยาดม Mark II สีฟ้า,"Manufacture (Pharma), Replenish on Order (MTO)"
8513,[FG-MTS-XX-04002] ยาดม Mark II สีม่วง,"Manufacture (Pharma), Replenish on Order (MTO)"
8517,[FG-MTS-XX-04006] ยาดม Mark II สีเขียว,"Manufacture (Pharma), Replenish on Order (MTO)"
8516,[FG-MTS-XX-04005] ยาดม Mark II สีเหลือง,"Manufacture (Pharma), Replenish on Order (MTO)"
8509,[FG-MTK-IL-04001] ยาดม Mark II อิสราเอล,"Manufacture (Pharma), Replenish on Order (MTO)"
8508,[FG-MTK-IL-03001] ยาดม Mark II อิสราเอล + พวงกุญแจ,"Manufacture (Pharma), Replenish on Order (MTO)"
8507,[FG-MTK-IL-02001] ยาดม Mark II อิสราเอล 1 กล่อง,"Manufacture (Pharma), Replenish on Order (MTO)"
8511,[FG-MTS-XX-03001] ยาดม Mark II แผง,"Manufacture (Pharma), Replenish on Order (MTO)"
8526,[FG-MTS-GH-03001] ยาดม Mark II แผง กาน่า,"Manufacture (Pharma), Replenish on Order (MTO)"
8521,[FG-MTS-TW-02003] ยาดม Mark II ไต้หวัน สีชมพู,"Manufacture (Pharma), Replenish on Order (MTO)"
8519,[FG-MTS-TW-02001] ยาดม Mark II ไต้หวัน สีชมพูสะท้อนแสง,"Manufacture (Pharma), Replenish on Order (MTO)"
8522,[FG-MTS-TW-02004] ยาดม Mark II ไต้หวัน สีฟ้า,"Manufacture (Pharma), Replenish on Order (MTO)"
8520,[FG-MTS-TW-02002] ยาดม Mark II ไต้หวัน สีม่วง,"Manufacture (Pharma), Replenish on Order (MTO)"
8524,[FG-MTS-TW-02006] ยาดม Mark II ไต้หวัน สีเขียว,"Manufacture (Pharma), Replenish on Order (MTO)"
8523,[FG-MTS-TW-02005] ยาดม Mark II ไต้หวัน สีเหลือง,"Manufacture (Pharma), Replenish on Order (MTO)"
8619,[FG-PAS-XX-04001] ยาดม PAX,"Manufacture (Pharma), Replenish on Order (MTO)"
8617,[FG-PAS-XX-02001] ยาดม PAX กล่อง 5โหล,"Manufacture (Pharma), Replenish on Order (MTO)"
8618,[FG-PAS-XX-03001] ยาดม PAX แผง,"Manufacture (Pharma), Replenish on Order (MTO)"
8616,[FG-PAK-XX-05001] ยาดม PAX-Key ,"Manufacture (Pharma), Replenish on Order (MTO)"
8613,[FG-PAK-XX-02001] ยาดม PAX-Key กล่อง 5โหล,"Manufacture (Pharma), Replenish on Order (MTO)"
8614,[FG-PAK-XX-03001] ยาดม PAX-Key แผง,"Manufacture (Pharma), Replenish on Order (MTO)"
8699,ยาดม Pax2way-Key,Buy
8687,ยาดม Pax2way-Key สำเร็จ,Buy
8238,[FG-PAK-XX-01002] ยาดมPax2WKB(1x6),"Manufacture (Pharma), Replenish on Order (MTO)"
8590,[FG-PPK-TH-05001] ยาดมพีเป๊กซ์ 2in1,Manufacture (Pharma)
8195,[FG-PPK-TH-01001] ยาดมพีเป๊กซ์ 2in1 (1*1),Buy
8209,[FG-PPK-TH-01003] ยาดมพีเป๊กซ์ 2in1 (6x1) 18โหล,Manufacture (Pharma)
8587,[FG-PPK-TH-02001] ยาดมพีเป๊กซ์ 2in1 1ถาด,Manufacture (Pharma)
8588,[FG-PPK-TH-03001] ยาดมพีเป๊กซ์ 2in1 1แผง,Manufacture (Pharma)
8589,[FG-PPK-TH-04001] ยาดมพีเป๊กซ์ 2in1+พวงกุญแจ,Manufacture (Pharma)
8897,ยาดมพีเป๊กซ์ สีแดง ชิ้น(1*1),Buy
8852,ยาดมพีเป๊กซ์ สีแดง แผง(1x6),Buy
8836,ยาดมพีเป๊กซ์ สีแดง(10x6)5dz,Buy
8861,ยาดมพีเป๊กซ์ สีแดง(2x6)30U,Buy
8579,[FG-PPR-TH-04001] ยาดมพีเป๊กซ์แดง,Manufacture (Pharma)
8196,[FG-PPR-TH-01005] ยาดมพีเป๊กซ์แดง (1*1) หลอดเดี่ยว,Buy
8010,[FG-PPR-TH-01004] ยาดมพีเป๊กซ์แดง (1x1) 6ชิ้น กล่องขาว,Manufacture (Pharma)
8210,[FG-PPR-TH-01001] ยาดมพีเป๊กซ์แดง (1x6) แผง,Manufacture (Pharma)
8212,[FG-PPR-TH-01003] ยาดมพีเป๊กซ์แดง (2x6) 30โหล,Manufacture (Pharma)
8576,[FG-PPR-TH-02001] ยาดมพีเป๊กซ์แดง กล่อง 5 โหล (หุ้ม),Manufacture (Pharma)
8577,[FG-PPR-TH-02002] ยาดมพีเป๊กซ์แดง กล่อง 5 โหล (ไม่หุ้ม),Manufacture (Pharma)
8578,[FG-PPR-TH-03001] ยาดมพีเป๊กซ์แดงแผง,Manufacture (Pharma)
8379,[FG-PSS-TH-01006] ยาดมโป๊ยเซียน (1*1) หลอดเดี่ยว,"Manufacture (Pharma), Replenish on Order (MTO)"
8213,[FG-PSS-TH-01008] ยาดมโป๊ยเซียน (10x6) 14กล่อง,"Manufacture (Pharma), Replenish on Order (MTO)"
8214,[FG-PSS-TH-01007] ยาดมโป๊ยเซียน (10x6) 50+20โหล,"Manufacture (Pharma), Replenish on Order (MTO)"
8225,[FG-PSS-CN-01001] ยาดมโป๊ยเซียน (10x6) 5โหล จีน,"Replenish on Order (MTO), Buy"
8011,[FG-PSS-TH-02005] ยาดมโป๊ยเซียน (1x1) 6ชิ้น กล่องขาว,"Manufacture (Pharma), Replenish on Order (MTO)"
8223,[FG-PSS-TH-01001] ยาดมโป๊ยเซียน (1x6) แผง,"Manufacture (Pharma), Replenish on Order (MTO)"
8233,[FG-PSS-CN-01002] ยาดมโป๊ยเซียน (1x6) แผง จีน,"Replenish on Order (MTO), Buy"
8216,[FG-PSS-TH-01003] ยาดมโป๊ยเซียน (2x6) 70โหล ลังยาว,"Manufacture (Pharma), Replenish on Order (MTO)"
8217,[FG-PSS-TH-01004] ยาดมโป๊ยเซียน (4x6) 100โหล 7-11,"Manufacture (Pharma), Replenish on Order (MTO)"
8230,[FG-PSS-TH-01006] ยาดมโป๊ยเซียน (4x6) 100โหล KP,"Manufacture (Pharma), Replenish on Order (MTO)"
8603,[FG-PSS-MM-02001] ยาดมโป๊ยเซียน 5โหล พม่า,"Manufacture (Pharma), Replenish on Order (MTO)"
8595,[FG-PSS-MY-02001] ยาดมโป๊ยเซียน 5โหล มาเลเซีย,"Manufacture (Pharma), Replenish on Order (MTO)"
8605,[FG-PSS-DE-02001] ยาดมโป๊ยเซียน 5โหล เยอรมัน,"Manufacture (Pharma), Replenish on Order (MTO)"
8896,ยาดมโป๊ยเซียน ชิ้น (1*1),Buy
8604,[FG-PSS-MM-03002] ยาดมโป๊ยเซียน แผง พม่า,"Manufacture (Pharma), Replenish on Order (MTO)"
8596,[FG-PSS-MY-03001] ยาดมโป๊ยเซียน แผง มาเลเซีย,"Manufacture (Pharma), Replenish on Order (MTO)"
8606,[FG-PSS-DE-03001] ยาดมโป๊ยเซียน แผง เยอรมัน,"Manufacture (Pharma), Replenish on Order (MTO)"
8830,ยาดมโป๊ยเซียน แผง(1x6),Buy
8228,[FG-PSS-LA-01001] ยาดมโป๊ยเซียน(10x6) 5โหล ลาว,"Manufacture (Pharma), Replenish on Order (MTO)"
8833,ยาดมโป๊ยเซียน(10x6)16กล่อง 80dz,Buy
8829,ยาดมโป๊ยเซียน(10x6)5dz,Buy
8892,ยาดมโป๊ยเซียน(10x6)5dz แผงมาเลเซีย,Buy
8860,ยาดมโป๊ยเซียน(2x6)70dz,Buy
8858,ยาดมโป๊ยเซียน(4x6)100dz,Buy
8593,[FG-PSS-TH-02003] ยาดมโป๊ยเซียนกล่อง 2 โหล หุ้ม,"Manufacture (Pharma), Replenish on Order (MTO)"
8592,[FG-PSS-TH-02002] ยาดมโป๊ยเซียนกล่อง 2 โหล ไม่หุ้ม,"Manufacture (Pharma), Replenish on Order (MTO)"
8591,[FG-PSS-TH-02001] ยาดมโป๊ยเซียนกล่อง 5 โหล ,"Manufacture (Pharma), Replenish on Order (MTO)"
8559,[FG-PSS-TH-04003] ยาดมโป๊ยเซียนชมพู,"Manufacture (Pharma), Replenish on Order (MTO)"
8599,[FG-PSS-MY-04003] ยาดมโป๊ยเซียนชมพู มาเลเซีย,"Manufacture (Pharma), Replenish on Order (MTO)"
8609,[FG-PSS-DE-04003] ยาดมโป๊ยเซียนชมพู เยอรมัน,"Manufacture (Pharma), Replenish on Order (MTO)"
8557,[FG-PSS-TH-04001] ยาดมโป๊ยเซียนชมพูสะท้อนแสง,"Manufacture (Pharma), Replenish on Order (MTO)"
8594,[FG-PSS-TH-02004] ยาดมโป๊ยเซียนถุงโหล,"Manufacture (Pharma), Replenish on Order (MTO)"
8206,[FG-PSK-TH-01001] ยาดมโป๊ยเซียนพวงกุญแจ (1x1),Manufacture (Pharma)
8580,[FG-PSK-TH-02001] ยาดมโป๊ยเซียนพวงกุญแจ กล่อง 5โหล,Manufacture (Pharma)
8583,[FG-PSK-TH-03003] ยาดมโป๊ยเซียนพวงกุญแจ สีชมพู,Manufacture (Pharma)
8581,[FG-PSK-TH-03001] ยาดมโป๊ยเซียนพวงกุญแจ สีชมพูสะท้อนแสง,Manufacture (Pharma)
8584,[FG-PSK-TH-03004] ยาดมโป๊ยเซียนพวงกุญแจ สีฟ้า,Manufacture (Pharma)
8582,[FG-PSK-TH-03002] ยาดมโป๊ยเซียนพวงกุญแจ สีม่วง,Manufacture (Pharma)
8586,[FG-PSK-TH-03006] ยาดมโป๊ยเซียนพวงกุญแจ สีเขียว,Manufacture (Pharma)
8585,[FG-PSK-TH-03005] ยาดมโป๊ยเซียนพวงกุญแจ สีเหลือง,Manufacture (Pharma)
8560,[FG-PSS-TH-04004] ยาดมโป๊ยเซียนฟ้า,"Manufacture (Pharma), Replenish on Order (MTO)"
8600,[FG-PSS-MY-04004] ยาดมโป๊ยเซียนฟ้า มาเลเซีย,"Manufacture (Pharma), Replenish on Order (MTO)"
8610,[FG-PSS-DE-04004] ยาดมโป๊ยเซียนฟ้า เยอรมัน,"Manufacture (Pharma), Replenish on Order (MTO)"
8558,[FG-PSS-TH-04002] ยาดมโป๊ยเซียนม่วง,"Manufacture (Pharma), Replenish on Order (MTO)"
8597,[FG-PSS-MY-04001] ยาดมโป๊ยเซียนสีชมพูสะท้อนแสง มาเลเซีย,"Manufacture (Pharma), Replenish on Order (MTO)"
8607,[FG-PSS-DE-04001] ยาดมโป๊ยเซียนสีชมพูสะท้อนแสง เยอรมัน,"Manufacture (Pharma), Replenish on Order (MTO)"
8598,[FG-PSS-MY-04002] ยาดมโป๊ยเซียนสีม่วง มาเลเซีย,"Manufacture (Pharma), Replenish on Order (MTO)"
8608,[FG-PSS-DE-04002] ยาดมโป๊ยเซียนสีม่วง เยอรมัน,"Manufacture (Pharma), Replenish on Order (MTO)"
8562,[FG-PSS-TH-04006] ยาดมโป๊ยเซียนเขียว,"Manufacture (Pharma), Replenish on Order (MTO)"
8602,[FG-PSS-MY-04006] ยาดมโป๊ยเซียนเขียว มาเลเซีย,"Manufacture (Pharma), Replenish on Order (MTO)"
8612,[FG-PSS-DE-04006] ยาดมโป๊ยเซียนเขียว เยอรมัน,"Manufacture (Pharma), Replenish on Order (MTO)"
8561,[FG-PSS-TH-04005] ยาดมโป๊ยเซียนเหลือง,"Manufacture (Pharma), Replenish on Order (MTO)"
8601,[FG-PSS-MY-04005] ยาดมโป๊ยเซียนเหลือง มาเลเซีย,"Manufacture (Pharma), Replenish on Order (MTO)"
8611,[FG-PSS-DE-04005] ยาดมโป๊ยเซียนเหลือง เยอรมัน,"Manufacture (Pharma), Replenish on Order (MTO)"
8556,[FG-PSS-TH-03001] ยาดมโป๊ยเซียนแผง,"Manufacture (Pharma), Replenish on Order (MTO)"
8688,ยาดมโป๊ยเซียนแผง (พวงกุญแจ),Buy
8240,[900075] ยานพาหนะ,Buy
8241,[FG-XXX-XX-0] ยาหม่อง PS พญายอ 22g (1x1),Buy
8770,[00854] ยูคาลิปตัส Eucalyptus-New,"Auto Transfer RM (Pharma), Buy"
8636,รถยนต์,Buy
8879,รายได้รับล่วงหน้า,Buy
8994,[900046] รายได้อื่นๆ,Buy
8245,[MK-UMB-PS-00001] ร่มPS,Buy
8246,[MK-UMB-PS-00002] ร่มPS 36 นิ้ว,Buy
8247,[MK-UMB-MT-00001] ร่มPS 45 นิ้ว,Buy
7962,[PK-CAR-PN-04001] ลัง Balm 9โหล,"Auto Transfer RM (Packaging), Buy"
8056,[PK-CAR-PN-02002] ลังพิมเสน RollOn (6x1) 40แพ็ค 17x29x18,"Auto Transfer RM (Packaging), Buy"
8057,[PK-CAR-PN-02004] ลังพิมเสน RollOn 100โหล 23x42x37,"Auto Transfer RM (Packaging), Replenish on Order (MTO), Buy"
8061,[PK-CAR-PN-02005] ลังพิมเสน RollOn 120โหล 29x51x42,"Auto Transfer RM (Packaging), Buy"
8041,[PK-CAR-PN-02003] ลังพิมเสน RollOn 20โหล 17x29x18,"Auto Transfer RM (Packaging), Buy"
8055,[PK-CAR-PN-02001] ลังพิมเสน RollOn 4X20,"Auto Transfer RM (Packaging), Buy"
8194,[PK-CAR-PN-03001] ลังพิมเสนสำลี  24โหล,"Auto Transfer RM (Packaging), Buy"
8058,[PK-CAR-PN-03003] ลังพิมเสนสำลี (4x1) 100unit ,"Auto Transfer RM (Packaging), Buy"
8696,ลังพิมเสนสำลี 100โหล,"Auto Transfer RM (Packaging), Buy"
8066,[PK-CAR-PN-03002] ลังพิมเสนสำลี 30โหล 25x26.5x19,"Auto Transfer RM (Packaging), Replenish on Order (MTO), Buy"
8080,[PK-CAR-PN-01001] ลังพิมเสนแก้วแบน3cc (2x36) 2โหล ,"Auto Transfer RM (Packaging), Buy"
8040,[PK-CAR-PN-01002] ลังพิมเสนแก้วแบน3cc 20โหล,"Auto Transfer RM (Packaging), Buy"
8046,[PK-CAR-PN-01003] ลังพิมเสนแก้วแบน3cc 36โหล,"Auto Transfer RM (Packaging), Buy"
8036,[PK-CAR-PS-01016] ลังยาดม PS 100โหล 31x39x58,"Auto Transfer RM (Packaging), Buy"
8060,[PK-CAR-PS-01015] ลังยาดม PS 100โหล เซเว่น 31x48x52,"Auto Transfer RM (Packaging), Manufacture (Pharma), Buy"
8038,[PK-CAR-PS-01014] ลังยาดม PS 14โหล 31x30x13,"Auto Transfer RM (Packaging), Buy"
8043,[PK-CAR-PS-01013] ลังยาดม PS 200แผง 31x39x58,"Auto Transfer RM (Packaging), Buy"
8042,[PK-CAR-PS-01012] ลังยาดม PS 20โหล 31x39x15,"Auto Transfer RM (Packaging), Buy"
8045,[PK-CAR-PS-01011] ลังยาดม PS 28โหล 31x30x22,"Auto Transfer RM (Packaging), Buy"
8081,[PK-CAR-PS-01010] ลังยาดม PS 40 โหล,"Auto Transfer RM (Packaging), Buy"
8047,[PK-CAR-PS-01009] ลังยาดม PS 40โหล 31x42x27,"Auto Transfer RM (Packaging), Buy"
8082,[PK-CAR-PS-01008] ลังยาดม PS 60 โหล,"Auto Transfer RM (Packaging), Buy"
8053,[PK-CAR-PS-01006] ลังยาดม PS 70โหล 31x39x43,"Auto Transfer RM (Packaging), Manufacture (Pharma), Replenish on Order (MTO)"
8073,[PK-CAR-PS-01005] ลังยาดม PS 70โหล 31x39x43 ขาว,"Auto Transfer RM (Packaging), Manufacture (Pharma), Replenish on Order (MTO)"
8074,[PK-CAR-PS-01004] ลังยาดม PS 70โหล แมคโคร 31x39x65,"Auto Transfer RM (Packaging), Buy"
8221,[PK-CAR-PS-01003] ลังยาดม PS 80โหล สีขาว,"Auto Transfer RM (Packaging), Buy"
8059,[PK-CAR-PS-04001] ลังยาดม Pax2way key 100โหล 31x66.5x55.5,"Auto Transfer RM (Packaging), Buy"
8072,[PK-CAR-PS-03002] ลังยาดม PePex สีแดง 60โหล 31x38x39,"Auto Transfer RM (Packaging), Buy"
8063,[PK-CAR-PS-03001] ลังยาดม PePex2IN1 พวงกุญแจ 18โหล 31x39x58,"Auto Transfer RM (Packaging), Buy"
8076,[PK-CAR-PS-02003] ลังลูกฟูก 24ลัง อิสราเอล 35x41x15,"Auto Transfer RM (Packaging), Replenish on Order (MTO), Buy"
8249,[PK-CAR-PS-02002] ลังลูกฟูก 5 ชั้น 100โหล ตปท 31x39x58,"Auto Transfer RM (Packaging), Replenish on Order (MTO), Buy"
8078,[PK-CAR-PS-02001] ลังลูกฟูก 5 ชั้น 100โหล สีครีมส่งนอก 31x39x58,"Auto Transfer RM (Packaging), Replenish on Order (MTO), Buy"
8079,[PK-CAR-PS-01001] ลังอเนกประสงค์ PS 16x29.5x18,"Auto Transfer RM (Packaging), Buy"
8339,[RM-COT-PN-01001] สำลี,"Auto Transfer RM (Packaging), Replenish on Order (MTO), Buy"
8340,[MK-PRE-XX-00001] สินค้า premium,Buy
8341,[RM-MBS-WH-00001] สีผสมพลาสติก สีขาว,"Auto Transfer RM (Plastic), Buy"
8342,[RM-MBS-PK-00001] สีผสมพลาสติก สีชมพูสะท้อนแสง,"Auto Transfer RM (Plastic), Buy"
8343,[RM-MBS-PK-00002] สีผสมพลาสติก สีชมพูเข้ม,"Auto Transfer RM (Plastic), Buy"
8344,[RM-MBS-BU-00001] สีผสมพลาสติก สีน้ำเงิน,"Auto Transfer RM (Plastic), Buy"
8345,[RM-MBS-VL-00001] สีผสมพลาสติก สีม่วง,"Auto Transfer RM (Plastic), Buy"
8346,[RM-MBS-GR-00001] สีผสมพลาสติก สีเขียว,"Auto Transfer RM (Plastic), Buy"
8347,[RM-MBS-YL-00001] สีผสมพลาสติก สีเหลือง,"Auto Transfer RM (Plastic), Buy"
8348,[RM-MBS-RE-00001] สีผสมพลาสติก สีแดง ,"Auto Transfer RM (Plastic), Buy"
8349,[RM-MBS-RE-00002] สีผสมพลาสติก สีแดงเข้ม,"Auto Transfer RM (Plastic), Buy"
8767,[00762] หัวน้ำหอม 1893,"Auto Transfer RM (Pharma), Buy"
8632,[990052] อะไหล่ FORM_MC01,Buy
8634,อาคารและส่วนต่อเติมอาคาร,Buy
8633,เครื่องใช้สำนักงาน,Buy
8629,[000805] เงินมัดจำจ่ายล่วงหน้า,Buy
8689,เทปกาว,"Auto Transfer RM (Packaging), Buy"
8701,เฟอร์นิเจอร์,Buy
8761,[00529] เมนทอล,"Auto Transfer RM (Pharma), Buy"
8362,[RM-PLA-HD-00001] เม็ดพลาสติก HDPE 5200B,"Auto Transfer RM (Plastic), Buy"
8363,[RM-PLA-PP-00001] เม็ดพลาสติก HP648N 750KG,"Auto Transfer RM (Plastic), Buy"
8364,[RM-PLA-PP-00002] เม็ดพลาสติก RP348N 750Kg,"Auto Transfer RM (Plastic), Buy"
9028,เม็ตพลาสติก,Buy
8111,[MK-SHR-PS-00001] เสื้อยืดคอกลมแขนสั้น,Buy
8365,[PK-LEA-PS-01001] เอกสารกำกับยา MARK II Israel,"Auto Transfer RM (Packaging), Replenish on Order (MTO), Buy"
8969,แก้วดำ,Buy
8366,[FG-PNF-TH-01003] แก้วแบน 3C ชั้น(1*1),Manufacture (Pharma)
8373,[PK-BLS-PS-01016] แผง 3 ยาดม Mark II,"Auto Transfer RM (Packaging), Buy"
8203,[PK-BLS-PS-01015] แผง 3 ยาดม PS จีน ,"Auto Transfer RM (Packaging), Buy"
8222,[PK-BLS-PS-01014] แผง 3 ยาดม PS สามัญ,"Auto Transfer RM (Packaging), Buy"
8218,[PK-BLS-PS-01002] แผงยาดม PS Key ,"Auto Transfer RM (Packaging), Buy"
8369,[PK-BLS-PS-01006] แผงยาดม Pax2way key ,"Auto Transfer RM (Packaging), Buy"
8374,[PK-BLS-PS-01004] แผงยาดม PePex ,"Auto Transfer RM (Packaging), Buy"
8371,[PK-BLS-PS-01003] แผงยาดม PePex2IN1 พวงกุญแจ,"Auto Transfer RM (Packaging), Buy"
8372,[PK-BLS-PS-01001] แผงเดี่ยวยาดม PS MarkII 3สูตร,"Auto Transfer RM (Packaging), Buy"
8219,[PK-BLS-PS-01013] แผงเดี่ยวยาดม PS MarkII GHANA,"Auto Transfer RM (Packaging), Replenish on Order (MTO), Buy"
8207,[PK-BLS-PS-01011] แผงเดี่ยวยาดม PS จีน,"Auto Transfer RM (Packaging), Buy"
8376,[PK-BLS-PS-01010] แผงเดี่ยวยาดม PS มาเลเซีย,"Auto Transfer RM (Packaging), Buy"
8375,[PK-BLS-PS-01009] แผงเดี่ยวยาดม PS สามัญ,"Auto Transfer RM (Packaging), Buy"
8377,[PK-BLS-PS-01008] แผงเดี่ยวยาดม PS สามัญ พม่า,"Auto Transfer RM (Packaging), Replenish on Order (MTO), Buy"
8378,[PK-BLS-PS-01007] แผงเดี่ยวยาดม PS สามัญ ลาว,"Auto Transfer RM (Packaging), Buy"
8368,[PK-BLS-PS-01012] แผงเดี่ยวยาดม PS เยอรมัน,"Auto Transfer RM (Packaging), Replenish on Order (MTO), Buy"
8765,[00534] แอลกอฮอลล์ 95%,"Auto Transfer RM (Pharma), Buy"
8381,[RM-BOT-AC-01001] โฟมใส่ฝาขวดแก้วแบน 3cc,"Auto Transfer RM (Packaging), Buy"
8088,[PK-BOT-AC-01001] โรลออน-ขวด 5cc,"Auto Transfer RM (Packaging), Buy"
8089,[PK-BOT-AC-01003] โรลออน-จุก 5cc,"Auto Transfer RM (Packaging), Buy"
8090,[PK-BOT-AC-01002] โรลออน-ฝา 5cc,"Auto Transfer RM (Packaging), Buy"
8383,[FG-PSS-HG-01001] ไม้แขวนเสื้อPS (12x1) A,Buy
8384,[FG-PSS-HG-01002] ไม้แขวนเสื้อPS (12x1) B,Buy
8385,[FG-PSS-HG-01003] ไม้แขวนเสื้อPS (12x1) C,Buy
8033,[SM-HAN-PS-00001] ไม้แขวนเสื้อสีเขียว,"Auto Transfer Semi (Pharma), Manufacture (Plastic)"
